Albedo,LST,NDBI,NDVI,NDWI,Year,latitude,longitude
13110.25118110236,38.77163231000003,-0.0464570112526416,0.1692685633897781,-0.1869500428438186,2025.0,24.86020175154467,67.27972744600942
14608.865354330706,38.43153932000001,0.0443196333944797,0.0609933659434318,-0.0997598096728324,2025.0,24.948326480916798,67.01966517125682
16691.66309055118,45.67945073000001,0.0854067876935005,0.0681325495243072,-0.1330026537179947,2025.0,24.989559152457883,67.27379856513423
14807.57598425197,41.788034960000005,0.0241331625729799,0.1229137703776359,-0.1556899398565292,2025.0,24.94751799716109,67.19456715707489
15486.16751968504,41.31976622000002,0.0407261364161968,0.1296226233243942,-0.1798915416002273,2025.0,25.103016372842177,67.11075434106654
14096.169488188976,39.525305720000006,0.0343321748077869,0.1346433311700821,-0.1742392629384994,2025.0,25.007076300498213,67.40019152560986
14354.205905511812,42.62544986,0.0822028443217277,0.0954117104411125,-0.1470661610364914,2025.0,24.944823051308727,66.91914369096385
15939.512007874016,42.71602739000002,0.0294772442430257,0.0290039386600255,-0.0764652118086814,2025.0,24.908441282301887,67.17327708484126
13290.208858267715,37.98036068000002,-0.078495904803276,0.2047055810689926,-0.2125469446182251,2025.0,24.92137702239321,67.09862708473092
13489.011023622046,38.8041035,0.0211274046450853,0.0472002327442169,-0.0773638933897018,2025.0,24.9453620404792,67.01993466584206
14610.07844488189,38.54091596000004,0.0334297493100166,0.0468818806111812,-0.0817887336015701,2025.0,24.946979007990617,67.05362148899654
14294.108464566929,39.44840027000004,0.0408425666391849,0.0420720428228378,-0.0824092775583267,2025.0,24.96341817769,66.99810560443795
15267.170472440945,40.34221250000002,0.0482855550944805,0.0777441933751106,-0.1292655020952224,2025.0,24.996296517088776,67.19214170580777
15750.993307086614,41.02068947000004,0.09954334795475,0.085025854408741,-0.133951187133789,2025.0,25.11514362917779,67.40073051478032
14983.955413385826,41.37616355,0.0015868805348873,0.1798724681138992,-0.2183420956134796,2025.0,24.974736950269907,67.21531824013805
14399.460826771654,41.21722562000002,0.0084659671410918,0.1313261836767196,-0.170542374253273,2025.0,25.134816733900006,67.10024405224235
11234.393897637796,33.789868160000026,-0.0711057558655738,0.1691876053810119,-0.1564842015504837,2025.0,25.05289037998831,66.95983737333447
15568.500196850391,39.03994688,0.0501045547425746,0.1245860531926155,-0.1686211675405502,2025.0,24.84457106560099,67.28619531605509
14492.309251968503,40.47722429000001,0.0422526188194751,0.0493837408721447,-0.085572063922882,2025.0,24.922993989904622,66.96199333001634
16777.83779527559,41.50433930000003,0.0652386024594307,0.0985249727964401,-0.1630546599626541,2025.0,25.01246619220293,67.30101751824306
17381.507086614176,42.21528746000001,0.0766168683767318,0.0889638140797615,-0.1584743857383728,2025.0,25.07741438724477,67.36758268079632
13211.172440944882,40.04655377000003,0.0252465847879648,0.0325600430369377,-0.0660256594419479,2025.0,24.887151210068257,66.98813430478423
14317.5125,39.77653019000002,0.0778135061264038,0.1190390810370445,-0.1615649461746215,2025.0,25.087385686898497,67.44088520798046
14579.833366141733,37.56848926999999,0.0117650153115391,0.1251138895750045,-0.1641680896282196,2025.0,24.85373388149901,67.28376986478796
15352.323031496064,41.377872560000014,0.0770217329263687,0.0622479878365993,-0.1163583695888519,2025.0,24.86909507285745,66.90432148877588
13584.998228346458,41.80512506000002,0.0517831444740295,0.0650250613689422,-0.1051377728581428,2025.0,24.98659471202029,66.94043376319748
15175.349606299213,41.72992862000001,0.0352343507111072,0.0378942005336284,-0.0787234008312225,2025.0,24.963957166860475,67.08542185005437
15104.587795275587,39.10830728000002,-0.0347135551273822,0.1835500448942184,-0.2106557190418243,2025.0,24.98686420660552,67.11641372735649
12524.367322834643,39.36124075999999,0.0301763992756605,0.0407483130693435,-0.0673245266079902,2025.0,24.92865337619458,67.08811679590673
14691.35846456693,42.09223874000003,0.0289949737489223,0.1262399107217788,-0.1632401496171951,2025.0,24.92137702239321,66.95606444914115
16829.96230314961,41.85981338000005,0.0785849168896675,0.0976887792348861,-0.1606778502464294,2025.0,25.059358250033966,67.27541553264565
13675.42933070866,40.00724653999998,0.0004232932114973664,0.0964256599545478,-0.1232016384601593,2025.0,24.99414056040689,66.96334080294253
15728.065649606298,40.21574576,0.0165297221392393,0.1419446170330047,-0.1938050091266632,2025.0,24.919760054881795,67.26409676006574
14337.662106299213,41.473577120000016,0.0780409127473831,0.0891022533178329,-0.1386303007602691,2025.0,24.94212810545637,66.90405199419064
15324.395374015749,41.42743385000003,0.0705858543515205,0.070117600262165,-0.1243814378976821,2025.0,24.97662341236656,66.95175253577739
14700.560236220474,39.95768525000005,0.0640422254800796,0.0842342004179954,-0.1297772973775863,2025.0,25.10220788908647,67.01804820374541
16819.210826771654,41.33856533000002,0.0620193518698215,0.0591158494353294,-0.113378457725048,2025.0,25.07876186017095,67.04149423266092
13892.883070866144,35.66977916000002,0.0152981402352452,0.1443976610898971,-0.1772404313087463,2025.0,25.073371968466237,66.9000095754121
12003.325,28.840575200000018,-0.224598079919815,0.310203492641449,-0.2914678752422333,2025.0,24.817082617906934,66.94824910616931
15563.36437007874,43.07662850000003,0.0513909123837947,0.0946611240506172,-0.1492394804954528,2025.0,24.889846155920612,67.38321336674
15127.848622047244,39.82950950000003,0.0387799553573131,0.0588608607649803,-0.0972654446959495,2025.0,24.91086673356901,67.28296138103225
15775.341732283465,41.14544720000004,0.0865798816084861,0.0870841518044471,-0.1475517749786377,2025.0,25.017317094737173,67.44708358344089
12898.748228346456,38.41444922000005,-0.0563276782631874,0.2248867303133011,-0.2345275729894638,2025.0,24.82112503668547,67.3516825002674
15379.201968503936,41.02752551000003,0.0579566285014152,0.1243263036012649,-0.1739430576562881,2025.0,25.11325716708114,67.15522094763045
14125.56811023622,40.889095699999984,0.0318354740738868,0.1176372691988945,-0.1636294871568679,2025.0,24.841067635992925,67.42552401662202
15023.749212598424,39.51846968000001,0.0152022819966077,0.1377931386232376,-0.17325060069561,2025.0,24.98578622826458,67.23121842066696
14569.296456692911,39.019438760000014,0.0465966202318668,0.0653578341007232,-0.1087303012609481,2025.0,25.050464928721183,67.09943556848664
14675.537598425197,39.64493642000002,0.0693244412541389,0.0929356291890144,-0.1491133123636245,2025.0,24.974736950269907,66.92049116389002
14886.612401574805,41.024107490000006,0.0571369603276252,0.0658238902688026,-0.1198731884360313,2025.0,25.039415650726514,67.28835127273697
12418.356496062992,42.89376443,0.0092420410364866,0.0305159576237201,-0.0549559630453586,2025.0,24.803068899474667,67.11668322194173
16822.30334645669,41.244569780000006,0.0590793937444686,0.0943832546472549,-0.1522751450538635,2025.0,25.00653731132774,67.19995704877961
14802.161614173228,41.29242206000004,0.0965569466352462,0.0691372752189636,-0.1201652660965919,2025.0,25.0054593329868,66.93396589315182
13941.62125984252,39.42276512000001,0.0787420198321342,0.0973488688468933,-0.1433112919330597,2025.0,24.94617052423491,66.86605325767238
14139.23248031496,41.037779570000026,0.0264233294874429,0.1298765242099762,-0.1665848791599273,2025.0,24.88364778046019,66.91078935882153
13542.34468503937,41.03948858000001,0.0323564186692237,0.0559610687196254,-0.0949480757117271,2025.0,24.841876119748637,67.26840867342952
10868.298917322834,32.817441470000034,-0.0172666627913713,0.0074379877187311,-0.0055230888538062,2025.0,24.82759290673113,67.00107004487555
14037.52283464567,39.59708414000005,0.0517735630273819,0.1388101577758789,-0.1887101680040359,2025.0,24.87637142665882,67.41851715740589
15494.519881889762,42.55708946000004,0.0576239600777626,0.1037558689713478,-0.1545245051383972,2025.0,24.975006444855143,67.20265199463196
15351.66309055118,39.14419649000001,0.0361237116158008,0.0686504021286964,-0.1051324307918548,2025.0,24.87906637251118,67.17381607401173
13961.75118110236,38.14100761999998,-0.0189596805721521,0.1350166946649551,-0.1543182432651519,2025.0,24.89092413426156,67.08299639878724
14186.169488188976,39.34756868,0.0359658375382423,0.0434954278171062,-0.0798388719558715,2025.0,24.945901029649672,67.00619044199503
14516.50216535433,37.43347748000002,0.0342627093195915,0.0553555227816104,-0.0986773893237114,2025.0,24.790402653968584,67.42821896247438
15214.594685039368,40.92840293,0.0065367403440177,0.0410340540111064,-0.0732049569487571,2025.0,24.91086673356901,66.99729712068225
14973.102559055116,42.88521938000002,0.0887612253427505,0.0973826050758361,-0.150826096534729,2025.0,24.96934705856519,66.85230903382535
15415.420964566929,38.94936935000004,0.0108847944065928,0.1575105190277099,-0.1905720829963684,2025.0,24.85454236525472,67.37054712123391
13258.473129921258,40.79851817000002,0.0249549504369497,0.063256487250328,-0.0924282595515251,2025.0,25.03160030775468,67.3088328612149
13577.291535433067,38.56484210000002,-0.0959264934062957,0.2488773316144943,-0.2591543793678283,2025.0,24.961531715593352,67.25951535211674
15037.895374015749,39.83805455000004,0.0347869843244552,0.1446940451860427,-0.1964601576328277,2025.0,24.928114387024102,67.33847726559084
15069.544488188976,41.26849592000002,0.0591580457985401,0.1087284833192825,-0.1638935804367065,2025.0,25.060166733789675,67.22906246398509
13642.68966535433,37.63684967,-0.0552385598421096,0.2350055575370788,-0.2383191734552383,2025.0,25.083612762705197,66.9202216693048
16035.748228346456,41.13519314000001,0.0478285066783428,0.1124649122357368,-0.1604338586330413,2025.0,25.13912864726378,67.15575993680093
14172.69409448819,37.51892798000006,-0.075032040476799,0.2272294610738754,-0.2426419407129287,2025.0,25.03833767238557,67.0045734744836
13903.18868110236,38.77846835,0.0008737061871215701,0.104885347187519,-0.131997138261795,2025.0,24.871520524124577,67.00807690409168
15367.703937007873,41.65473218,0.0719443559646606,0.0883374363183975,-0.1504029184579849,2025.0,25.100051932404583,67.36704369162584
13968.977066929136,34.31795225000002,-0.0469238199293613,0.2293376624584198,-0.2419832348823547,2025.0,25.03025283482849,66.92049116389002
16082.436712598426,41.62567901,0.0591261610388755,0.1252088397741317,-0.1798857450485229,2025.0,24.8987394772334,67.27029513552617
13832.62470472441,38.27431040000005,0.021190857514739,0.0652528628706932,-0.0924458727240562,2025.0,24.89846998264816,67.01777870916017
14114.152755905512,35.676615200000015,0.1273613274097442,0.1235361844301223,-0.1552454233169555,2025.0,25.135086228485243,66.88842130824696
14184.7718503937,37.30701074000001,0.0228820871561765,0.1580948382616043,-0.1957148760557174,2025.0,25.076605903489064,66.89569766204832
16355.4312992126,41.49237623000005,0.0583993047475814,0.1165012344717979,-0.1723850071430206,2025.0,25.11271817791067,67.11479675984508
14871.67687007874,39.47745344000003,0.0829924866557121,0.0957958400249481,-0.1439132392406463,2025.0,25.12026402629727,66.88383990029794
12462.47214566929,38.09144633000005,0.0155120408162474,0.1034869626164436,-0.1366642415523529,2025.0,24.820047058344528,67.24927455787777
14959.376673228346,40.99505432000004,0.0704990029335022,0.1096516624093055,-0.1646478176116943,2025.0,25.082534784364253,67.387794774689
15862.625196850391,40.21403675000002,0.0785280615091323,0.1072387173771858,-0.1715086251497268,2025.0,25.13454723931477,67.2029214892172
16707.906692913388,39.983320400000025,0.0580387599766254,0.0850871503353118,-0.1457605361938476,2025.0,24.90574633644953,66.85608195801865
17338.038582677167,42.160599140000045,0.0702002197504043,0.0937319993972778,-0.1567833721637725,2025.0,25.091697600262272,67.34359766271032
13661.909153543307,41.75727278000002,0.0541272833943367,0.0720632448792457,-0.1046136021614074,2025.0,24.80226041571896,67.34521463022173
16898.76840551181,40.75237490000004,0.0810142830014228,0.0625773444771766,-0.1094941869378089,2025.0,25.14909994691751,66.93477437690753
15015.257086614174,40.22599982000003,-0.0184397902339696,0.1976604610681533,-0.2322944402694702,2025.0,24.92272449531939,67.29805307780546
14078.547440944882,39.69107969000001,0.0037950323894619,0.0887118652462959,-0.1140773221850395,2025.0,24.84807449520905,67.0045734744836
15563.143897637796,42.32124608000004,0.0744304805994033,0.0750863775610923,-0.1327618062496185,2025.0,25.104902834938827,67.08596083922484
14877.355511811022,35.71763143999999,-0.0040820711292326,0.213663250207901,-0.2312438338994979,2025.0,25.05908875544873,66.94312870904984
15570.89438976378,41.39325365000002,0.058587696403265,0.1149132028222084,-0.1780200153589248,2025.0,25.019473051419062,67.41582221155353
15846.57598425197,41.35223741000004,0.0803790763020515,0.0634414479136467,-0.1132738143205642,2025.0,25.031061318584204,66.98031896181239
14473.208858267715,40.78997312000001,0.0723880752921104,0.061909694224596,-0.1032648161053657,2025.0,25.10274687825694,66.93827780651559
16886.722637795276,41.555609600000025,0.075454331934452,0.0824263170361518,-0.1504251956939697,2025.0,25.06178370130109,67.34548412480697
15016.10059055118,39.32706056000001,0.0497184135019779,0.0675916373729705,-0.1082671284675598,2025.0,24.82974886341302,67.15764639889758
14804.56318897638,40.583182910000005,0.094754122197628,0.1159064844250679,-0.1652267873287201,2025.0,25.003572870890142,66.88545686780937
15658.135039370078,40.75921094,0.0338693298399448,0.1076060459017753,-0.1638861000537872,2025.0,25.0235154701976,67.29751408863498
15555.864370078742,41.51459336000005,0.078259602189064,0.103125587105751,-0.1563547104597091,2025.0,25.04399705867552,67.19456715707489
14939.351082677167,39.86539871000002,0.032919842749834,0.0488209314644336,-0.0835127234458923,2025.0,24.944823051308727,67.09889657931616
13363.817125984251,37.771861460000025,-0.0176492743194103,0.1722522526979446,-0.1960768401622772,2025.0,24.989559152457883,66.97843249971574
10949.137007874016,32.152636580000035,-0.1344690918922424,0.2299173921346664,-0.2190847098827362,2025.0,24.803338394059903,67.30047852907258
13812.378149606298,37.67615690000002,-0.0059397537261247,0.1837063431739807,-0.2066829055547714,2025.0,25.00276438713444,67.01346679579639
15600.852559055118,40.20207368000001,0.054777193814516,0.1294375509023666,-0.1848822683095932,2025.0,25.146674495650384,67.23175740983744
15737.2250984252,40.74895688000001,0.0519291907548904,0.1394072026014328,-0.1867076009511947,2025.0,25.09762648113746,67.03637383554144
15434.932283464568,42.341754200000025,0.0534222424030303,0.097954124212265,-0.1461822837591171,2025.0,24.86289669739703,67.32581102008476
9665.857972440946,31.094759390000007,-0.0237418506294488,0.0661138072609901,-0.0747589170932769,2025.0,24.807919802008914,67.30155650741352
15396.44311023622,38.30849060000003,0.0210031270980834,0.1172248795628547,-0.1676134616136551,2025.0,25.029713845658023,67.13042744578875
14144.8624015748,36.21666235999999,-0.0557417161762714,0.2149273455142974,-0.2309495061635971,2025.0,24.86154922447085,67.17166011732985
11430.143897637796,31.39041812000005,-0.1802580207586288,0.2435635477304458,-0.2195804268121719,2025.0,24.74162413404089,67.42498502745156
16698.580413385826,41.11981205000001,0.0510174930095672,0.0775951221585273,-0.1369172632694244,2025.0,25.04372756409029,67.32904495510758
15013.813188976375,39.48428948000003,0.0726393535733223,0.1012462526559829,-0.1513012498617172,2025.0,24.876101932073585,66.85500397967772
14454.90374015748,39.11172529999999,0.0422692559659481,0.0469534546136856,-0.086219698190689,2025.0,24.93377377331406,66.99702762609701
16134.189665354332,41.42059781000003,0.0786249041557312,0.0847486928105354,-0.1426637768745422,2025.0,25.13912864726378,67.31610921501627
14050.413582677164,39.61759226000004,-0.0044161505065858,0.0936517938971519,-0.125257521867752,2025.0,24.94293658921208,67.18001444947215
14994.497736220474,37.63855868000002,0.065879687666893,0.0818604603409767,-0.139084130525589,2025.0,24.970964026076608,67.32230759047668
11614.889960629922,30.829862840000036,-0.1978288441896438,0.2720657289028168,-0.2502248585224151,2025.0,24.758332798325515,67.42390704911061
16406.03070866142,41.77436288000001,0.0692394971847534,0.0843228697776794,-0.1404152810573578,2025.0,25.07741438724477,67.43226138125291
10038.084842519684,41.270204930000034,0.0771782472729682,0.032030139118433,-0.0349432118237018,2025.0,24.81142323161698,67.2886207673222
14483.990354330708,40.44133508000005,0.0411733612418174,0.0456472933292388,-0.0820339918136596,2025.0,24.85454236525472,67.135278348323
14763.38996062992,39.35782274000002,0.0285054128617048,0.0695862174034118,-0.1038148999214172,2025.0,24.979587852804155,67.02882798715484
14504.243307086614,39.02627480000001,0.0315596684813499,0.0360948368906974,-0.0663671195507049,2025.0,24.86235770822656,67.025594052132
14455.96377952756,38.886135980000034,0.0381864979863166,0.0482953116297721,-0.0870470032095909,2025.0,24.95910626432623,66.99217672356276
15799.62125984252,41.30096710999999,0.0663460418581962,0.0609516724944114,-0.1197934970259666,2025.0,25.069060055102454,67.07410307747446
15211.801377952756,40.74895688000004,0.0244759898632764,0.0915484577417373,-0.1307679861783981,2025.0,25.002225397963965,67.10320849267994
14916.742322834643,39.03994688,0.0399667806923389,0.0583475306630134,-0.0906267911195755,2025.0,24.821933520441178,67.10940686814035
11291.422440944883,35.35019429000002,-0.0754082351922988,0.1050002127885818,-0.1092860773205757,2025.0,24.766417635882597,67.39776607434273
15919.69311023622,40.26530705000002,0.0945236906409263,0.0825029760599136,-0.1355066150426864,2025.0,25.083073773534725,66.88896029741743
12783.599606299213,38.86562786000002,-0.0007683827425353229,0.0701895654201507,-0.0933971405029296,2025.0,24.85993225695944,67.01211932287022
14427.815157480314,40.95403808000003,0.0467098914086818,0.0902798026800155,-0.1367251127958297,2025.0,25.019473051419062,67.07922347459395
15433.964763779528,41.63764208000004,0.0380334816873073,0.0964252427220344,-0.1330792754888534,2025.0,24.79983496445184,67.11452726525984
8914.248228346456,29.209721360000003,-0.0487749278545379,-0.0240721106529235,0.0525883734226226,2025.0,24.740815650285185,67.44681408885565
15315.848622047244,40.74553886000001,0.025391025468707,0.136657178401947,-0.1782639622688293,2025.0,25.04911745579501,67.25574242792344
14963.71624015748,40.38322874000005,0.0554919615387916,0.050027459859848,-0.0907977744936943,2025.0,24.97985734738939,67.07598953957111
15476.427362204724,39.870525740000005,0.069921113550663,0.0796896815299987,-0.1372997015714645,2025.0,25.00518983840156,66.97492907010766
15296.349114173228,41.736764660000006,0.0324469171464443,0.1608272045850753,-0.2024321556091308,2025.0,25.097895975722697,67.26706120050333
15923.249212598424,40.40544587000002,0.0527607388794422,0.1403968781232834,-0.2023718059062957,2025.0,25.05235139081784,67.37782347503527
13557.148326771652,38.674218740000015,0.0400701463222503,0.041478618979454,-0.0757462233304977,2025.0,24.90709380937571,67.05389098358178
12080.06122047244,31.988571620000016,-0.2071905136108398,0.2915980219841003,-0.2644190192222595,2025.0,24.755098863302685,67.26436625465098
14441.001673228347,42.34688123000004,0.0311281066387891,0.1185487583279609,-0.1618774235248565,2025.0,25.13993713101949,66.95310000870356
15056.422933070866,38.81777557999999,0.0185576900839805,0.0928551107645034,-0.1247492954134941,2025.0,24.95695030764434,67.21693520764947
16247.844192913388,41.17791839,0.0801816061139106,0.0945808142423629,-0.1555040925741195,2025.0,25.03645121028892,67.35033502734122
16297.554822834649,41.95551793999999,0.0829131826758384,0.077512726187706,-0.1376425772905349,2025.0,25.0377986832151,67.1953756408306
13779.54153543307,38.08290127999999,-0.0132283987477421,0.1324259787797927,-0.1450805962085724,2025.0,24.80522485615656,67.04418917851328
17068.35354330709,41.96919002000004,0.0831812247633934,0.0663348510861396,-0.1349327117204666,2025.0,25.036181715703684,67.27703250015706
15141.702952755904,41.39496266000003,0.042192593216896,0.11652322858572,-0.163724273443222,2025.0,25.13993713101949,66.95202203036263
15510.169488188976,41.408634740000025,0.0668266266584396,0.0881607308983802,-0.1373964846134185,2025.0,24.90305139059717,67.35276047860835
15035.18277559055,39.69449771000001,0.0198658518493175,0.1288997232913971,-0.1715347617864608,2025.0,24.94266709462684,67.25762889002009
15574.757086614172,41.54877356000003,0.0954705625772476,0.0796858146786689,-0.1324429214000702,2025.0,25.11703009127444,67.06062834821267
15395.744291338582,41.38470860000001,0.0725616067647934,0.1337106823921203,-0.190285250544548,2025.0,25.09627900821128,67.36030632699494
14307.186220472442,39.41592908000001,0.0104724392294883,0.0904927402734756,-0.125179722905159,2025.0,24.84133713057816,67.03610434095621
15988.99527559055,41.69233040000006,0.0687493830919265,0.0816692486405372,-0.1398738026618957,2025.0,25.050195434135947,67.36866065913725
17338.1625984252,42.41695063999998,0.0873499512672424,0.0879212543368339,-0.1562398374080658,2025.0,25.079300849341426,67.2630187817248
14500.549901574805,37.94618048000004,-0.0229330752044916,0.2030427455902099,-0.2283108383417129,2025.0,25.04911745579501,66.9293844852028
16192.940649606302,41.00018134999999,0.0752704590559005,0.1028901040554046,-0.1448377221822738,2025.0,25.14478803355373,67.02532455754677
15099.577952755904,40.048262780000016,0.0938668921589851,0.1066104471683502,-0.1565124988555908,2025.0,25.07741438724477,66.85150055006964
12984.348622047244,40.88909570000004,-0.0298970937728881,0.184715986251831,-0.1951679587364196,2025.0,24.8243589717083,67.29428015361216
13761.74527559055,41.83759625000002,0.0901237577199935,0.1262602657079696,-0.1782875061035156,2025.0,24.92865337619458,66.8752160735704
15525.28218503937,41.20697156,0.0745624601840972,0.0915945842862129,-0.1533294320106506,2025.0,25.08981113816562,67.30721589370349
16009.621259842515,41.2138076,0.0687677711248397,0.1058032661676406,-0.1631251275539398,2025.0,25.090619621921327,67.18001444947215
15597.957381889762,40.62761717000001,0.0644222423434257,0.1197213307023048,-0.1789747774600982,2025.0,25.06959904427293,67.06467076699121
14811.662106299213,39.47916245000005,0.0270264036953449,0.0555270127952098,-0.0913870930671691,2025.0,24.96018424266717,67.07248610996305
14001.150787401572,34.48714424000002,-0.1792721301317215,0.3482166230678558,-0.3360486328601837,2025.0,25.055585325840667,66.89300271619597
14870.845669291337,40.595145979999984,0.068370409309864,0.0761143714189529,-0.1246686205267906,2025.0,24.985516733679344,66.89354170536645
15911.761023622048,42.980923940000025,0.085682488977909,0.0777999907732009,-0.1392997503280639,2025.0,25.048578466624534,67.05119603772941
14509.852559055118,40.23283586000002,0.0088584767654538,0.0931810736656189,-0.1274240911006927,2025.0,24.860471246129904,67.14902257217003
16364.239370078742,40.29094220000002,0.0606666952371597,0.1000293865799903,-0.1532241106033325,2025.0,25.083073773534725,67.17543304152315
15168.65127952756,38.87417291000003,0.0283554475754499,0.0531354658305645,-0.0891833305358886,2025.0,24.980126841974627,67.054160478167
14353.136023622046,41.029234520000045,0.0360715575516223,0.0517281107604503,-0.0884380266070365,2025.0,24.95695030764434,66.94474567656125
13770.269881889762,38.445211400000005,-0.0068283341825008,0.1394951939582824,-0.1702902466058731,2025.0,24.90655482020524,67.31691769877197
9336.551377952756,30.076189430000028,-0.0283875223249197,0.0192124713212251,-0.0156935919076204,2025.0,24.85696781652184,66.9541779870445
13994.420472440945,38.56484210000002,0.0363785400986671,0.0484515503048896,-0.0786164551973342,2025.0,24.87744940499977,66.99568015317082
16258.817125984251,40.49602340000001,0.0811043828725814,0.1005636826157569,-0.1548373848199844,2025.0,25.022706986441893,66.91375379925913
14462.558267716531,40.6669244,0.0363702550530433,0.0468047894537448,-0.0820250734686851,2025.0,24.958836769740994,67.09323719302621
14175.77874015748,36.89684834000002,0.0343004465103149,0.0577335283160209,-0.0981140732765197,2025.0,24.964496156030947,66.93100145271423
14721.865354330708,39.89103385999999,0.0226178746670484,0.0562041811645031,-0.0884544104337692,2025.0,24.845649043941933,67.18297888990975
14629.036614173228,37.94276246000004,0.0115804681554436,0.137579470872879,-0.1762138605117797,2025.0,24.952368899695333,67.24442365534352
14366.384055118113,38.53749793999998,0.031065247952938,0.1062433719635009,-0.1498870998620987,2025.0,24.860471246129904,67.29859206697593
15763.2,41.72480159,0.0599354207515716,0.0995386093854904,-0.1576153039932251,2025.0,25.08496023563137,67.3012870128283
11200.367322834643,31.10672246000001,-0.1785463392734527,0.2504045367240906,-0.2267557978630066,2025.0,24.74512756364896,67.44950903470802
16012.303838582677,39.81925544000004,0.0407582931220531,0.0897658765316009,-0.136491909623146,2025.0,25.023784964782838,67.42309856535489
16404.0907480315,42.017042300000014,0.0842528045177459,0.1102233082056045,-0.1732199192047119,2025.0,25.10894525371737,67.23499134486028
14334.04842519685,39.25186412000005,0.0400495454668998,0.0434119291603565,-0.0784116983413696,2025.0,24.91356167942137,67.0239770846206
14439.971653543307,40.78997312000001,0.0578739196062088,0.1032013595104217,-0.1494187116622924,2025.0,24.88957666133538,66.96414928669823
13846.65374015748,38.96133242000002,0.0280964262783527,0.0742144510149955,-0.1100331917405128,2025.0,24.99225409831024,66.99729712068225
15209.447047244095,41.403507710000014,0.0425342172384262,0.1135454624891281,-0.1610062271356582,2025.0,25.101668899916,67.0239770846206
16136.767421259843,41.300967110000016,0.0822043940424919,0.0951580256223678,-0.1481805741786956,2025.0,25.02162900810095,66.8992010916564
13943.731496062992,39.81583742000001,0.0027169920504093,0.1624998599290847,-0.1866106688976287,2025.0,25.03725969404463,66.98328340224998
14143.305314960631,39.624428300000034,-0.0183149240911006,0.196711927652359,-0.2305286973714828,2025.0,24.96422666144571,67.3096413449706
16375.515944881892,43.82859289999999,0.0718726590275764,0.0693028941750526,-0.1292822510004043,2025.0,24.893619080113915,67.38725578551853
14127.992322834643,39.06045499999999,0.099106341600418,0.1291573941707611,-0.1921128332614898,2025.0,25.12295897214963,66.8533870121663
15295.5375984252,38.93057024000001,0.0302326828241348,0.1279040575027465,-0.1783387362957,2025.0,24.98902016328741,67.33281787930089
16161.045472440946,37.60950551000002,0.0266713201999664,0.1389007568359375,-0.1775321662425995,2025.0,25.07202449554005,66.99109874522182
12203.122736220472,40.77459203000004,0.0354179628193378,0.0384318642318248,-0.0722006484866142,2025.0,24.88041384543736,66.89111625409932
15350.869291338584,37.92225434,0.0047685834579169,0.1793835014104843,-0.216152936220169,2025.0,25.11622160751873,67.18729080327353
14222.322539370078,39.844890590000006,0.0575346238911151,0.0829200968146324,-0.1336211115121841,2025.0,24.84511005477146,67.39695759058702
15173.744291338582,43.25778356000001,0.0667926296591758,0.0527949333190918,-0.1028347238898277,2025.0,25.02836637273185,67.04823159729182
15180.384055118107,41.71283851999999,0.0297369956970214,0.0864704251289367,-0.1260561197996139,2025.0,24.96126222100812,67.02963647091055
14634.863385826771,35.53647638000001,-0.1610488891601562,0.3324143290519714,-0.3142542541027069,2025.0,24.86478315949368,67.17031264440367
14793.735433070866,40.74553886000001,0.0472953282296657,0.1184693202376365,-0.163836270570755,2025.0,25.05531583125543,67.18297888990975
17040.38405511811,43.81833884000002,0.0738475248217582,0.0992667004466056,-0.153474360704422,2025.0,25.10274687825694,67.12503755408405
12393.934744094488,37.542854120000015,-0.0672885179519653,0.1101465746760368,-0.1243123784661293,2025.0,24.81330969371363,67.26140181421339
16342.086811023626,40.58147389999999,0.0870270878076553,0.1084721311926841,-0.1726902723312378,2025.0,25.089541643580382,67.16842618230702
13949.474606299213,35.93638471999998,0.043069515377283,0.0667691975831985,-0.1055792048573494,2025.0,25.05747178793732,66.86740073059856
16462.716240157482,42.528036290000045,0.0649328008294105,0.1066817939281463,-0.1732970178127288,2025.0,25.013544170543877,67.35976733782447
8807.908661417323,28.009996340000043,-0.0315827466547489,-0.0479585975408554,0.0687711387872695,2025.0,24.770729549246365,67.39884405268367
15230.00561023622,42.68868322999998,0.0830509886145591,0.0922733396291732,-0.1494522988796234,2025.0,24.91625662527373,66.85365650675153
14498.827952755906,41.91108368000005,0.0745668783783912,0.0841530784964561,-0.1312375664710998,2025.0,24.962070704763825,66.89677564038927
11723.014960629922,31.229771180000057,-0.2085129916667938,0.3022597730159759,-0.27266925573349,2025.0,24.794175578161884,67.08946426883291
15770.001181102363,39.96623030000001,0.0566698387265205,0.1168103739619255,-0.1747923344373703,2025.0,24.97258099358802,67.33308737388612
13964.146358267715,42.821986010000046,0.0548463054001331,0.1221938952803611,-0.1645945161581039,2025.0,24.841876119748637,67.27245109220806
14203.049901574805,40.28239715000004,0.0046318429522216,0.1446762979030609,-0.1777829676866531,2025.0,24.894158069284387,67.15037004509621
16421.835826771654,41.58295376000001,0.0471891686320304,0.1180875077843666,-0.1722832322120666,2025.0,25.05747178793732,67.28269188644701
12766.474606299213,39.32022452000001,-0.0164698269218206,0.0938353389501571,-0.1109056621789932,2025.0,24.81465716663981,67.02882798715484
8489.428346456692,30.08131646000004,-0.0282693486660718,-0.0061347712762653,0.0226003006100654,2025.0,24.780431354314857,67.32122961213574
15110.05531496063,39.80900138000004,0.1041898801922798,0.0729565322399139,-0.1219189539551734,2025.0,25.12996583136576,67.44034621880999
15358.275787401572,40.91814887000001,0.0624395608901977,0.1283714920282364,-0.1801227480173111,2025.0,25.076336408903828,66.99783610985271
13665.58779527559,39.279208280000006,-0.052820261567831,0.2225247621536255,-0.2350910753011703,2025.0,25.13266077721812,66.91995217471955
14640.701476377952,38.71865300000002,0.0335305817425251,0.0733276903629303,-0.1112089231610298,2025.0,25.011118719276748,67.16977365523319
14331.276771653544,41.08734086000004,0.0734515190124511,0.1132457703351974,-0.1593579053878784,2025.0,24.93242630038788,66.8992010916564
15177.10059055118,38.31874466000005,0.0303414613008499,0.052168671041727,-0.0893267169594764,2025.0,24.884995253386368,67.0323314167629
15605.37125984252,41.36078246,0.0600042156875133,0.1006596088409423,-0.1542000472545623,2025.0,25.04803947745406,67.41097130901929
15355.700492125983,39.43985522000003,0.0438107810914516,0.088849626481533,-0.1309646517038345,2025.0,24.833252293021083,67.15953286099423
8710.471653543307,26.43770714000001,-0.0320613570511341,-0.024653511121869,0.054840188473463,2025.0,24.735156263995236,67.35087401651168
15151.05531496063,41.58295376000001,0.0383210107684135,0.0866107642650604,-0.1351610422134399,2025.0,25.021898502686184,67.11452726525984
14571.00561023622,39.76627613000002,0.0117924287915229,0.1029087677597999,-0.1350659728050232,2025.0,24.9273059032684,67.10886787896989
15637.221653543307,41.76923585,0.0563472621142864,0.0863124206662178,-0.133974477648735,2025.0,25.066634603835336,67.11668322194173
14285.427362204722,36.91052042000001,-0.1131208837032318,0.300489991903305,-0.2952659130096435,2025.0,25.11190969415496,66.98543935893187
15944.286122047244,43.33981604000002,0.0594707541167736,0.1306006014347076,-0.1901522576808929,2025.0,25.06825157134675,67.37701499127957
12290.250196850397,30.46755272000001,-0.234848752617836,0.3237305283546448,-0.3052184879779815,2025.0,24.86074074071514,66.87764152483753
15776.141929133855,41.60687990000002,0.0610169507563114,0.0641053989529609,-0.1113188713788986,2025.0,24.82220301502641,67.08676932298054
15576.61633858268,38.86562786000002,0.0166684761643409,0.0810694694519043,-0.1129439994692802,2025.0,24.919221065711323,67.12746300535116
14845.698031496062,39.279208280000034,0.0270648915320634,0.0641059055924415,-0.0998415201902389,2025.0,25.024323953953303,67.07113863703687
14390.31909448819,39.97648436000003,0.010293842293322,0.1385884881019592,-0.1757563799619674,2025.0,24.89469705845486,67.13581733749348
15956.260039370078,42.17598023000002,0.0868748351931572,0.0775946527719497,-0.1341492533683776,2025.0,24.971772509832316,66.88383990029794
14359.78218503937,39.38174888,0.081182986497879,0.1089033186435699,-0.1573813557624817,2025.0,24.90305139059717,66.91267582091818
13254.445078740158,38.63491151000002,-0.0154978884384036,0.1867530643939972,-0.2069424837827682,2025.0,24.83621673345868,67.32176860130622
16838.060728346456,40.155930410000025,0.0653258115053176,0.0735836923122406,-0.1362808793783188,2025.0,24.960453737252408,67.3298534388633
14888.43031496063,38.29481852000004,-0.0086970925331115,0.0943396240472793,-0.1256296336650848,2025.0,24.871790018709813,67.08434387171343
14331.625688976375,40.49602340000001,0.0498810373246669,0.075407437980175,-0.1177350953221321,2025.0,24.963957166860475,67.02963647091055
14871.122736220472,38.81093953999999,-0.0226064622402191,0.1783843785524368,-0.2070819288492202,2025.0,24.90520734727906,67.28457834854366
14821.293503937008,39.78336623000004,0.022812433540821,0.1467471569776535,-0.1847685277462005,2025.0,25.12430644507581,66.9743900809372
19419.32204724409,39.43985522000003,0.0765585973858833,0.0796295404434204,-0.1377878189086914,2025.0,25.11729958585968,66.90782491838394
15780.916043307088,43.59787655000002,0.0878379344940185,0.0637042522430419,-0.1222780868411064,2025.0,25.096817997381752,67.40261697687697
13947.788582677167,37.06262231000002,-0.0661084800958633,0.2438753694295883,-0.2425122112035751,2025.0,24.83163532550967,67.18405686825069
13554.882578740158,34.42561988000003,0.0517939180135726,0.0644153282046318,-0.1011974290013313,2025.0,24.95614182388864,66.97115614591436
15677.388976377952,41.900829620000025,0.0435106977820396,0.0754004567861557,-0.1220796331763267,2025.0,24.951560415939625,67.16249730143183
13926.598622047244,38.02821296000002,0.0989063084125518,0.1039086133241653,-0.1483915299177169,2025.0,25.121880993808688,66.86308881723478
16202.900787401572,40.644707270000026,0.0565403215587139,0.0941643565893173,-0.1522583961486816,2025.0,24.931348322046937,67.25574242792344
13687.425393700789,38.94424232000003,0.0074164737015962,0.0885407999157905,-0.1171897873282432,2025.0,24.989559152457883,67.05200452148512
12251.857972440945,37.70521007000002,0.0526493899524211,0.0848729982972145,-0.1237092465162277,2025.0,25.1092147483026,67.05658592943414
13512.79251968504,37.37195312000006,0.0168220233172178,0.1595572233200073,-0.1883658468723297,2025.0,24.822742004196886,67.3449451356365
13180.812204724409,41.029234520000045,0.0188391376286745,0.0579195395112037,-0.0840265303850174,2025.0,24.871790018709813,67.04391968392805
14512.425393700789,39.00576668000002,0.0263369400054216,0.0700671896338462,-0.1005013138055801,2025.0,24.877718899585,67.06655722908786
14006.490354330708,39.76969415000002,0.0122959036380052,0.0626759380102157,-0.0863704681396484,2025.0,24.818699585418347,67.18944675995542
12273.632086614172,41.68549436000001,-0.0289896056056022,0.1148218810558319,-0.1354894042015075,2025.0,24.96692160729807,67.02451607379106
14233.8092519685,39.27579026000001,0.00042280915658921,0.1786642372608184,-0.2033094614744186,2025.0,25.070138033443403,66.88141444903083
16224.977559055118,41.620551980000016,0.0763964354991912,0.0739113315939903,-0.1320923268795013,2025.0,25.09008063275085,67.363809756603
17029.906692913388,40.08927902000005,0.0598207078874111,0.0635662376880645,-0.1150896549224853,2025.0,24.95263839428057,67.17300759025602
16515.125196850393,40.97454620000002,0.0613914728164672,0.1034585833549499,-0.1515832096338272,2025.0,25.078492365585717,67.16330578518753
15564.117814960628,42.75020759,0.0506503693759441,0.1125654131174087,-0.163965955376625,2025.0,24.98686420660552,67.14174621836867
14851.474114173228,38.24183921000002,0.0105850184336304,0.0851898193359375,-0.1179651096463203,2025.0,24.80926727493509,67.03906878139381
12841.058267716537,39.53214176000003,0.0004412960552144796,0.0816287323832511,-0.1010322421789169,2025.0,24.926766914097925,67.08434387171343
14676.183267716537,40.05851684000004,0.0623768866062164,0.1299345195293426,-0.1853854805231094,2025.0,24.985516733679344,67.34575361939221
16025.547933070868,39.03652886000003,0.0630381256341934,0.059423204511404,-0.1056986004114151,2025.0,24.799565469866604,67.0999745576571
16340.479527559057,40.08586100000002,0.0668241307139396,0.0756440311670303,-0.1291050016880035,2025.0,25.029444351072787,67.16438376352848
13651.822047244095,41.14544720000004,0.0487391725182533,0.0895581319928169,-0.1329690366983413,2025.0,24.814387672054576,67.40234748229173
8993.137007874015,27.55539968000005,-0.022866703569889,-0.0170940179377794,0.0203318540006876,2025.0,24.848613484379527,66.96657473796536
11968.498228346456,32.851621670000014,-0.190908744931221,0.2638947665691376,-0.2413463145494461,2025.0,24.75563785247316,67.28215289727655
13848.633070866144,43.221894350000014,0.0498161949217319,0.061574600636959,-0.0957388207316398,2025.0,24.794175578161884,67.1495615613405
15574.440157480316,38.00428682000006,0.0553042665123939,0.080619491636753,-0.1349492073059082,2025.0,24.889037672164907,67.25116101997442
14846.485433070866,38.81093954000005,-0.0090472577139735,0.1470308452844619,-0.1841338276863098,2025.0,24.951560415939625,67.21558773472329
12989.060236220472,38.38368704000001,0.0204058811068534,0.1141479015350341,-0.1433472037315368,2025.0,24.99926095752637,66.94393719280555
15758.937204724409,41.98115309000002,0.0143373785540461,0.0300908759236335,-0.0658037960529327,2025.0,24.781239838070565,67.37458954001244
13237.65816929134,40.12858625000001,0.0217393562197685,0.0293988455086946,-0.0601482018828392,2025.0,24.902242906841465,66.97789351054526
15922.247736220472,39.99528347000003,0.0820079520344734,0.1034977287054061,-0.1658764630556106,2025.0,25.06420915256821,67.35815037031306
14578.385039370078,40.89593174000004,0.05844447016716,0.1146473363041877,-0.1612745225429535,2025.0,24.98659471202029,67.36623520787013
14184.81220472441,39.785075240000026,0.0373861119151115,0.0390913523733615,-0.0725028067827224,2025.0,24.9453620404792,66.98624784268758
12702.884547244092,38.894681030000015,0.0062781977467238,0.0260370224714279,-0.0474998466670513,2025.0,24.7957925456733,67.16573123645466
13630.077952755908,39.83292752,0.0471250563859939,0.0966795831918716,-0.1424984335899353,2025.0,24.97069453149137,66.91267582091818
15146.3343503937,41.41034375000001,0.0731957629323005,0.0649381801486015,-0.1105199754238128,2025.0,25.03133081316944,66.98112744556809
13802.708858267715,42.06489458000004,0.0444039553403854,0.1142329573631286,-0.1518941670656204,2025.0,25.12026402629727,67.08326589337248
13084.63503937008,34.376058590000014,0.0242738202214241,0.0794106572866439,-0.1071854308247566,2025.0,25.041032618237928,66.95525596538545
16393.614370078743,41.52313841,0.0409192368388175,0.0908596962690353,-0.1443314999341964,2025.0,24.915178646932784,67.16222780684659
13732.080413385826,39.92179604000003,0.0283336602151393,0.1211879551410675,-0.1586170643568039,2025.0,25.02513243770901,67.26813917884428
15672.967224409447,40.94036600000004,0.0598432980477809,0.1101326793432235,-0.1692385226488113,2025.0,25.00438135464585,67.33632130890895
20978.64881889764,35.57407460000002,0.0041403863579034,0.0636681839823722,-0.1259651780128479,2025.0,25.02082052434524,67.0172397199897
15855.845669291337,43.17916910000002,0.0706408619880676,0.1011189147830009,-0.1561853736639022,2025.0,25.097895975722697,66.89866210248591
15191.369783464566,40.743829850000026,0.0008445336134172976,0.1538927555084228,-0.1908279210329055,2025.0,24.98875066870217,67.12988845661829
16742.765944881892,41.28216800000001,0.0824383646249771,0.0781822875142097,-0.1456775069236755,2025.0,25.10571131869453,67.34710109231838
10879.396358267715,36.813106850000025,-0.0078896097838878,0.0525448508560657,-0.0477447509765625,2025.0,24.777466913877262,67.34467564105127
15804.421456692911,41.24115175999998,0.0628416016697883,0.0735359638929367,-0.1229621991515159,2025.0,24.89793099347769,66.94339820363507
16950.58188976378,42.17427122000004,0.0832803547382354,0.0956720486283302,-0.1566732227802276,2025.0,25.08603821397232,67.31530073126055
14223.854527559057,42.43745876000003,0.0411140583455562,0.075575977563858,-0.1160086318850517,2025.0,25.107597780791185,67.34332816812508
14434.231496062992,38.98354955000002,-0.0242916997522115,0.2236547768115997,-0.2564697563648224,2025.0,24.89011565050585,67.35491643529022
14874.840748031496,40.81731728,0.0487222485244274,0.097752995789051,-0.1446254700422287,2025.0,24.986055722849816,67.14417166963578
13928.946062992129,36.773799620000034,-0.0219296813011169,0.2063051164150238,-0.2197955548763275,2025.0,25.11002323205831,66.98031896181239
14359.05187007874,39.417638090000025,0.0264506693929433,0.0698561817407608,-0.1080306023359298,2025.0,24.95802828598529,67.12153412447597
13179.043996062992,37.659066800000005,-0.0245272424072027,0.2015553414821624,-0.2180315256118774,2025.0,24.824089477123064,67.36111481075065
15729.683267716537,41.67524030000004,0.0528103597462177,0.0965858995914459,-0.1575829088687896,2025.0,24.97662341236656,67.13878177793107
15608.465748031496,42.26313974000004,0.0652884393930435,0.0935926735401153,-0.1490705758333206,2025.0,25.07552792514812,67.32904495510758
13731.243307086614,41.230897700000014,0.0713303685188293,0.0605827905237674,-0.0970177501440048,2025.0,24.81654362873646,67.29967004531687
13655.82401574803,39.43985522000003,-0.0369393154978752,0.1966148465871811,-0.2223527729511261,2025.0,24.914100668591843,67.20238250004674
15188.467716535431,41.70942050000002,0.0520821809768676,0.1130357906222343,-0.1661223769187927,2025.0,24.94347557838255,67.21936065891659
12340.765944881889,39.5389778,-0.0084156859666109,0.1141992434859275,-0.1434317529201507,2025.0,24.993601571236415,66.95795091123782
12906.191633858269,38.68789082000004,-0.0549178160727024,0.1996432095766067,-0.2163077890872955,2025.0,24.79902648069613,67.34251968436938
13274.863385826771,39.87736178,0.0365998372435569,0.1140803843736648,-0.1518556028604507,2025.0,24.8243589717083,67.40477293355886
14515.816141732284,40.608818059999976,0.005741492845118,0.1162156611680984,-0.1359518617391586,2025.0,24.821394531270705,67.02451607379106
14563.11584645669,41.48724920000001,0.0736782476305961,0.0779784023761749,-0.1253391206264495,2025.0,25.08091781685284,67.42282907076967
15367.388976377952,40.54387568000004,0.0558116845786571,0.095779463648796,-0.1463335901498794,2025.0,24.97258099358802,67.04634513519517
9174.153248031496,30.956329580000016,-0.0348114557564258,-0.0322283841669559,0.0521982349455356,2025.0,24.77611944095108,67.32284657964716
16552.664566929132,40.69426856000001,0.0673430413007736,0.0968255847692489,-0.1547397226095199,2025.0,25.079300849341426,67.21558773472329
15871.591732283465,39.62442829999998,0.0386881083250045,0.0799691453576088,-0.1268115937709808,2025.0,24.957489296814813,67.16330578518753
15169.16751968504,41.60517089000001,0.0815419107675552,0.0685150101780891,-0.1234345063567161,2025.0,24.93889417043354,66.88653484615031
13868.299901574805,39.74576801000004,-0.0086238291114568,0.1065152734518051,-0.1291933953762054,2025.0,24.95263839428057,67.0579334023603
14908.521358267715,39.28946234,0.0740230232477188,0.1085824742913246,-0.1558783799409866,2025.0,24.87744940499977,66.86632275225762
14182.25905511811,41.09930393000002,0.0464960485696792,0.0862303599715232,-0.1208937615156173,2025.0,24.76857359256448,67.07410307747446
16206.514960629924,40.98480025999999,0.0830819085240364,0.092991679906845,-0.1567320078611374,2025.0,25.00788478425392,67.41312726570118
13719.81909448819,38.24354821999998,-0.0109978131949901,0.1813023090362548,-0.2018406689167022,2025.0,24.82112503668547,67.3411722114432
16766.027755905514,41.99311616,0.090147852897644,0.1020521968603134,-0.1689051240682602,2025.0,25.08469074104614,66.90162654292351
15413.723622047244,38.59560428000003,0.0146556813269853,0.1540239006280899,-0.1955074369907379,2025.0,24.946979007990617,67.28808177815174
15142.254133858269,38.15467970000003,0.0445752255618572,0.1002786383032798,-0.1541722863912582,2025.0,24.854811859839952,67.32149910672098
15062.073031496062,38.95107836,0.0281335767358541,0.0646637678146362,-0.097092404961586,2025.0,24.931617816632173,67.0315229330072
14411.129133858269,39.26895422000001,0.0375590287148952,0.044455137103796,-0.0816556438803672,2025.0,25.01489164347005,67.07086914245163
13807.014468503938,39.04507391000001,-0.0534525848925113,0.2260801792144775,-0.2485875189304351,2025.0,24.92191601156368,67.29347166985644
16505.785629921258,39.99699248000002,0.0553111508488655,0.1165073215961456,-0.1749210506677627,2025.0,25.108136769961657,67.28673430522555
14223.048917322834,38.71523497999999,0.0149414744228124,0.0877020731568336,-0.1180914342403411,2025.0,24.81546565039552,67.10805939521418
10407.25216535433,32.501274620000004,-0.0224080979824066,0.1011447161436081,-0.1051234155893325,2025.0,24.79336709440618,67.27568502723088
14681.999704724409,41.47186811000003,0.0611571595072746,0.1501000672578811,-0.1909243762493133,2025.0,24.971233520661844,67.25897636294626
17339.646850393703,43.12106276000003,0.0808449611067771,0.0856781899929046,-0.1406993865966797,2025.0,25.10032142698982,67.13420036998205
17512.642913385826,42.478475,0.066619262099266,0.0614359751343727,-0.121424488723278,2025.0,25.039415650726514,67.1554904422157
16712.351082677167,41.53168346000004,0.0765046924352645,0.0886328369379043,-0.145127072930336,2025.0,25.073102473881,67.12288159740216
14384.10059055118,41.21722562000002,0.0291161183267831,0.1487747430801391,-0.1826050281524658,2025.0,24.891732618017265,67.40665939565551
14201.83582677165,39.21084788000002,0.0209401082247495,0.0743645876646041,-0.1067527160048484,2025.0,24.88957666133538,67.02694152505819
13985.473622047244,38.98013153000005,0.0199975799769163,0.0439782664179801,-0.0708494707942009,2025.0,24.84969146272047,67.07679802332682
11465.32057086614,29.58570356000004,-0.1870041787624359,0.2660417258739471,-0.2451883107423782,2025.0,24.740276661114716,67.43549531627575
16183.750196850398,41.31634819999999,0.0769091174006462,0.09070835262537,-0.1515886336565017,2025.0,25.04965644496548,67.0293669763253
15072.453444881889,41.45477801000004,0.0796302556991577,0.0869358032941818,-0.1326233893632888,2025.0,25.146135506479915,66.9458236549022
14454.2437992126,41.024107490000034,0.0744565799832344,0.0768997967243194,-0.1143851429224014,2025.0,24.78204832182627,67.06305379947979
13456.186712598424,41.09246789000002,-0.0065855891443789,0.1011361181735992,-0.1290984451770782,2025.0,24.886073231727316,67.13878177793107
11647.617322834649,30.68117897000002,-0.2003104835748672,0.2612754702568054,-0.2402710765600204,2025.0,24.73165283438717,67.2608628250429
17276.32598425197,41.62738802000001,0.0873646512627601,0.0795876532793045,-0.1434693336486816,2025.0,25.132391282632884,67.1735465794265
15148.013976377952,41.02581650000002,0.0235019195824861,0.1483622342348098,-0.1938479393720626,2025.0,25.01570012722576,67.38294387215475
15188.303346456692,40.05851684000001,0.0657891258597374,0.1135089844465255,-0.171029195189476,2025.0,24.926227924927456,67.35222148943787
16833.694586614176,40.272143090000014,0.0676738768815994,0.1190995350480079,-0.1777480989694595,2025.0,25.11083171581401,67.16842618230702
13542.16161417323,38.62636645999999,0.0241029616445302,0.0532195977866649,-0.0834393724799156,2025.0,24.909788755228067,67.05550795109319
11057.599114173228,32.624323340000046,-0.1280694901943206,0.1981386393308639,-0.1828863769769668,2025.0,24.779892365144384,67.26571372757715
15117.00807086614,39.603920180000046,0.0404800102114677,0.0664797872304916,-0.1102858483791351,2025.0,25.04965644496548,67.10266950350946
8964.3594488189,26.13008534000005,-0.0236201491206884,-0.0349606610834598,0.0622521825134754,2025.0,24.797948502355187,66.963879792113
15604.610433070866,40.45500716000004,0.0651287138462066,0.1054696440696716,-0.1595281064510345,2025.0,24.94347557838255,67.22232509935418
11226.710826771656,30.392356280000055,-0.1685557067394256,0.2156209051609039,-0.1967000663280487,2025.0,24.809806264105564,66.96172383543112
14426.59222440945,43.373996240000025,0.0694248527288436,0.0540569983422756,-0.0963713973760604,2025.0,25.1092147483026,66.93989477402701
14893.437696850397,39.94743119,0.0139015121385455,0.1103486940264701,-0.1553285717964172,2025.0,25.00788478425392,67.30721589370349
11077.090748031496,33.60187706000002,-0.0041411439888179,0.0385764576494693,-0.0476597845554351,2025.0,24.78016185972962,67.25143051455966
15758.09124015748,41.032652540000015,0.0910181924700737,0.0766026303172111,-0.1331040114164352,2025.0,25.094662040699863,67.41690018989448
13941.024803149605,39.71671484000001,0.036208152770996,0.0327645689249038,-0.0670877173542976,2025.0,24.835138755117736,67.13393087539683
15558.52775590551,38.67080071999999,0.0543628744781017,0.1207385584712028,-0.1761120110750198,2025.0,24.95075193218392,67.29589712112357
14189.10649606299,39.487707500000056,0.0333675406873226,0.0573488697409629,-0.0975846722722053,2025.0,24.86990355661316,67.28323087561749
13891.487893700789,34.42561988,-0.066584512591362,0.2313909530639648,-0.2401993572711944,2025.0,25.055585325840667,66.9428592144646
14863.218700787402,40.531912610000006,0.0525854416191577,0.1348212212324142,-0.1806445270776748,2025.0,25.00950175176533,67.39426264473467
12952.993307086612,38.90493509000004,0.0207075215876102,0.1675149202346801,-0.1937892735004425,2025.0,25.136972690581896,67.0503875539737
13706.99625984252,38.54604299000002,-0.0697988644242286,0.2489943355321884,-0.2575331628322601,2025.0,24.81843009083311,67.35572491904594
14085.941141732284,38.40761318,0.058094173669815,0.1162571385502815,-0.1498075276613235,2025.0,24.945092545893964,67.40746787941121
13731.386023622046,39.54752285000001,-0.0559168010950088,0.2123671174049377,-0.226274162530899,2025.0,24.931348322046937,67.18675181410305
16046.92440944882,40.472097260000055,0.0686707496643066,0.086899034678936,-0.1416604220867157,2025.0,24.996296517088776,66.92156914223096
14621.773818897636,38.54262497000002,0.0284867938607931,0.0533399134874343,-0.0886179432272911,2025.0,25.00411186006062,67.05955036987173
11537.232480314962,32.091112220000014,-0.1691148728132248,0.2407112121582031,-0.2222137600183487,2025.0,24.7319223289724,67.37216408874532
15017.123228346458,42.09394775000001,0.0490876957774162,0.0737198740243911,-0.1244149133563041,2025.0,24.884456264215896,67.31368376374914
14355.362401574805,40.53020360000005,0.0594869926571846,0.0700452402234077,-0.1193155348300933,2025.0,24.997913484600197,67.40746787941121
14261.701968503938,36.03038027000002,0.0253714993596076,0.112509861588478,-0.1472706049680709,2025.0,25.034295253607034,66.88680434073554
12999.985433070866,36.23717048000003,-0.016947204247117,0.1847859323024749,-0.2044225186109542,2025.0,25.014083159714342,67.00726842033598
16542.075,41.30951216000005,0.0765076875686645,0.0806109607219696,-0.1425707340240478,2025.0,25.04615301535741,67.35006553275598
15157.74625984252,40.742120839999984,0.0640326961874961,0.0998238772153854,-0.151199921965599,2025.0,24.920299044052268,67.42309856535489
12337.401771653542,38.27601941,-0.0512148551642894,0.1719273775815963,-0.1750543415546417,2025.0,24.79660102942901,67.34090271685797
15313.610433070866,38.696435870000016,0.0285104755312204,0.0519257299602031,-0.0920062810182571,2025.0,24.96503514520142,67.1209951353055
15549.658661417325,40.75237490000001,0.0494978092610836,0.0681615397334098,-0.1222330331802368,2025.0,25.03725969404463,67.31664820418673
14774.73248031496,39.330478579999976,0.0433587804436683,0.0592572763562202,-0.1023578196763992,2025.0,24.89065463967632,67.20777239175145
8443.203937007875,26.383018820000014,-0.0089947925880551,-0.0171500500291585,0.0360220707952976,2025.0,24.833791282191555,66.96010686791969
16112.741338582677,40.67717846000005,0.0424026474356651,0.0424470789730548,-0.0803261622786521,2025.0,24.93431276248453,67.01697022540446
14711.493307086614,39.58341206000003,0.0585834011435508,0.0950555950403213,-0.1424583494663238,2025.0,24.894966553040096,67.30452094785112
14272.625196850391,38.725489040000014,0.0062830513343214,0.1114780604839325,-0.1494883447885513,2025.0,25.00518983840156,67.11425777067461
11298.625196850391,31.87748597000001,-0.1292526125907898,0.1811456233263015,-0.1676594018936157,2025.0,24.74000716652948,67.42363755452537
17925.548425196852,41.94184586000006,0.1054188832640647,0.0737660601735115,-0.1532645225524902,2025.0,25.147213484820856,67.38725578551853
12002.077952755906,33.91291688000001,-0.0803563073277473,0.2162855863571167,-0.2129599899053573,2025.0,25.03887666155604,66.94447618197601
15147.964271653542,40.350757550000026,0.0610643997788429,0.1015612706542015,-0.151385024189949,2025.0,24.919760054881795,67.32796697676665
15803.133070866144,41.032652540000015,0.0693235248327255,0.0922696441411972,-0.1457356363534927,2025.0,24.900895433915284,67.3524909840231
15514.635531496064,40.97967323000003,0.0626717805862426,0.0557524748146534,-0.0907165184617042,2025.0,24.819508069174056,67.21370127262664
14462.70688976378,36.13804790000003,0.0374853760004043,0.0642772242426872,-0.0954273045063018,2025.0,24.85858478403325,66.86955668728045
15884.992322834643,42.72457244,0.1003220975399017,0.0649306401610374,-0.121803268790245,2025.0,25.11056222122878,67.40369495521792
15899.477559055116,40.195237640000016,0.0766968131065368,0.1012365221977233,-0.159775361418724,2025.0,24.941050127115428,67.44681408885565
8553.805807086614,27.93479990000003,-0.0267720855772495,-0.0218021553009748,0.0444461777806282,2025.0,24.799565469866604,67.21477925096758
16293.60501968504,42.20674241,0.0597798451781272,0.1201425790786743,-0.1676285862922668,2025.0,25.08792467606897,67.18378737366545
15121.401771653542,42.669884120000006,0.0631341859698295,0.1076904088258743,-0.1600289195775985,2025.0,24.90817178771665,66.92668953935045
14706.644881889762,38.57167814000002,-0.0063515589572489,0.1321010738611221,-0.1615229994058609,2025.0,24.887151210068257,67.08596083922484
12560.325,37.81629572000003,-0.0618413500487804,0.1898616254329681,-0.2001668214797973,2025.0,24.956680813059105,67.1457886371472
14617.905708661416,39.313388480000015,0.0694448500871658,0.0861224457621574,-0.1342308074235916,2025.0,25.12673189634293,67.28646481064033
15174.363877952756,41.85810437000004,0.0569731928408145,0.1052238047122955,-0.1568298041820526,2025.0,24.87529344831788,67.39183719346754
14871.380118110235,41.835887240000005,0.0737293660640716,0.0951563715934753,-0.1445027142763137,2025.0,25.05369886374401,67.05955036987173
14335.148818897636,39.44669126000002,0.010539012029767,0.1595241278409958,-0.2039053440093994,2025.0,25.02998334024326,67.24065073115023
13097.096161417325,41.15057423000002,0.0400416664779186,0.0763651430606842,-0.1107259169220924,2025.0,24.8882291884092,67.00026156111984
15362.007578740158,39.96452129000002,0.0387714467942714,0.0487364269793033,-0.0869714468717575,2025.0,24.83352178760632,67.06871318576975
16378.407677165356,41.16595532000002,0.0803620889782905,0.0902221277356147,-0.1504453271627426,2025.0,25.135625217655715,67.16869567689226
9247.89586614173,29.284917800000017,-0.04745939001441,0.0188941825181245,-0.0118535058572888,2025.0,24.826245433804957,66.95875939499352
16479.302362204726,42.480184010000016,0.0843954980373382,0.0732170790433883,-0.1279555559158325,2025.0,25.085499224801847,66.88276192195701
14521.253149606298,44.47459867999999,0.0797895118594169,0.1168561279773712,-0.1669574975967407,2025.0,25.046422509942648,67.08003195834965
15242.842224409447,40.47209726,0.0770596414804458,0.1047286987304687,-0.1576551347970962,2025.0,24.88876817757967,66.87467708439993
14285.20246062992,40.32170438000003,0.0373513512313365,0.1349095851182937,-0.1785707324743271,2025.0,24.827862401316366,67.3562639082164
17000.68818897638,40.55412974000001,0.0566377900540828,0.048132162541151,-0.0943735986948013,2025.0,24.870442545783632,67.10482546019135
15623.519881889762,42.11787389,0.0893612951040268,0.0778757110238075,-0.1327922046184539,2025.0,24.936468719166417,66.89596715663356
15184.49183070866,40.31315933000002,0.0638343021273613,0.1026676669716835,-0.1555715948343277,2025.0,25.063400668812506,67.01373629038163
15537.452952755904,41.26507790000005,0.10532808303833,0.0980584919452667,-0.147931694984436,2025.0,25.142093087701376,67.43091390832674
15472.33779527559,40.718194700000026,0.0966742485761642,0.0871451124548912,-0.1414988934993744,2025.0,25.13966763643425,67.44358015383283
9322.22559055118,31.31863970000001,-0.033202163875103,0.035866692662239,-0.0423625260591506,2025.0,24.80711131825321,67.29428015361216
17366.037106299213,42.04951349000004,0.076903685927391,0.0768919438123703,-0.142764613032341,2025.0,25.047230993698356,67.2360693232012
13010.651771653544,38.71181696000002,-0.0119554921984672,0.1378958076238632,-0.1703973114490509,2025.0,24.95290788886581,67.24415416075828
15829.595669291337,41.06683274,0.0618675537407398,0.1075624674558639,-0.1707858890295028,2025.0,25.04399705867552,67.27137311386711
16147.006102362207,43.97214974000002,0.0814438611268997,0.0929850563406944,-0.1514391452074051,2025.0,25.14909994691751,67.04391968392805
15084.74970472441,42.59810570000002,0.0633887499570846,0.0718171820044517,-0.1182171180844307,2025.0,25.02162900810095,67.01427527955211
14528.26496062992,40.98309125,0.0379560440778732,0.0395164191722869,-0.073931835591793,2025.0,24.837025217214386,67.14821408841432
15358.816141732284,38.54433398000003,0.0130869047716259,0.0903453901410102,-0.1288689225912094,2025.0,25.01839507307812,67.13473935915253
16028.551377952754,41.59662584,0.1060902401804924,0.074989914894104,-0.1284099817276001,2025.0,25.12538442341675,67.43576481086099
14062.422440944882,39.39883898000005,0.029717506840825,0.0379844419658184,-0.0708798468112945,2025.0,24.92461095741604,67.03933827597903
16665.878149606302,41.646187130000015,0.0710253417491912,0.0771494507789611,-0.1363130062818527,2025.0,24.91167521732472,67.24226769866164
9259.962795275587,28.761960740000035,-0.0347455479204654,-0.0163109488785266,0.0414980091154575,2025.0,24.78662972977528,67.17408556859696
14403.417027559057,40.90447679000005,0.0565866567194461,0.1245685815811157,-0.1693713963031768,2025.0,24.821933520441178,67.37836246420575
17776.77480314961,41.37445453999999,0.0881010144948959,0.0745676383376121,-0.141540378332138,2025.0,25.03240879151038,67.4042339443884
15420.532677165353,39.97306634,0.0438942015171051,0.1334651857614517,-0.1778713464736938,2025.0,25.108406264546893,67.24765759036636
15616.95246062992,40.13884031000004,0.070701003074646,0.0683118179440498,-0.1172614768147468,2025.0,24.982821787826985,67.01292780662592
16521.37224409449,41.736764660000006,0.0716868564486503,0.0921017825603485,-0.1493532359600067,2025.0,25.047769982868825,67.4096238360931
8485.324507874015,28.394523590000038,-0.0240978151559829,-0.030773950740695,0.0513003021478652,2025.0,24.78097034348533,67.28996824024838
16017.38897637795,40.704522620000034,0.0890861228108406,0.1107997819781303,-0.172349750995636,2025.0,25.06124471213062,67.1856738357621
13654.164566929134,38.31532664000002,0.0117793949320912,0.1549003720283508,-0.1844380050897598,2025.0,24.829209874242547,67.31610921501627
15462.497244094488,39.59366612000002,0.0603159666061401,0.1231437772512435,-0.1753966957330703,2025.0,25.069060055102454,67.2277149910589
15558.59468503937,42.06489457999999,0.0400348119437694,0.0486270412802696,-0.0984346345067024,2025.0,24.9596452534967,66.91267582091818
15347.020866141736,41.77778090000004,0.065104030072689,0.0912706777453422,-0.1481105685234069,2025.0,24.9558723293034,67.34952654358551
12361.749704724409,40.64812529000002,-0.001235993928276,0.1025546938180923,-0.1353403925895691,2025.0,24.80684182366797,67.35976733782447
13131.314173228346,36.55504633999999,-0.0203987285494804,0.1792766004800796,-0.1990613788366317,2025.0,25.14478803355373,67.00726842033598
15195.137007874016,39.17666768000004,-0.0147262820973992,0.1989350318908691,-0.2286693155765533,2025.0,25.01327467595864,67.40073051478032
16045.140944881889,41.87348546000004,0.0647666975855827,0.0914441794157028,-0.1402679681777954,2025.0,25.04911745579501,67.16330578518753
12323.0562992126,38.35292486000003,0.0206752158701419,0.0380171723663806,-0.0648427009582519,2025.0,24.848613484379527,66.97951047805668
14622.39094488189,38.97158648000004,0.0198841225355863,0.1024092137813568,-0.1354997605085373,2025.0,24.948865470087267,67.18540434117688
11110.059251968503,31.19559098000002,-0.1654959022998809,0.238459900021553,-0.2188075631856918,2025.0,24.7567158308141,67.33632130890895
14609.15374015748,42.36568034000004,0.0257911216467618,0.048773355782032,-0.0847790986299514,2025.0,24.85750680569231,67.1277324999364
14734.00561023622,38.74428815000002,-0.0255111921578645,0.1550516188144683,-0.1738829016685485,2025.0,24.946979007990617,67.1231510919874
14717.065157480314,40.72844876000002,0.0815266594290733,0.0989466309547424,-0.1498238444328308,2025.0,24.87906637251118,67.28053592976514
14411.568602362204,40.90105877000002,0.0524221844971179,0.137048065662384,-0.1765715479850769,2025.0,25.11945554254156,67.04472816768376
16596.824015748032,39.47403542000001,0.0871495604515075,0.0903568267822265,-0.152401715517044,2025.0,25.07795337641524,67.35976733782447
13950.106496062994,39.901287920000016,0.0012905446346849,0.087021879851818,-0.1105745360255241,2025.0,24.85885427861849,67.05820289694555
12383.583858267715,42.28706588,0.0216364096850156,0.0671054124832153,-0.0959143415093422,2025.0,24.814387672054576,67.31476174209008
16375.19901574803,41.23773374000001,0.0831815674901008,0.0806798413395881,-0.1436408907175064,2025.0,25.068521065931986,67.42067311408778
13222.198523622046,38.086319300000014,-0.0736749768257141,0.2625526487827301,-0.2680559158325195,2025.0,25.14263207687185,67.05092654314419
14301.094685039368,40.03800871999999,0.0383808463811874,0.0449460633099079,-0.0829854011535644,2025.0,24.966652112712836,67.044997662269
15485.419488188978,40.43108102000002,0.0645337402820587,0.1015902906656265,-0.1569667160511016,2025.0,24.901703917670996,67.24038123656499
16038.98937007874,42.77242472,0.080936424434185,0.1055751144886016,-0.1693982183933258,2025.0,25.13724218516713,67.20426896214339
16132.675393700789,40.94378402000001,0.0376703478395938,0.0490190647542476,-0.101269707083702,2025.0,25.110292726643543,67.32742798759617
13061.5218503937,38.91689816000002,0.0106969000771641,0.1488283276557922,-0.1833831518888473,2025.0,24.831365830924437,67.43495632710527
15392.404724409447,42.21528746000001,0.0787390619516372,0.1615353226661682,-0.2138772755861282,2025.0,24.87906637251118,67.20157401629102
15956.342716535431,41.87348545999998,0.0698662996292114,0.0875970423221588,-0.1408057957887649,2025.0,24.90628532562,67.39210668805278
15662.817125984251,40.93865699,0.0531179346144199,0.0590825527906417,-0.1079224124550819,2025.0,24.959914748081932,67.01023286077357
13881.861417322834,38.42812130000004,0.0246814377605915,0.0865492224693298,-0.1095738261938095,2025.0,24.876910415829293,67.08838629049197
14570.90374015748,36.1893182,-0.0952513813972473,0.278563529253006,-0.2498432844877243,2025.0,25.11002323205831,66.97977997264191
11707.34566929134,33.78815915000001,-0.0263578109443187,0.0398339629173278,-0.0663215816020965,2025.0,24.78609074060481,67.41959513574683
10064.830905511812,29.462654840000027,-0.0478402748703956,-0.0551988445222377,0.08238335698843,2025.0,24.85831528944802,66.8668617414281
8571.60157480315,28.269765860000007,-0.0319175347685813,-0.0295309778302907,0.0579506494104862,2025.0,24.78824669728669,67.25304748207107
15912.313188976375,40.08927902000005,0.0616087019443511,0.0958624631166458,-0.1518230885267257,2025.0,25.03725969404463,67.40908484692264
14580.454921259843,40.95403808,0.0454225167632103,0.0749952346086502,-0.1189392805099487,2025.0,24.97338947734373,66.96873069464725
15676.089763779528,40.639580240000015,0.0463714189827442,0.1222825050354003,-0.1762041449546814,2025.0,24.87933586709641,67.23930325822404
16650.0031496063,43.83542894000004,0.0670688822865486,0.0886385887861251,-0.137860432267189,2025.0,24.98875066870217,67.2810749189356
14301.388976377952,36.787471700000026,0.0290741026401519,0.082053355872631,-0.121720977127552,2025.0,25.03240879151038,66.88896029741743
16368.354527559057,41.49408524,0.0789829418063163,0.0760704353451728,-0.134427934885025,2025.0,24.90628532562,67.15791589348281
15443.519881889762,40.42082696,0.0563703924417495,0.1059916093945503,-0.1545002460479736,2025.0,25.115413123763027,67.00214802321649
15661.531692913386,41.08734086000004,0.0599951669573783,0.0978574156761169,-0.160330057144165,2025.0,25.01165770844722,67.28215289727655
8344.559744094488,28.36717943000002,-0.0167165137827396,-0.0272239930927753,0.0485973618924617,2025.0,24.761566733348342,67.33416535222706
15534.604527559057,41.93330081000002,0.0747648701071739,0.0837083384394645,-0.1423645615577697,2025.0,25.007615289668685,67.2802664351799
17430.25216535433,41.54535554000006,0.0843919962644577,0.099735215306282,-0.1605204194784164,2025.0,25.078492365585717,67.2066944134105
12989.191141732284,37.61805056000003,-0.0501877777278423,0.1752687394618988,-0.1875189691781997,2025.0,24.865861137834624,67.29859206697593
15424.215748031496,40.99163629999998,0.0646337941288948,0.10435800999403,-0.1568791419267654,2025.0,25.06690409842057,67.04095524349046
14887.226574803148,39.28262630000006,0.0449618622660636,0.0567578822374343,-0.0971801280975341,2025.0,24.87232900788028,67.17489405235267
14430.491338582677,39.901287920000016,0.0405434556305408,0.03561357781291,-0.0699012577533721,2025.0,24.82974886341302,67.23121842066696
13282.61683070866,38.16664277000001,0.0116696786135435,0.0598054863512516,-0.0867712125182151,2025.0,24.84457106560099,67.03340939510385
14573.152263779528,35.39291954000004,-0.0070951161906123,0.1558099538087844,-0.1835844069719314,2025.0,25.044536047845995,66.92722852852093
15555.854527559057,41.05145165000002,0.0604278221726417,0.0567526407539844,-0.1019603312015533,2025.0,24.972311499002785,66.97681553220431
16641.116338582684,41.34369235999998,0.0706796795129776,0.0972323715686798,-0.148795023560524,2025.0,25.10678929703548,67.38213538839905
16353.211318897636,41.31122117000001,0.0659841001033783,0.0730632990598678,-0.1300252825021743,2025.0,24.88041384543736,67.29428015361216
14990.860925196848,42.09907478000002,0.0452731661498546,0.0940846353769302,-0.1400639861822128,2025.0,24.882030812948774,67.30856336662966
15320.4687007874,41.47015910000002,0.0985157415270805,0.0833393931388855,-0.1348716765642166,2025.0,25.14694399023562,67.32203809589146
14753.282677165356,40.68401449999999,0.0417970307171344,0.121692419052124,-0.1656788438558578,2025.0,25.100051932404583,67.01670073081922
13785.406200787402,40.449880130000025,0.0328886397182941,0.114907793700695,-0.1549084037542343,2025.0,24.827862401316366,67.44977852929324
15747.281692913386,40.90276777999998,0.0642363578081131,0.074648879468441,-0.1290134638547897,2025.0,24.99602702250354,67.02451607379106
15080.783661417325,41.17279136000002,0.0277160685509443,0.0785935223102569,-0.1237832158803939,2025.0,25.034834242777507,67.31530073126055
14365.61633858268,37.69666502000001,0.0426548384130001,0.1196823194622993,-0.1599607467651367,2025.0,24.899547960989104,67.43926824046905
15629.807283464568,39.30313442000002,0.0604142844676971,0.1062093451619148,-0.1588300168514251,2025.0,25.14990843067321,67.19726210292725
14078.457874015749,38.01112286,-0.0543182380497455,0.2133306562900543,-0.2320276945829391,2025.0,24.92218550614892,67.21855217516088
16439.977559055118,43.45261070000004,0.0840999335050582,0.0639257654547691,-0.1211838126182556,2025.0,25.135625217655715,67.07033015328116
14706.42244094488,37.888074140000015,-0.0656893327832222,0.2363919615745544,-0.2481404989957809,2025.0,24.87529344831788,67.21909116433136
15374.436220472438,41.11468502000002,0.0340689718723297,0.0505437552928924,-0.0904068872332573,2025.0,24.821933520441178,67.21720470223471
15340.25659448819,39.63810038,0.0543293058872222,0.107009045779705,-0.1590145081281662,2025.0,24.932156805802645,67.28619531605509
14196.398326771654,37.20447014000001,0.0347788743674755,0.0343460515141487,-0.0610993094742298,2025.0,24.82220301502641,67.01481426872257
14886.154232283465,42.08369369000002,0.0306428987532854,0.0695137307047844,-0.120710402727127,2025.0,25.02809687814661,67.32365506340287
13648.695078740158,41.9486819,0.0715753436088562,0.1117456033825874,-0.1517536789178848,2025.0,25.00977124635057,66.91510127218531
16615.891437007875,42.07514864000001,0.0739644318819046,0.0992849841713905,-0.1551989465951919,2025.0,25.051003917891656,67.19160271663729
15331.446062992129,39.00576668000002,0.0595334507524967,0.1285185813903808,-0.180702805519104,2025.0,25.149369441502746,67.18432636283593
15716.552362204724,37.95643454000003,0.0430400557816028,0.0466810502111911,-0.0846656635403633,2025.0,24.91329218483613,66.97007816757342
16052.31811023622,41.23773374000001,0.0633861795067787,0.0987318605184555,-0.1612266898155212,2025.0,25.06367016339774,67.00026156111984
17145.189173228347,38.96133242000002,0.0976420044898986,0.062591053545475,-0.1247264742851257,2025.0,25.10678929703548,67.43226138125291
15118.30433070866,40.834407380000016,0.0358209796249866,0.1421862095594406,-0.1867781281471252,2025.0,24.94778749174632,67.27083412469663
13289.28218503937,39.805583360000014,0.0559242330491542,0.0496015027165412,-0.092638112604618,2025.0,24.876640921244057,66.88222293278653
15080.57992125984,39.38174888000003,0.0658785849809646,0.0921569913625717,-0.136474534869194,2025.0,25.017047600151937,67.444927626759
15395.894881889762,41.07366878000005,0.0661664903163909,0.0992578566074371,-0.1539095789194107,2025.0,25.06313117422727,67.29401065902692
12230.50659448819,35.88340541000002,-0.0047942963428795,0.0914856269955635,-0.1127109378576278,2025.0,24.76129723876311,67.4020779877065
15217.590748031498,41.26849592000002,0.0494339838624,0.0794426500797271,-0.1271741986274719,2025.0,24.824628466293536,67.24253719324687
13571.925393700789,41.210389580000026,0.0125959077849984,0.1188726425170898,-0.1557115912437439,2025.0,25.03510373736274,66.86174134430861
17267.65570866142,42.47505698000003,0.071261279284954,0.0875320732593536,-0.1440697312355041,2025.0,25.0768753980743,67.13258340247064
17794.12125984252,41.91450170000002,0.0782118812203407,0.0839536637067794,-0.1445645689964294,2025.0,25.088194170654205,67.20615542424004
15575.912598425197,38.325580700000046,0.0462681911885738,0.1097407937049865,-0.1646009534597396,2025.0,24.897392004307218,67.25277798748584
15408.64586614173,40.16789348000003,0.0448883660137653,0.0666358843445777,-0.1137108728289604,2025.0,24.975006444855143,67.02505506296154
13257.986417322834,37.74793532000001,0.0243032183498144,0.0633843094110488,-0.0914371684193611,2025.0,24.85454236525472,67.0029565069722
15347.355511811023,39.952558220000014,0.0242909472435712,0.0871979296207428,-0.1267463117837906,2025.0,24.886073231727316,66.93342690398134
15689.50807086614,38.22133109000001,0.0400627516210079,0.1325716823339462,-0.1882850229740142,2025.0,24.96126222100812,67.3171871933572
11837.32746062992,31.93046528000002,-0.1650865525007248,0.2366648316383361,-0.2154220938682556,2025.0,24.764261679200704,67.18648231951782
17318.205413385826,43.31930792,0.0786203444004058,0.0631200596690177,-0.1205075532197952,2025.0,25.045075037016467,67.17516354693791
14740.473622047246,35.34848527999998,0.0070836213417351,0.1846313029527664,-0.2142612785100937,2025.0,25.03052232941373,66.92453358266856
11290.5375984252,36.934446560000026,-0.0094313062727451,0.0874340459704399,-0.109417624771595,2025.0,24.818969080003583,67.4365732946167
13774.310236220472,39.236483030000045,0.0139165446162223,0.0911421179771423,-0.1165473461151123,2025.0,24.91598713068849,67.0315229330072
14918.712303149608,39.43985522000003,0.035341028124094,0.0579705946147441,-0.094426691532135,2025.0,24.98902016328741,67.05011805938847
14822.2280511811,43.38425030000002,0.0692209750413894,0.1301861107349395,-0.1851575821638107,2025.0,24.97204200441755,67.31071932331155
14693.981496062992,39.96623030000001,0.0242536272853612,0.1618329137563705,-0.2006886303424835,2025.0,25.11837756420062,67.2608628250429
14515.48937007874,41.22064364000005,0.0565517470240592,0.0997543931007385,-0.1544522494077682,2025.0,24.9701555423209,67.13959026168678
14707.20492125984,40.38664676000002,0.0386345796287059,0.1379853188991546,-0.1791463643312454,2025.0,24.900625939330048,66.94312870904984
12509.7905511811,37.67957492000005,-0.0317958779633045,0.1436560153961181,-0.1580913662910461,2025.0,24.861010235300377,67.32500253632905
16680.37224409449,41.54364653000002,0.0841891914606094,0.0938910841941833,-0.1588310897350311,2025.0,25.148830452332277,67.17408556859696
8589.974114173227,26.623989230000007,-0.0193611439317464,-0.0309785064309835,0.0394252613186836,2025.0,24.845649043941933,66.95579495455593
12066.436712598424,36.281604740000006,0.0077617755159735,0.0354898162186145,-0.0769713222980499,2025.0,24.800643448207545,66.98651733727282
14426.90374015748,40.73357579000003,0.0070302314125001,0.1974115520715713,-0.2188914120197296,2025.0,24.9558723293034,67.33632130890895
15275.984448818896,40.29436022000005,0.0625936761498451,0.0886301472783088,-0.1377842724323272,2025.0,24.924880452001275,67.41609170613877
17633.52135826772,41.00359937000002,0.0896896421909332,0.0784545168280601,-0.1400452256202697,2025.0,25.06932954968769,67.21612672389377
11788.68375984252,31.30325861,-0.1985068321228027,0.2835453450679779,-0.2552164793014526,2025.0,24.79067214855382,67.23229639900791
9049.519881889762,28.39623260000002,-0.0243189595639705,-0.0558814629912376,0.080426886677742,2025.0,24.77800590304773,67.3907592151266
15316.542027559057,40.77288302,0.0345920771360397,0.1163009032607078,-0.1695791333913803,2025.0,24.89146312343203,67.36515722952919
16214.19409448819,40.68401449999999,0.0691437497735023,0.12203349173069,-0.1814549416303634,2025.0,25.04076312365269,67.26706120050333
11158.463287401575,34.02400253000002,-0.0079995114356279,0.0383093617856502,-0.0444496721029281,2025.0,24.814926661225044,67.21666571306423
14962.201968503938,38.328998720000016,0.0258562695235013,0.0737487524747848,-0.1034014374017715,2025.0,24.865861137834624,67.07491156123017
13165.12470472441,39.67398958999999,0.0679652392864227,0.0777032822370529,-0.1035496518015861,2025.0,24.79067214855382,67.10940686814035
14023.344685039368,39.5389778,-0.0071127591654658,0.0708851665258407,-0.0999300181865692,2025.0,24.860471246129904,67.05928087528649
14188.152755905512,39.638100380000026,0.0767502188682556,0.119784377515316,-0.1703053563833236,2025.0,24.917873592785146,66.8857263623946
15253.818602362204,40.43791706000002,0.0061955600976943,0.1223911866545677,-0.156608909368515,2025.0,25.06690409842057,67.1277324999364
13956.592224409447,39.66886256000001,0.0092764543369412,0.1387694031000137,-0.1826590150594711,2025.0,24.865591643249388,67.27541553264565
15191.894881889764,39.5389778,0.0357275120913982,0.1294938325881958,-0.1791249215602874,2025.0,24.96180121017859,67.21531824013805
13028.48937007874,38.739161120000006,-0.0159553680568933,0.1123398020863533,-0.1266995072364807,2025.0,24.84295409808957,67.0029565069722
20477.45344488189,36.187609190000046,0.0029034637846052,0.0661673098802566,-0.1293852925300598,2025.0,25.02082052434524,67.01777870916017
15438.338779527558,41.33685632000004,0.0722521543502807,0.0904133394360542,-0.1502157151699066,2025.0,24.910058249813304,67.18324838449499
15950.29940944882,39.556067900000016,0.0559305697679519,0.0928693488240242,-0.1460842043161392,2025.0,24.938624675848303,67.35329946777881
15382.715748031496,41.81196110000002,0.0664536729454994,0.1208819597959518,-0.1737365275621414,2025.0,24.96503514520142,67.4042339443884
14217.16998031496,39.96623030000001,0.0238138623535633,0.1347996145486831,-0.1770261377096176,2025.0,24.852925397743302,67.36434874577348
16101.28809055118,42.38789747000001,0.0879154056310653,0.0766452029347419,-0.1333158761262893,2025.0,25.087385686898497,66.89084675951408
14739.625196850391,43.86619112,0.0522782728075981,0.1583714634180069,-0.2136228680610656,2025.0,24.98174380948604,67.29993953990211
15714.099114173228,41.75898179000001,0.0445299930870533,0.0774444788694381,-0.1413475275039672,2025.0,24.86909507285745,67.38456083966616
13827.379625984251,37.0267331,-0.0769082233309745,0.2326328754425048,-0.2407898008823394,2025.0,24.955333340132928,67.33766878183513
8488.803346456692,26.60860814,-0.0093545373529195,-0.0169661790132522,0.0388285405933856,2025.0,24.832443809265374,66.96145434084588
15781.219685039372,41.08734086000004,0.0713083669543266,0.0886282250285148,-0.140813872218132,2025.0,25.03240879151038,67.00214802321649
16453.909153543307,41.90766566000002,0.0599047690629959,0.0998087376356124,-0.1532566547393798,2025.0,25.007615289668685,67.18405686825069
16444.9312992126,40.41740894000003,0.0681688785552978,0.0866560265421867,-0.1413861364126205,2025.0,24.999799946696843,67.35949784323924
15244.767913385826,42.38277044,0.0737652778625488,0.1014985740184784,-0.1547326147556305,2025.0,25.043188574919817,66.99460217482988
8834.348129921258,27.16574540000002,-0.0355774201452732,-0.0260586012154817,0.0330719538033008,2025.0,24.84969146272047,66.93342690398134
15421.317125984251,40.87200560000002,0.0136875193566083,0.177367627620697,-0.2133299708366394,2025.0,25.10867575913213,67.26490524382145
14788.29744094488,42.32124608000004,0.0853186622262001,0.0963713601231575,-0.1451818645000457,2025.0,24.93000084912076,66.90108755375304
14751.534645669291,39.58341206,0.0222101677209138,0.0672675222158432,-0.0977258756756782,2025.0,24.915178646932784,67.13797329417537
12856.98100393701,38.05043009000002,0.0272975452244281,0.1436649709939956,-0.1700694859027862,2025.0,25.00060843045255,66.90647744545777
14223.797440944882,38.5990223,0.0359201207756996,0.0393511392176151,-0.0677631124854087,2025.0,24.821933520441178,67.00726842033598
13079.085826771652,36.35338316000002,-0.0318935215473175,0.2165663391351699,-0.2267679721117019,2025.0,25.088194170654205,66.95256101953309
15679.913582677164,40.32341339000004,0.0800524950027465,0.0950360149145126,-0.1421555131673813,2025.0,25.019473051419062,66.89839260790069
13024.897834645668,38.07606524000005,0.0065707038156688,0.0732550323009491,-0.09495560079813,2025.0,24.87529344831788,67.05389098358178
12561.00118110236,39.28604432000003,0.0049183377996087,0.0642329156398773,-0.0855115205049514,2025.0,24.85750680569231,67.01211932287022
15049.221653543304,40.20207368000001,0.0434176698327064,0.1516365706920623,-0.199396550655365,2025.0,25.02216799727142,66.95202203036263
14736.01003937008,39.279208280000034,0.0371586345136165,0.0567547567188739,-0.0955036580562591,2025.0,24.868556083686983,67.19025524371112
11982.439173228347,37.31213777000005,-0.0026051027234643,0.1086112633347511,-0.1217805966734886,2025.0,24.78824669728669,67.11237130857795
14218.629133858269,38.96645945,0.0513722188770771,0.1219582855701446,-0.1688953638076782,2025.0,24.88957666133538,67.43226138125291
14000.84714566929,39.80900138000001,-0.0030448504257947,0.1310828030109405,-0.1485890448093414,2025.0,24.820047058344528,67.04284170558711
16006.149803149605,42.77584274000003,0.0747304260730743,0.0590538904070854,-0.1187376156449318,2025.0,25.0235154701976,67.29185470234503
15452.969685039368,42.13325498000006,0.0544057637453079,0.1000184118747711,-0.1556244045495987,2025.0,25.08873315982468,67.37566751835338
16746.59763779528,41.56073663000001,0.0656777992844581,0.079345516860485,-0.1437167376279831,2025.0,25.047230993698356,67.24118972032069
13968.034645669291,36.637078820000056,-0.1051234006881713,0.2997036576271057,-0.2892076075077057,2025.0,24.86801709451651,67.15117852885191
12666.492322834643,40.325122400000055,0.0087969927117228,0.0738423019647598,-0.0965411961078643,2025.0,24.907902293131414,67.00888538784739
16066.769881889762,42.91769057000002,0.0760344117879867,0.1095192655920982,-0.1680647581815719,2025.0,25.10086041616029,66.93046246354375
15731.64783464567,42.57076154000004,0.0709558278322219,0.1022308766841888,-0.1624831408262252,2025.0,25.000338935867315,67.25143051455966
16476.158661417325,40.31828636,0.0532718636095523,0.0610701777040958,-0.1175221726298332,2025.0,25.044536047845995,67.3029039803397
16151.226082677164,42.56050748000001,0.0706468969583511,0.0806466713547706,-0.1391415894031524,2025.0,25.03240879151038,67.20265199463196
11400.803838582677,31.88774003000003,-0.1495301574468612,0.2165078818798065,-0.2005513906478881,2025.0,24.76965157090542,67.27757148932754
14701.861417322834,40.35588458000001,0.0590109005570411,0.1008598357439041,-0.1506030261516571,2025.0,24.95075193218392,67.16869567689226
16646.080905511815,40.17472952000003,0.0677120089530944,0.0653815641999244,-0.1187706366181373,2025.0,24.914100668591843,67.26867816801476
10725.64094488189,42.14692706000005,0.0124557195231318,0.0386603102087974,-0.0554099082946777,2025.0,25.06124471213062,66.87710253566705
14439.965748031496,37.13098271000001,-0.0573323145508766,0.2378374636173248,-0.2460338175296783,2025.0,25.073910957636706,66.89111625409932
16779.636515748032,42.04951349000001,0.081545352935791,0.0836710929870605,-0.1459786593914032,2025.0,25.04291908033458,67.24954405246301
15756.12618110236,41.71967456000005,0.0509764440357685,0.0659627318382263,-0.1142464056611061,2025.0,25.11002323205831,67.32419405257333
15620.012007874016,44.60790146,0.0542774237692356,0.1254463195800781,-0.1786542683839798,2025.0,25.014083159714342,67.35949784323924
15385.82057086614,39.81754643000005,0.0368466675281524,0.0973155349493026,-0.1325113177299499,2025.0,24.819508069174056,67.16114982850564
13265.973622047246,39.73038692,-0.087658904492855,0.2146284282207489,-0.2253929227590561,2025.0,24.94563153506444,67.22070813184277
14502.248228346458,41.6410601,0.0405602566897869,0.0788096487522125,-0.1319182962179184,2025.0,24.847805000623826,67.12126462989073
15614.100098425197,41.304385130000014,0.0621250234544277,0.1137525588274002,-0.1798943877220153,2025.0,24.950482437598684,67.34575361939221
13892.992322834643,39.37491284000004,-0.0126556409522891,0.1661441326141357,-0.2038551270961761,2025.0,24.908441282301887,67.43199188666767
14887.466732283468,38.50331774000006,0.0445650666952133,0.082898698747158,-0.1306782662868499,2025.0,25.053429369158778,66.88303141654224
17691.403740157482,42.90914552000004,0.0944866091012954,0.0741788893938064,-0.133759006857872,2025.0,25.104363845768354,67.11641372735649
12722.576968503936,41.42914286000001,-0.0249470081180334,0.1307390183210373,-0.1460353881120681,2025.0,24.84672702228288,67.3134142691639
8593.703937007875,26.791472210000023,-0.0307212583720684,-0.0366884022951126,0.0779154449701309,2025.0,24.738929188188536,67.30236499116923
15895.014960629922,41.16082829000004,0.0734238848090171,0.0686418786644935,-0.1205163821578025,2025.0,25.016778105566704,67.03933827597903
15399.018405511812,40.812190250000015,0.0311755780130624,0.0560125298798084,-0.0935164541006088,2025.0,24.88310879128972,66.97223412425531
13504.24183070866,39.443273240000025,0.0247722826898098,0.0469126664102077,-0.0770929679274559,2025.0,24.85049994647618,67.19456715707489
17377.833366141735,40.94378402000001,0.0575869530439376,0.0866331309080123,-0.1424108445644378,2025.0,25.068790560517225,67.21127582135952
13578.608464566929,39.86198069,-0.0457074008882045,0.2214957475662231,-0.2227686047554016,2025.0,24.938624675848303,67.18540434117688
9118.43622047244,27.504129379999995,-0.0394005328416824,-0.0093343704938888,0.0299238301813602,2025.0,24.76965157090542,67.18756029785875
13736.561712598426,40.277270120000026,0.0215983968228101,0.0664098858833313,-0.0944930389523506,2025.0,24.852655903158063,67.20885037009239
16595.994291338582,41.30267612,0.0781232193112373,0.0755655169486999,-0.1403819024562835,2025.0,25.02836637273185,67.28889026190744
14330.838287401575,39.17666768000004,0.0425419881939888,0.047284111380577,-0.0897768959403038,2025.0,24.96341817769,66.99729712068225
15263.347637795274,41.866649420000016,0.0684660002589225,0.093178205192089,-0.1441600471735,2025.0,25.065287130909155,67.43010542457102
16030.98248031496,41.31293018000002,0.0537667870521545,0.1199754551053047,-0.1686731576919555,2025.0,25.13966763643425,67.25655091167914
12344.677854330708,37.392461240000046,-0.1435650736093521,0.2080049514770507,-0.205437570810318,2025.0,24.81789110166264,67.08676932298054
13428.2812007874,34.72127861000001,-0.0930532589554786,0.2561256885528564,-0.2612730860710144,2025.0,24.980396336559863,67.15575993680093
13859.704921259843,40.12687724,-0.0095298970118165,0.1371165663003921,-0.1617803871631622,2025.0,24.941050127115428,67.082726904202
13722.304330708665,40.08244298,-0.0186215694993734,0.1600540429353714,-0.189497485756874,2025.0,24.932156805802645,66.91051986423629
14015.821062992129,43.06637444000003,0.053356759250164,0.0699587985873222,-0.1181035637855529,2025.0,24.98174380948604,66.93800831193036
11514.516437007876,30.28468865000002,-0.1638805419206619,0.2284339517354965,-0.214532658457756,2025.0,24.737581715262355,67.43549531627575
14019.65374015748,38.34608881999998,0.0308129619807004,0.044382557272911,-0.0744004622101783,2025.0,24.823550487952595,67.06197582113884
14768.176377952756,36.11412175999999,-0.0091391671448946,0.178839698433876,-0.2064782977104187,2025.0,24.86208821364132,67.1209951353055
15783.456889763778,41.28216800000001,0.0770745351910591,0.077380783855915,-0.1295307278633117,2025.0,24.94563153506444,67.43522582169051
14865.042519685036,40.17985655000004,0.0306548364460468,0.049689806997776,-0.0797346234321594,2025.0,24.83675572262915,67.1517175180224
14098.944094488188,39.35440472000005,0.0404488109052181,0.0411088876426219,-0.0730303972959518,2025.0,24.818969080003583,67.13473935915253
15054.33188976378,39.46719938000001,0.0591609887778759,0.1247830167412757,-0.1707028895616531,2025.0,25.115413123763027,67.28242239186179
16333.720669291342,41.17279136000002,0.0876407697796821,0.1037532985210418,-0.1681466996669769,2025.0,25.11783857503015,67.23714730154215
13720.196062992129,37.65223076000001,-0.133067175745964,0.2954970896244049,-0.2915753126144409,2025.0,25.008693268009623,67.16627022562513
15846.248228346456,41.473577120000016,0.0553714372217655,0.1241770610213279,-0.1772677153348922,2025.0,25.13077431512147,67.11398827608937
12256.260039370078,39.61759226000004,-0.0181913524866104,0.1039552241563797,-0.114569254219532,2025.0,24.838372690140567,67.06520975616168
8290.290551181102,27.551981660000024,-0.0151680000126361,-0.0290155448019504,0.0562817081809043,2025.0,24.79148063230953,67.19187221122253
16057.765452755904,42.84420314000002,0.0701213330030441,0.0839474201202392,-0.1367853879928589,2025.0,24.994679549577363,67.20453845672861
14614.450984251967,40.39177379,0.0406150333583354,0.1351913958787918,-0.1805549710988998,2025.0,24.933504278728822,67.37566751835338
14697.51692913386,40.09611505999999,0.0502134598791599,0.0846109390258789,-0.1337054073810577,2025.0,25.079570343926655,67.35087401651168
14104.816141732284,36.233752460000005,-0.0294653791934251,0.224966824054718,-0.2354408055543899,2025.0,25.10355536201265,66.98004946722715
14172.96968503937,42.26997577999998,0.0643657520413398,0.1018139645457267,-0.1497605592012405,2025.0,24.85157792481712,67.41204928736023
14617.35501968504,37.90345523000002,0.0387351140379905,0.1445774286985397,-0.1995317488908767,2025.0,24.98309128241222,67.38590831259235
15090.35501968504,39.79020227000004,0.0621657259762287,0.0957361832261085,-0.1440596878528595,2025.0,24.884186769630663,66.91456228301483
15310.640944881889,40.436208050000005,0.0442152768373489,0.0536749549210071,-0.0999154224991798,2025.0,25.03375626443656,67.08973376341814
14651.466732283465,39.86027167999998,-0.0307907443493604,0.201991006731987,-0.22701196372509,2025.0,25.079300849341426,67.36704369162584
13994.613877952756,40.34904854000001,-0.0018512811511754,0.1454108506441116,-0.1760639250278473,2025.0,25.01812557849288,67.11291029774843
16574.420964566933,42.01020626000002,0.0566066280007362,0.1075553148984909,-0.1558090597391128,2025.0,25.09439254611463,66.87979748151942
15443.477559055116,40.297778240000014,0.0530668497085571,0.1192300766706466,-0.1678706705570221,2025.0,25.147213484820856,67.40153899853603
16361.763976377955,41.59320782000003,0.0879383981227874,0.0812188610434532,-0.1387431323528289,2025.0,25.08981113816562,67.12881047827734
18654.66850393701,41.67524030000004,0.1194385886192321,0.0633291378617286,-0.1437474340200424,2025.0,25.14748297940609,67.3869862909333
16522.116338582677,40.718194700000026,0.0804854333400726,0.0760506615042686,-0.1341959089040756,2025.0,24.956680813059105,67.21100632677428
8561.837795275593,27.81858722000004,-0.0288817286491394,-0.0351377017796039,0.0552541241049766,2025.0,24.766417635882597,67.39399315014943
18062.36141732284,42.21528746000004,0.0890993103384971,0.0734269991517067,-0.1294635385274887,2025.0,25.09035012733609,67.14417166963578
12347.455413385826,35.97227393000003,-0.0026700410526245,0.038199596107006,-0.0575416944921016,2025.0,24.796062040258537,67.17381607401173
15266.056299212598,41.70942050000002,0.0568191185593605,0.1160738542675972,-0.1632444262504577,2025.0,25.01246619220293,67.22205560476895
15206.064173228344,40.30461428000001,0.0537634417414665,0.1047349274158477,-0.1501282006502151,2025.0,25.02513243770901,66.95525596538545
15141.00561023622,39.30997046000002,0.0510155968368053,0.068044789135456,-0.1075255870819091,2025.0,24.92137702239321,66.98058845639763
11300.063681102363,30.72561323000002,-0.187917411327362,0.2143166214227676,-0.1952307820320129,2025.0,24.738390199018063,67.2802664351799
14544.89192913386,40.834407380000016,0.0431602448225021,0.1229771375656127,-0.165422037243843,2025.0,25.10598081327977,66.96926968381771
14744.18031496063,40.195237640000016,0.0677854716777801,0.049855001270771,-0.0940606519579887,2025.0,24.943206083797318,66.97977997264191
15115.822047244095,42.07514864000001,0.0238312743604183,0.1537565290927887,-0.1949494481086731,2025.0,24.994679549577363,67.392376182638
14497.142913385827,37.08142142000003,-0.0364967659115791,0.209160104393959,-0.2259927839040756,2025.0,25.079300849341426,66.97277311342579
14211.087303149605,36.67125902000004,-0.0307175461202859,0.2185007631778717,-0.2409533560276031,2025.0,25.031869802339912,66.93585235524847
14887.236417322834,39.87736178,0.0008607772761024535,0.1035171896219253,-0.1363387256860733,2025.0,24.89523604762533,67.0773370124973
14442.431299212598,36.96520873999998,0.0281786527484655,0.0985360667109489,-0.1441984325647354,2025.0,24.85831528944802,67.29643611029404
13886.543996062992,37.64026769000003,-0.0062294364906847,0.1295714974403381,-0.1501651555299759,2025.0,24.95479435096245,67.1239595757431
14354.013976377952,38.209368020000056,-0.0185046531260013,0.1597927808761596,-0.1901857256889343,2025.0,24.91706510902944,67.17624152527885
15865.208366141733,40.86858758,0.0775783658027648,0.0860712230205535,-0.1466904282569885,2025.0,25.082265289779016,67.36354026201778
17970.849606299213,41.66840425999999,0.0763462409377098,0.0777665674686431,-0.1486452966928482,2025.0,25.1377811743376,67.37297257250103
14317.546456692911,41.40863474,0.0486532859504222,0.0707447230815887,-0.1152527704834938,2025.0,24.834330271362028,67.33766878183513
14927.0125,40.32683141000001,0.0650468841195106,0.1044109687209129,-0.1552484929561615,2025.0,24.978779369048446,66.87656354649658
14188.19212598425,42.24946766000005,0.0844069421291351,0.1051264554262161,-0.1533281356096267,2025.0,24.94428406213826,66.91779621803767
14536.761023622046,40.50285944000001,0.0538471974432468,0.0811616480350494,-0.1304372996091842,2025.0,24.891732618017265,67.31395325833438
14873.624212598424,37.22497826000006,-0.0278621688485145,0.206878125667572,-0.2282106131315231,2025.0,24.978779369048446,67.16034134474994
14051.899803149605,40.43108102000002,0.0566094368696212,0.0922296345233917,-0.1385704725980758,2025.0,24.826784422975425,67.40288647146221
14649.47559055118,40.49431439,0.0448941811919212,0.0552508682012558,-0.0955344438552856,2025.0,24.96018424266717,67.00214802321649
16158.736417322834,41.58637178000004,0.0707186609506607,0.1125083118677139,-0.1721869856119156,2025.0,25.104902834938827,67.32742798759617
16246.307283464568,40.09611505999999,0.0419837571680545,0.0629035159945488,-0.103970356285572,2025.0,24.83567774428821,67.15063953968145
16955.67883858268,41.31463919000001,0.0779302269220352,0.0730286166071891,-0.1381737142801284,2025.0,25.05908875544873,67.35222148943787
8397.756594488188,28.454338940000014,-0.0169600248336792,-0.0308127030730247,0.0529159754514694,2025.0,24.77692792470679,67.3126057854082
15691.16062992126,40.885677680000015,0.0251345131546258,0.147319883108139,-0.1882864534854889,2025.0,24.972850488173258,67.35302997319357
14876.020866141736,40.94891105000002,0.0588168315589427,0.0808682814240455,-0.1341489255428314,2025.0,24.997913484600197,67.34171120061367
15432.050393700789,42.27510281000002,0.0853413641452789,0.0908581316471099,-0.1469355970621109,2025.0,25.12780987468388,67.05308249982606
14734.891437007873,39.352695710000006,0.05344083532691,0.0628829225897789,-0.1085574924945831,2025.0,24.82597593921972,67.43926824046905
14610.763976377952,38.51015378,0.0169546529650688,0.0984702929854393,-0.13384909927845,2025.0,24.86882557827222,67.19699260834201
8506.389960629922,29.356696220000003,-0.0146631198003888,-0.0287559404969215,0.0432121008634567,2025.0,24.768304097979243,67.33551282515324
15790.82155511811,43.86960914000002,0.0527025982737541,0.1219194158911705,-0.1652391254901886,2025.0,25.068790560517225,67.15037004509621
14785.012007874016,38.51698982000005,0.0098464395850896,0.0556282550096511,-0.0898396447300911,2025.0,24.820047058344528,67.06251481030932
13615.262992125983,39.40738403,0.0282536353915929,0.0407025702297687,-0.0686165168881416,2025.0,24.88688171548302,67.04068574890522
14699.774803149605,38.85879182000002,0.0211603567004203,0.0610742457211017,-0.0926153734326362,2025.0,24.90763279854618,67.03664333012668
14117.103543307088,37.07971241000004,0.0398656651377677,0.1137427911162376,-0.1474844068288803,2025.0,25.04615301535741,66.97412058635196
16236.453937007876,42.79293284000005,0.0674251616001129,0.0864039212465286,-0.1499291956424713,2025.0,24.87717991041453,67.387794774689
15562.04842519685,41.01898046000002,0.0699208080768585,0.0838217511773109,-0.1390402615070343,2025.0,24.93188731121741,67.44223268090664
10921.499212598424,36.22349839999998,-0.006355298217386,0.0390069745481014,-0.0468680895864963,2025.0,24.77611944095108,67.3600368324097
13850.687696850391,36.85412309000003,-0.1224003583192825,0.3009823560714721,-0.3035370707511902,2025.0,24.96099272642288,67.3104498287263
15139.420472440945,43.11422672000003,0.0708301588892936,0.1140759289264679,-0.1605994254350662,2025.0,25.143979549798026,66.98112744556809
23046.79842519685,31.06570622000004,-0.054337028414011,0.0606204196810722,-0.1206134259700775,2025.0,24.99279308748071,67.01777870916017
14688.81811023622,40.10295110000004,0.0457373894751071,0.1045283898711204,-0.1511294096708297,2025.0,24.936738213751653,67.29670560487928
15499.151771653544,38.5990223,0.0832176506519317,0.0802341625094413,-0.1325031369924545,2025.0,25.03133081316944,66.96873069464725
15791.08779527559,42.29390192000005,0.0332412086427211,0.1463964730501175,-0.1904532760381698,2025.0,24.94940445925774,67.29185470234503
14069.557283464565,41.58637178000004,0.0012704328401014,0.1015413179993629,-0.137706458568573,2025.0,25.01489164347005,67.36246228367683
15762.458858267715,41.176209380000046,0.0620797351002693,0.0644829347729682,-0.1155595481395721,2025.0,24.85885427861849,67.2525084929006
13608.013976377952,41.14202918000001,0.0487414970993995,0.0972542241215705,-0.1353720724582672,2025.0,24.981474314900805,66.92345560432761
12345.18031496063,35.11605992,-0.1080469861626625,0.2377877682447433,-0.2361724227666854,2025.0,24.81654362873646,67.0886557850772
14112.387992125983,37.73426324000002,-0.0235869456082582,0.1887973994016647,-0.2125246822834015,2025.0,25.118916553371093,66.92668953935045
13909.324015748032,40.03459070000002,0.0174893867224454,0.0557353533804416,-0.0934150293469429,2025.0,24.864513664908444,67.25843737377579
9250.117322834643,27.69212048000003,-0.0501064769923687,-0.0513686537742614,0.0686184838414192,2025.0,24.82651492839019,67.0105023553588
14135.448031496064,42.06147656000002,0.0630758330225944,0.1210627704858779,-0.1657728552818298,2025.0,24.90385987435288,66.93207943105517
15214.447047244095,41.029234520000045,0.0668039619922638,0.0917770564556121,-0.1508778184652328,2025.0,24.838372690140567,67.39803556892797
15539.567618110235,39.38345788999999,0.0515403747558593,0.0840140506625175,-0.1345176547765731,2025.0,25.05477684208496,67.19187221122253
15246.609448818896,43.568823380000026,0.0647508054971695,0.1197768151760101,-0.1733635514974594,2025.0,24.962070704763825,67.28808177815174
8276.45787401575,27.716046620000043,-0.0188727211207151,-0.0241286866366863,0.0455996356904506,2025.0,24.77908388138868,67.18890777078494
16542.62716535433,42.06489457999999,0.0792566016316413,0.0796018466353416,-0.1366230100393295,2025.0,25.07444994680717,67.04257221100187
13788.450984251967,36.148301960000026,-0.067933939397335,0.2345915585756302,-0.2440294772386551,2025.0,25.065017636323923,66.90674694004299
16173.01003937008,41.24115176000004,0.071242518723011,0.1055234521627426,-0.1650453805923462,2025.0,25.031869802339912,67.3524909840231
13684.845177165353,41.430851870000026,0.0872250273823738,0.1189987510442733,-0.1698120087385177,2025.0,24.941858610871133,66.91537076677055
16558.956889763784,42.129836960000034,0.0752720311284065,0.0807726085186004,-0.1396219432353973,2025.0,25.0911586110918,67.0983575901457
12787.51348425197,39.352695710000006,0.048279982060194,0.0918430984020233,-0.1314455568790435,2025.0,24.81762160707741,67.41851715740589
15932.713287401572,41.11810304000002,0.0653353631496429,0.1295230388641357,-0.1821665614843368,2025.0,25.060975217545383,67.4020779877065
13774.359448818896,39.37491283999998,0.0140812620520591,0.1280355602502823,-0.1593469232320785,2025.0,24.81465716663981,67.34251968436938
16208.3781496063,42.553671440000016,0.0837314650416374,0.0704413577914238,-0.1275997012853622,2025.0,24.934582257069767,67.44950903470802
16549.307775590554,40.51311350000003,0.0858454778790474,0.079820230603218,-0.141025960445404,2025.0,24.997913484600197,67.3869862909333
15174.95,42.980923940000025,0.0736875012516975,0.1077372655272483,-0.1651668697595596,2025.0,25.136164206826187,67.0991660739014
14396.600098425197,39.87223475000002,0.0497822351753711,0.1029347777366638,-0.1371171772480011,2025.0,24.80172142654849,67.32904495510758
14547.7531496063,37.04382320000002,0.0276744123548269,0.1569317430257797,-0.1932158321142196,2025.0,25.06825157134675,66.91483177760007
15757.37027559055,40.37468369000004,0.0607944354414939,0.0997180044651031,-0.1496027708053589,2025.0,25.04372756409029,67.22987094774079
13639.988385826771,39.83976356000005,0.0190745759755373,0.0647658482193946,-0.0931906998157501,2025.0,24.85454236525472,67.05685542401937
15330.241338582677,41.61029792000002,0.0510116331279277,0.0594059415161609,-0.1054982990026474,2025.0,24.97581492861085,67.10805939521418
11999.021358267715,30.33083192000001,-0.2122349441051483,0.2968114614486694,-0.271323412656784,2025.0,24.73973767194424,67.27514603806041
14465.051377952756,41.08050481999999,0.0479187928140163,0.1320842206478119,-0.1749857664108276,2025.0,25.146135506479915,66.9751985646929
13010.356496062992,39.43985522000003,0.006490780506283,0.074267029762268,-0.098879724740982,2025.0,24.941050127115428,67.08973376341814
13813.953937007876,39.85343564000004,0.0154029401019215,0.0899809002876281,-0.1304809004068374,2025.0,24.85049994647618,67.42741047871867
13879.42440944882,36.24058850000006,-0.0116269951686263,0.190703347325325,-0.2129699289798736,2025.0,25.034834242777507,66.92992347437328
14884.456889763778,39.115143320000016,0.0325349643826484,0.0483697392046451,-0.0858691483736038,2025.0,24.967730091053777,67.03906878139381
14953.58779527559,40.81389926000003,0.0345404520630836,0.1368279606103897,-0.186050459742546,2025.0,24.892541101772974,67.35276047860835
14376.861909448817,38.27601941000003,-0.0631455183029174,0.2598617970943451,-0.2632783055305481,2025.0,25.04561402618694,66.92534206642426
16181.969685039374,41.897411600000055,0.0659022852778434,0.1110977008938789,-0.1685506850481033,2025.0,24.944823051308727,67.43792076754286
14263.171456692911,37.72400918000005,0.0257802624255418,0.1553805768489837,-0.2049504220485687,2025.0,25.068521065931986,67.01131083911451
15151.043503937008,41.15228324000003,0.0953463390469551,0.1106526032090187,-0.1630319058895111,2025.0,25.112448683325432,67.16276679601707
15590.866338582677,43.20993127999998,0.1110278517007827,0.0860721692442894,-0.1439094692468643,2025.0,25.06313117422727,66.85662094718913
15965.603543307088,41.13006611,0.0524817556142807,0.1155687570571899,-0.1678202003240585,2025.0,25.099782437819343,67.01750921457493
12570.638976377952,38.380269020000014,0.0224630255252122,0.0306025464087724,-0.0505849383771419,2025.0,24.947248502575853,67.05523845650795
14767.893897637794,41.61371594000002,0.0153480833396315,0.0688738003373146,-0.1271305084228515,2025.0,24.78797720270146,67.392376182638
15102.651771653542,41.00189036,0.0321077033877372,0.0744379758834838,-0.1170634552836418,2025.0,24.82220301502641,67.29508863736787
14484.972145669291,39.76969415000002,0.0314900204539299,0.1060903221368789,-0.1515919119119644,2025.0,24.80522485615656,67.3344348468123
13132.353051181102,38.91518915,0.0188722368329763,0.1054650023579597,-0.1344591379165649,2025.0,24.81654362873646,67.33712979266465
15944.57401574803,38.67080071999999,0.1054159849882125,0.1030852049589157,-0.1579499840736389,2025.0,25.145596517309443,66.89192473785502
16284.374212598424,42.48531104000003,0.0695286467671394,0.0978364571928978,-0.1530139595270156,2025.0,25.025671426879487,67.21909116433136
15440.647834645668,40.424244980000026,0.0385140515863895,0.054119911044836,-0.0952982753515243,2025.0,24.958836769740994,67.16707870938083
13285.054822834643,38.81093954000002,0.0182649809867143,0.0413684174418449,-0.0637317895889282,2025.0,24.846188033112405,67.03691282471192
15609.265944881889,40.41399092000006,0.0387948937714099,0.0970716774463653,-0.147294595837593,2025.0,25.008693268009623,67.1239595757431
13376.092716535431,33.30792733999999,-0.1232627928256988,0.2893102467060089,-0.2871046960353851,2025.0,25.03914615614128,66.92668953935045
15889.731988188976,40.87029659000001,0.0621093139052391,0.0704507529735565,-0.1234884113073349,2025.0,25.06043622837491,67.30344296951017
15280.72066929134,39.56632195999998,0.1004147380590438,0.0936781018972396,-0.1403112262487411,2025.0,25.14640500106515,67.3419806951989
14213.517913385827,39.84318158000002,0.0172967240214347,0.0681250169873237,-0.095831498503685,2025.0,24.869634062027924,67.02640253588771
17157.689173228347,41.736764660000006,0.0796412974596023,0.090018481016159,-0.1439695656299591,2025.0,25.097895975722697,67.1037474818504
14106.289566929134,38.359760900000026,0.0054519544355571,0.1401379853487014,-0.1727434992790222,2025.0,25.0130051813734,67.02236011710917
15003.453937007876,40.84807946000001,0.0474428869783878,0.0594279915094375,-0.1107300519943237,2025.0,25.028905361902314,67.11452726525984
15299.681299212598,38.07264722000002,-0.0045262677595019,0.1436297744512558,-0.1819856464862823,2025.0,24.868556083686983,67.2050774458991
15177.365354330708,41.304385130000014,0.0419299192726612,0.0958888009190559,-0.1432945728302002,2025.0,25.027557888976137,67.44304116466235
15944.763976377952,43.71408923000004,0.0728828608989715,0.086407370865345,-0.1545619666576385,2025.0,25.11622160751873,67.06952166952546
15408.96377952756,42.30073795999999,0.0756373777985572,0.100650817155838,-0.1446315497159958,2025.0,25.05854976627826,67.4268714895482
13148.637992125983,42.52632728000003,0.0628102570772171,0.065437264740467,-0.1025468930602073,2025.0,25.143979549798026,66.92291661515715
15890.452952755906,40.96771016,0.0681830868124961,0.0962709039449691,-0.151468813419342,2025.0,25.06717359300581,67.04553665143946
16566.082381889766,41.26336889000001,0.0769068151712417,0.0905650183558464,-0.1434185057878494,2025.0,25.092506084017977,67.13851228334583
14223.682283464568,40.21232773999998,0.0267960466444492,0.0471161939203739,-0.0803827419877052,2025.0,24.935929729995944,67.00403448531314
11923.498228346456,40.11320516000001,0.0059697250835597,0.0829025954008102,-0.1039049252867698,2025.0,24.99818297918543,66.963879792113
15842.76938976378,40.402027850000025,0.0416880883276462,0.133833110332489,-0.1779040992259979,2025.0,25.110292726643543,67.1819009115688
15160.605019685036,40.11833219000005,0.0383423827588558,0.0777302905917167,-0.1204201430082321,2025.0,24.98686420660552,67.04284170558711
13414.095669291337,41.12664809000003,0.0329222418367862,0.0575436390936374,-0.0889258533716201,2025.0,24.92919236536505,66.94232022529413
16542.31909448819,39.6415184,0.0504854805767536,0.106225661933422,-0.1576313078403473,2025.0,24.920299044052268,67.27811047849801
15100.231496062992,38.04017603,-0.0009348424500785768,0.197193443775177,-0.2261141538619995,2025.0,24.985516733679344,67.3373992872499
13657.7,39.516760670000025,0.0230022706091403,0.1468520313501358,-0.1760115325450897,2025.0,25.05369886374401,66.98058845639763
13701.648818897636,38.40419516000003,-0.0609869286417961,0.2285289466381073,-0.2404851913452148,2025.0,24.81519615581028,67.3449451356365
16627.190157480316,42.895473440000046,0.0645650178194046,0.0715429931879043,-0.1341484189033508,2025.0,25.03672070487416,67.32715849301093
16104.00216535433,40.35930259999998,0.0485608428716659,0.1245733276009559,-0.1847347766160965,2025.0,25.03025283482849,67.24415416075828
15280.3875,41.38641761000002,0.0420210361480712,0.0712779387831687,-0.1234455183148384,2025.0,25.011118719276748,67.10401697643564
14894.304330708665,39.72013286000004,-0.0111944349482655,0.1608234494924545,-0.1889542788267135,2025.0,24.930809332876464,67.21154531594475
14968.755118110235,39.79532930000005,0.0229294374585151,0.0661795288324356,-0.0994088575243949,2025.0,24.81546565039552,67.08245740961678
13907.888976377952,39.18008570000001,0.0208741463720798,0.0504420921206474,-0.0822580084204673,2025.0,24.928383881609346,67.13959026168678
15370.022834645668,40.13713130000002,0.0330232679843902,0.145961657166481,-0.1976589560508728,2025.0,25.13266077721812,67.1554904422157
12070.617814960628,32.21586995000004,-0.2052927762269973,0.2853318750858307,-0.2625255286693573,2025.0,24.765070162956413,67.29023773483362
16824.742322834645,42.90572750000001,0.0630683377385139,0.0774348676204681,-0.1476931422948837,2025.0,25.07741438724477,67.30991083955584
16982.734448818897,43.10055464000004,0.0794932320713996,0.0728761032223701,-0.127187967300415,2025.0,25.082265289779016,67.13985975627202
14343.298425196852,36.58580852000006,-0.0513612553477287,0.2164695709943771,-0.2282546311616897,2025.0,25.040224134482223,66.92695903393569
14111.322539370078,39.95939426000004,0.036947201937437,0.060971911996603,-0.0927754268050193,2025.0,24.99548803333307,67.0714081316221
15553.304822834643,39.04678292,0.0606603920459747,0.0964883267879486,-0.146615445613861,2025.0,25.06690409842057,67.12530704866927
8761.201476377952,26.969209250000038,-0.0352013744413852,-0.0278151668608188,0.0648435726761818,2025.0,24.738390199018063,67.29616661570881
16086.072047244095,40.01066456000001,0.0744236856698989,0.1047624722123146,-0.1575023233890533,2025.0,25.092506084017977,67.11883917862362
15262.282677165354,41.9486819,0.0727975517511367,0.114308200776577,-0.1680095940828323,2025.0,25.07876186017095,67.02613304130249
14862.448031496064,38.60244032000003,0.0835382938385009,0.0907476097345352,-0.1426862478256225,2025.0,25.06959904427293,66.85230903382535
13482.389960629922,40.71477668,0.0423661544919014,0.0801836028695106,-0.1159189417958259,2025.0,24.842415108919106,67.13473935915253
16467.889468503938,42.18281626999999,0.0815920904278755,0.1189986541867256,-0.1808906197547912,2025.0,25.140206625604726,67.14524964797673
16485.611417322838,40.20207368000001,0.0860939398407936,0.0841286703944206,-0.1408638656139373,2025.0,24.9882116795317,66.88788231907648
13810.137992125983,40.51311350000003,0.0012113380944356,0.1320852935314178,-0.163799449801445,2025.0,24.974736950269907,66.9180657126229
15851.641437007876,42.76217066000001,0.0754893571138382,0.0845583900809288,-0.1405228525400161,2025.0,25.03052232941373,67.28619531605509
14157.217716535431,38.99209460000003,0.035118855535984,0.1011645421385765,-0.147331953048706,2025.0,24.85831528944802,67.34979603817075
8244.268897637796,28.52269934000003,-0.0168792195618152,-0.0260990746319293,0.0396051965653896,2025.0,24.765070162956413,67.31233629082296
13724.66998031496,38.00257781000002,0.0436271168291568,0.0411810092628002,-0.0738521814346313,2025.0,24.914100668591843,66.96361029752777
16525.49527559055,41.95551794000005,0.1079841256141662,0.0757530555129051,-0.1315513253211975,2025.0,25.1092147483026,67.40773737399645
13049.698031496062,44.08323539,0.0417788252234458,0.1000710278749466,-0.1361815184354782,2025.0,24.82759290673113,67.2773019947423
12542.29744094488,38.35292486000003,0.0707629099488258,0.0682503134012222,-0.1071845069527626,2025.0,25.06825157134675,66.85473448509248
13659.025787401572,40.26701606,-0.00010297859989805148,0.0996910855174064,-0.1174951270222663,2025.0,24.77827539763297,67.34979603817075
13988.193602362207,39.689370680000025,0.0390185713768005,0.0421093553304672,-0.079948604106903,2025.0,24.855350849010424,67.26328827631004
14407.053346456692,39.77823920000003,0.0284770242869853,0.0562359578907489,-0.0907241180539131,2025.0,24.94859597550203,66.98678683185804
16631.401279527563,42.88180136,0.0951249673962593,0.0913747996091842,-0.1566798985004425,2025.0,25.093314567773685,66.90216553209399
11678.562696850391,32.66021255000001,-0.1877595037221908,0.2890761196613312,-0.266027569770813,2025.0,24.79148063230953,67.3134142691639
16099.135531496064,41.23260671000003,0.0818599388003349,0.0791233777999877,-0.1435178518295288,2025.0,25.027827383561373,67.33416535222706
14529.840748031496,42.02387834000001,0.0244944095611572,0.1277696192264557,-0.1706003844738006,2025.0,25.13454723931477,67.0999745576571
14995.705905511812,41.21722562000002,0.0215464662760496,0.1801904439926147,-0.2181607484817505,2025.0,25.035373231947972,66.91267582091818
15086.339271653542,38.9920946,0.0337304547429084,0.0557421334087848,-0.0895057767629623,2025.0,25.02674940522043,67.06467076699121
13961.46377952756,39.74747702000002,0.0616967566311359,0.0978301018476486,-0.1444265693426132,2025.0,25.02486294312378,67.30937185038536
15130.635039370076,39.21426589999999,0.0421280451118946,0.0630120784044265,-0.1074883267283439,2025.0,25.041032618237928,67.09458466595238
14988.344192913386,40.817317280000026,0.0685135051608085,0.1001081615686416,-0.1479962766170501,2025.0,25.010040740935807,67.43765127295764
14427.856988188978,41.007017390000016,0.0335794650018215,0.1328731924295425,-0.1706146597862243,2025.0,25.149369441502746,67.04850109187706
15280.267913385826,39.86710772000004,0.0482641831040382,0.0820742174983024,-0.1293697208166122,2025.0,24.95910626432623,66.93504387149277
15538.581397637794,39.93375911000004,0.0560369677841663,0.0562104806303978,-0.1004869937896728,2025.0,24.84052864682245,67.10913737355513
14807.928346456694,41.07708680000002,0.0464757680892944,0.0802265852689743,-0.117072120308876,2025.0,24.97150301524708,67.23795578529787
15966.2,41.13177512000004,0.0576979257166385,0.1132850274443626,-0.1697598397731781,2025.0,24.913022690250894,67.38617780717759
15000.33090551181,40.03117268000005,0.0349576584994792,0.1241558715701103,-0.1615748554468155,2025.0,24.917334603614677,67.23229639900791
15736.158169291337,38.96304143,0.0576976761221885,0.0898833721876144,-0.1484076082706451,2025.0,24.8806833400226,67.28700379981079
16085.618307086614,39.73380494000003,0.0556183084845542,0.099165566265583,-0.1567757427692413,2025.0,24.8672086107608,67.22852347481461
13285.585826771652,38.73232508000001,0.0281002260744571,0.0343000665307045,-0.0628232359886169,2025.0,24.90709380937571,67.02236011710917
15306.150787401575,41.31976622000002,0.0935345292091369,0.109061487019062,-0.1692255139350891,2025.0,25.08522973021661,67.24981354704825
13139.549901574805,43.30563584000004,0.0581959038972854,0.068104974925518,-0.1105666309595108,2025.0,24.858045794862782,67.39722708517226
14727.568602362204,41.20184453000002,0.0651843547821044,0.0805717781186103,-0.1353827714920044,2025.0,24.91544814151802,67.38995073137089
14667.257086614172,41.37103652000002,0.0583139769732952,0.0866328477859497,-0.1344998180866241,2025.0,24.87906637251118,67.19995704877961
16234.361417322834,41.00530838,0.0507793985307216,0.1218580603599548,-0.1730516850948333,2025.0,25.098165470307933,66.90539946711682
16017.079429133855,42.19990637000001,0.0810831412672996,0.0906861424446106,-0.1507061719894409,2025.0,24.966652112712836,67.40935434150786
14127.564173228346,36.40807147999999,0.0287337210029363,0.0894477441906929,-0.1242680996656417,2025.0,25.056932798766844,66.8668617414281
13739.135531496062,39.42960116,0.0353357680141925,0.0391248017549514,-0.070094458758831,2025.0,24.86909507285745,67.04607564060993
15113.97460629921,40.06535287999998,0.0279843173921108,0.0511619783937931,-0.0818982794880867,2025.0,24.78474326767863,67.08596083922484
14027.318602362204,37.94959850000001,-0.0061599081382155,0.1361155360937118,-0.161009207367897,2025.0,25.01327467595864,67.13985975627202
14489.73690944882,41.42059781,0.0747081935405731,0.0825316905975341,-0.1271432191133499,2025.0,24.98659471202029,67.1562989259714
11495.951968503938,32.76275315000001,-0.129950925707817,0.2031566351652145,-0.1897594630718231,2025.0,24.768034603394007,67.25951535211674
16023.531200787402,42.78780581000001,0.0822210013866424,0.0744586586952209,-0.1437862068414688,2025.0,24.88041384543736,67.39641860141654
13704.948031496062,40.85491550000006,0.0241437759250402,0.0611600242555141,-0.0800697728991508,2025.0,24.80360788864514,67.10563394394705
16020.523818897636,41.78119892000001,0.0619134381413459,0.0963013097643852,-0.1573167890310287,2025.0,25.00195590337873,67.32284657964716
14409.266437007873,36.88830329000004,-0.0268760658800601,0.203144371509552,-0.2261939197778701,2025.0,25.05639380959637,66.93666083900418
12454.49872047244,33.824048360000006,0.0657263100147247,0.107666976749897,-0.1354029178619384,2025.0,25.128887853024818,66.878180514008
15116.252165354332,40.77971906000005,0.0160848461091518,0.1441458463668823,-0.1906324326992035,2025.0,25.073910957636706,66.87656354649658
16084.967716535435,41.81708813000003,0.0658384189009666,0.0963547304272651,-0.1522384136915207,2025.0,24.936468719166417,67.10805939521418
15353.37568897638,39.32022452000001,0.0478701740503311,0.1275420933961868,-0.1685797423124313,2025.0,24.981474314900805,67.34844856524457
16381.595669291342,42.4272047,0.0833675339818,0.0777777805924415,-0.1351758986711502,2025.0,24.9453620404792,67.43684278920193
13453.91161417323,40.69255955000003,0.0255396589636802,0.0750012993812561,-0.1063444465398788,2025.0,24.894966553040096,66.97735452137479
16057.787106299213,41.47186811000003,0.0659291595220565,0.1057886332273483,-0.1595790237188339,2025.0,25.103824856597885,66.92210813140144
16393.716732283465,41.53510147999998,0.0712994709610939,0.084695316851139,-0.1475483328104019,2025.0,25.1054418241093,67.33200939554519
16390.94409448819,41.136902150000026,0.0930456519126892,0.095127023756504,-0.1466552764177322,2025.0,25.06798207676152,67.18243990073928
9984.402755905512,29.910415460000024,-0.0342325903475284,-0.0262810178101062,0.0414445586502552,2025.0,24.74162413404089,67.41016282526358
9729.714763779528,29.28149978000002,-0.0448783226311206,-0.0102984337136149,0.0349782891571521,2025.0,24.773155000513487,67.18944675995542
14134.246751968503,39.10318025000001,-0.0010434737196192,0.0845577418804168,-0.1092346459627151,2025.0,24.779892365144384,67.06170632655362
14684.860433070866,39.81754643000005,0.0106260608881711,0.0659611299633979,-0.0976983606815338,2025.0,24.924341462830803,67.04338069475757
11707.853543307088,31.66215071000002,-0.2017816007137298,0.2862254977226257,-0.2629217505455017,2025.0,24.751595433694614,67.37108611040438
12153.599606299213,29.71900634000002,-0.230977326631546,0.3086448609828949,-0.2913503646850586,2025.0,24.859393267788963,66.8857263623946
13478.95688976378,38.61440339000004,-0.0593550615012645,0.1991104334592819,-0.214209035038948,2025.0,24.92191601156368,67.19187221122253
14269.170472440945,38.87759093,0.0236654635518789,0.0546104237437248,-0.0826627910137176,2025.0,24.89766149889245,67.03260091134814
13807.100590551185,41.818797140000015,0.0694301724433898,0.056033793836832,-0.0865739434957504,2025.0,24.82597593921972,67.29293268068598
13742.708858267715,39.949140200000045,0.0028993703890591,0.070006288588047,-0.0943934395909309,2025.0,24.938624675848303,67.0751810558154
15176.064173228344,39.11001629,0.0101407123729586,0.12498389929533,-0.1580556184053421,2025.0,24.996296517088776,67.17947546030169
15212.76003937008,44.33104184000001,0.0882737040519714,0.1341887265443802,-0.1935887038707733,2025.0,24.98686420660552,67.27595452181612
13090.188188976375,41.04290660000004,0.0628293827176094,0.0785238519310951,-0.1192904189229011,2025.0,25.008154278839157,66.97654603761909
16016.099114173228,42.43745876000003,0.0669856369495391,0.0783352181315422,-0.1369390040636062,2025.0,25.08846366523944,67.36893015372249
15469.25708661417,42.79293284000005,0.0633828118443489,0.0815031081438064,-0.1351518779993057,2025.0,24.893619080113915,67.12369008115786
10000.53316929134,32.17143569000001,-0.0559789091348648,0.0859275385737419,-0.0775459557771682,2025.0,24.8025299103042,67.17327708484126
15072.071062992129,40.34221250000002,0.0498124547302722,0.1157679706811904,-0.1727111935615539,2025.0,24.989559152457883,67.4080068685817
14028.221653543304,35.51255024,0.0067536411806941,0.143918290734291,-0.1727909296751022,2025.0,25.055585325840667,66.89866210248591
14579.974606299213,41.53339247000002,0.044565912336111,0.1212521567940712,-0.168786883354187,2025.0,25.073371968466237,67.05874188611602
16956.38405511811,43.102263650000026,0.087065078318119,0.0974049046635627,-0.159883514046669,2025.0,25.12430644507581,67.14767509924386
13906.714763779526,38.506735760000026,0.0359989702701568,0.0401641353964805,-0.0692293420433998,2025.0,24.838372690140567,67.18055343864263
15667.423425196852,40.01066456000001,0.0716851204633712,0.1147195175290107,-0.1684256345033645,2025.0,24.95371637262151,67.28242239186179
14993.538582677167,42.91598155999998,0.0716760456562042,0.0865907967090606,-0.142808049917221,2025.0,24.86747810534604,67.38806426927424
13133.089763779528,39.35953175,0.0992871820926666,0.067272663116455,-0.1168561428785324,2025.0,25.130235325951,67.41285777111594
15062.086811023622,39.61075621999999,0.0313266776502132,0.0668685659766197,-0.1046008244156837,2025.0,25.045344531601703,67.10940686814035
15359.485925196848,43.90891636999999,0.0391972884535789,0.103819340467453,-0.153680682182312,2025.0,25.05908875544873,67.08326589337248
14080.919488188974,40.350757550000026,0.0454877167940139,0.0847775638103485,-0.1318103969097137,2025.0,25.01893406224859,67.42821896247438
14322.439173228347,39.76798514000001,0.02931066788733,0.0804243236780166,-0.1239436641335487,2025.0,25.06367016339774,67.32122961213574
14458.19311023622,41.49750326000003,0.0269540045410394,0.0707471370697021,-0.1034054011106491,2025.0,24.83217431468014,67.14336318588008
16071.86190944882,38.46230150000002,0.0569707080721855,0.1239056438207626,-0.1751881092786789,2025.0,25.07795337641524,67.19618412458631
14517.860433070866,39.10147124000002,0.0412344746291637,0.0437750704586505,-0.0796268135309219,2025.0,24.926227924927456,66.97708502678955
15447.617322834643,40.33195844,0.0248491782695055,0.11843191832304,-0.1620407849550247,2025.0,25.05450734749972,67.02074314959776
14071.578937007873,39.43301918000003,0.0384429395198822,0.0510844253003597,-0.0864989161491394,2025.0,24.963957166860475,66.96226282460158
15664.219685039372,40.913021840000056,0.0747187137603759,0.0997978299856185,-0.146626591682434,2025.0,25.043458069505053,66.97681553220431
14606.716732283465,39.73038692,0.0637632831931114,0.0839423164725303,-0.1319725811481475,2025.0,25.109753737473078,66.88303141654224
9567.585826771654,31.31180366000001,-0.0265366770327091,-0.0097884787246584,0.0243314336985349,2025.0,24.800104459037076,67.18297888990975
8673.061712598424,27.704083550000007,-0.0202220007777214,-0.0561790913343429,0.0922339186072349,2025.0,24.770190560075893,67.20750289716621
13826.638976377952,38.71865300000002,-0.0836752876639366,0.2622225284576416,-0.267427384853363,2025.0,25.081726300608544,66.97870199430098
8960.664566929134,28.078356740000004,-0.0269237663596868,-0.0574535019695758,0.073629580438137,2025.0,24.768304097979243,67.39561011766084
14999.891437007876,41.745309710000015,0.020365834236145,0.156008169054985,-0.1995825916528701,2025.0,25.10409435118312,67.07679802332682
14464.447539370078,35.57920163000003,0.0406406335532665,0.0705815777182579,-0.1153646185994148,2025.0,25.020281535174767,66.94744062241361
13535.938188976375,34.246173830000004,-0.000562957429792732,0.0674713551998138,-0.0872769951820373,2025.0,24.86074074071514,66.90486047794634
15661.666043307088,42.78951482000002,0.0785758346319198,0.0824754536151886,-0.1358592659235,2025.0,25.062053195886325,67.06224531572408
14644.76594488189,36.44566970000005,-0.1639142483472824,0.3404708206653595,-0.3166634440422058,2025.0,24.834330271362028,67.18459585742116
13974.890944881889,37.88978315000003,0.0401550978422164,0.0620136186480522,-0.1027120575308799,2025.0,24.960723231837644,66.94690163324314
10798.525787401575,36.903684380000016,-0.0376803949475288,0.0615549385547637,-0.0650679022073745,2025.0,24.82732341214589,67.43684278920193
14966.09960629921,38.1034094,-0.0049883062019944,0.1885827332735061,-0.2123148590326309,2025.0,25.138320163508077,67.19995704877961
9003.90127952756,27.04953272000003,-0.0343944802880287,-0.0748557448387146,0.0992214530706405,2025.0,24.766687130467822,67.25062203080395
14837.130118110235,41.12835710000002,0.0339478999376297,0.0604090318083763,-0.0925536081194877,2025.0,24.83567774428821,67.10051354682757
11548.448523622046,32.46709442000002,-0.1598142236471176,0.2279469221830368,-0.2108501642942428,2025.0,24.751325939109385,67.37890145337622
14034.233464566929,41.08050481999999,0.0086974967271089,0.0886406749486923,-0.117863081395626,2025.0,24.90278189601193,67.1239595757431
12326.714763779526,33.824048360000006,-0.2305431216955185,0.3239566087722778,-0.3041783273220062,2025.0,24.852655903158063,66.88491787863889
10801.640944881892,32.795224340000004,-0.1636711657047271,0.2201949805021286,-0.1956198662519455,2025.0,24.79363658899141,67.31853466628338
13139.494291338582,37.82313176000002,0.0103875920176506,0.0350861698389053,-0.0616744980216026,2025.0,24.873406986221227,67.05766390777508
14757.003641732284,41.60858891000004,0.0402364283800125,0.0665336474776268,-0.1123915463685989,2025.0,25.00977124635057,67.30344296951017
14692.418503937008,40.12004120000006,0.0821302384138107,0.1186835020780563,-0.160661295056343,2025.0,25.01435265429958,66.91698773428196
14812.181299212596,41.10443096000006,0.0445058159530162,0.0471597723662853,-0.0863486155867576,2025.0,24.84322359267481,67.10051354682757
14948.685236220472,38.87929994000001,0.0195782724767923,0.06764667481184,-0.1009347960352897,2025.0,24.820316552929764,67.03691282471192
15830.162106299213,38.725489040000014,0.045792456716299,0.089467816054821,-0.1393101215362548,2025.0,24.938085686677837,67.3382077710056
15345.686220472442,43.274873660000026,0.0428414084017276,0.1194693148136138,-0.1756400167942047,2025.0,25.00141691420826,67.36946914289297
13301.50905511811,38.03846701999999,0.0327609963715076,0.1202036589384079,-0.1544047743082046,2025.0,25.03833767238557,66.96091535167541
14197.120767716537,40.15251239000003,0.1060224771499633,0.0856583938002586,-0.1286905854940414,2025.0,25.143440560627557,67.41474423321259
11612.112401574805,40.80706322000003,0.1704284995794296,0.0246509984135627,-0.0407897680997848,2025.0,24.8416066251634,67.22205560476895
13659.327952755906,37.61121452000003,0.0808293595910072,0.1190128624439239,-0.1685789972543716,2025.0,25.14182359311614,66.8512310554844
15674.348622047244,40.28239715000001,0.043445661664009,0.0519923605024814,-0.1020610406994819,2025.0,25.02513243770901,67.11560524360078
13763.914566929134,38.674218740000015,0.0262944065034389,0.0450708158314228,-0.0778368264436721,2025.0,24.86909507285745,66.96414928669823
13535.839763779528,39.88932485000001,0.0373655669391155,0.0449445210397243,-0.0817501172423362,2025.0,24.93916366501877,67.17300759025602
11908.273818897636,32.774716220000016,-0.1979366689920425,0.2820533215999603,-0.2593912184238434,2025.0,24.76372269003023,67.30910235580014
14258.229527559057,38.73574310000004,0.0583996400237083,0.1256487220525741,-0.1671852618455886,2025.0,25.11110121039925,67.41851715740589
16870.15177165354,38.031630980000045,0.0857680141925811,0.0640296787023544,-0.1261917501688003,2025.0,24.97904886363368,67.34278917895462
16186.622244094491,40.588309940000045,0.0694456920027732,0.1154583841562271,-0.1762470006942749,2025.0,25.11002323205831,67.16492275269894
14560.115354330708,38.92715222000004,0.0059465426020324,0.1019691228866577,-0.1320037990808487,2025.0,24.86747810534604,67.06763520742881
14040.411122047244,36.12266681000003,-0.1365024745464325,0.3437158167362213,-0.3266091644763946,2025.0,25.07148550636958,66.91213683174772
9491.791043307088,27.74168177000001,-0.0333523750305175,-0.0142367277294397,0.027894739061594,2025.0,24.83082684175396,67.00214802321649
14106.789566929134,40.02433664,0.0334373340010643,0.0784576162695884,-0.11055688560009,2025.0,24.78689922436052,67.06952166952546
13628.451968503938,37.21301519000002,-0.0272732358425855,0.2151978015899658,-0.2327745258808136,2025.0,25.065826120079628,67.02882798715484
14838.259055118113,40.32170438,0.0616778768599033,0.1087031066417694,-0.1544729024171829,2025.0,24.95695030764434,67.44358015383283
16514.506102362207,41.59320782000003,0.0782040655612945,0.0687049701809883,-0.1309036761522293,2025.0,25.1234979613201,67.36731318621108
13961.810236220474,39.70987880000001,0.0345445498824119,0.0567041561007499,-0.096111424267292,2025.0,24.991984603725005,66.99298520731847
13813.062204724409,39.18008570000001,-0.0037435963749885,0.1052014529705047,-0.1329059153795242,2025.0,24.824628466293536,67.1096763627256
12153.940649606298,40.176438529999984,-0.0120848398655653,0.1248095259070396,-0.1507724374532699,2025.0,24.80495536157132,67.35383845694928
15404.757086614172,40.33024943000004,0.0433195009827613,0.1624945551156997,-0.2026376724243164,2025.0,24.87071204036887,67.33281787930089
14979.242814960628,41.42230682000002,0.0426225289702415,0.1210018768906593,-0.1646430790424347,2025.0,25.10409435118312,67.025594052132
15500.788582677164,41.11810304000005,0.1102031171321868,0.0898590460419654,-0.1392204761505127,2025.0,25.125653918001987,67.34144170602843
13526.715748031496,39.576576020000005,0.0141525296494364,0.1573130488395691,-0.1848205476999282,2025.0,24.87125102953934,67.42121210325824
14259.227559055118,39.491125520000026,0.03898586332798,0.0382963716983795,-0.071893535554409,2025.0,24.92865337619458,67.00645993658026
13922.00118110236,40.882259660000045,0.0739795267581939,0.1059726253151893,-0.1543389558792114,2025.0,24.826245433804957,67.36731318621108
11985.197047244092,34.96908506,-0.0430811084806919,0.2016914337873459,-0.205930083990097,2025.0,25.02216799727142,66.98436138059093
8143.123228346458,26.98459034000001,-0.0198106151074171,-0.0233781412243843,0.0448304191231727,2025.0,24.775849946365845,67.1856738357621
13606.374212598426,38.7015629,0.0326659642159938,0.0602669455111026,-0.0932630077004432,2025.0,24.871520524124577,67.05227401607036
15154.26496062992,40.63958024000004,0.0983247458934784,0.0893991440534591,-0.1400182694196701,2025.0,25.14182359311614,67.273529070549
10496.267421259843,32.76446216000002,-0.132239893078804,0.1480051577091217,-0.1417542397975921,2025.0,24.856698321936605,66.91537076677055
14696.375196850391,38.9066441,-0.0024579633027315,0.1641383469104766,-0.2004513144493103,2025.0,24.94670951340538,67.28269188644701
13012.509055118113,36.81823387999998,-0.104049801826477,0.2604210078716278,-0.2579689919948578,2025.0,24.94293658921208,67.11776120028267
11771.223622047244,32.89776494,-0.1753498166799545,0.2504613101482391,-0.2284796088933944,2025.0,24.76614814129736,67.26490524382145
15863.062696850391,42.07856666000001,0.0808412432670593,0.0881615653634071,-0.1459612846374511,2025.0,25.069868538858167,67.06116733738314
15844.27874015748,39.781657220000056,0.0492390319705009,0.1196802854537963,-0.1690162718296051,2025.0,25.072563484710525,67.15845488265329
16120.317618110235,42.898891460000016,0.0550747737288475,0.0911497101187706,-0.1448366492986679,2025.0,24.99683550625925,67.2021130054615
15686.214763779526,41.04974263999998,0.0598756559193134,0.0883715599775314,-0.138702392578125,2025.0,25.00465084923109,67.37324206708627
11064.3875,34.45980008000001,-0.1402983218431472,0.2453897446393966,-0.2251906096935272,2025.0,24.81142323161698,67.30559892619206
15140.43277559055,39.754313060000015,0.0200888197869062,0.0591454170644283,-0.0927214920520782,2025.0,24.85238640857283,67.20265199463196
13564.031692913386,40.622490140000025,0.0474006608128547,0.0882877707481384,-0.1250752955675125,2025.0,24.81088424244651,67.42175109242872
14251.295472440946,39.34756868,-0.0116135152056813,0.1946213245391845,-0.2202463299036026,2025.0,24.89308009094345,67.13500885373777
15530.948031496064,39.35440472000002,0.0614638067781925,0.102184422314167,-0.1539343744516372,2025.0,24.923263484489866,67.43172239208245
14612.937204724409,40.24479893000006,0.0413771383464336,0.0622160211205482,-0.0993728339672088,2025.0,24.981474314900805,67.0751810558154
17132.86338582677,40.91985788,0.0793121084570884,0.0705512911081314,-0.1342861503362655,2025.0,25.03564272653321,67.2260980235475
16141.993307086615,40.14738536000005,0.0727098286151886,0.1237644031643867,-0.1925392597913742,2025.0,25.112448683325432,67.25601192250866
15515.034645669291,39.62442829999998,0.0432883016765117,0.0581449940800666,-0.0999604910612106,2025.0,24.900625939330048,67.20911986467763
12345.937204724409,29.677990099999988,-0.2347459942102432,0.3259359896183014,-0.3096784055233001,2025.0,24.856698321936605,66.97034766215866
15808.339271653542,39.57657602000003,0.0490829870104789,0.0972518175840377,-0.1491871774196624,2025.0,24.85157792481712,67.27191210303758
15161.895866141733,41.55219158,0.0374066121876239,0.1393394768238067,-0.1839516460895538,2025.0,24.99656601167401,67.22151661559847
15923.448031496064,40.22941784,0.061718076467514,0.0740861371159553,-0.1259793937206268,2025.0,25.07148550636958,67.1029389980947
15497.44311023622,41.07025076000002,0.0746292471885681,0.0926233008503913,-0.1458703428506851,2025.0,25.077683881830005,67.03260091134814
14651.498228346458,40.29436022000005,0.054463442414999,0.1186212673783302,-0.1621375232934951,2025.0,24.894966553040096,66.93989477402701
13754.993307086614,40.24650794000004,0.0371893644332885,0.1914030909538269,-0.2261598259210586,2025.0,25.00465084923109,67.01885668750111
16225.12027559055,42.93136265000004,0.0581936761736869,0.081348642706871,-0.1378306448459625,2025.0,25.006806805912976,67.25223899831536
16521.51102362205,42.13325498000006,0.0936896950006485,0.0906512066721916,-0.1533021777868271,2025.0,25.11783857503015,67.26517473840669
15685.114370078738,39.69278870000005,0.046085700392723,0.0657219067215919,-0.1183670982718467,2025.0,25.06420915256821,67.32203809589146
13681.288090551176,37.68470195,0.024610111489892,0.1108999475836753,-0.1553491204977035,2025.0,25.05639380959637,67.40908484692264
14195.44311023622,39.38516690000006,0.0204207748174667,0.093498907983303,-0.1296592056751251,2025.0,24.993601571236415,66.99325470190371
12319.28809055118,34.97933912000002,-0.1509600430727005,0.2967398166656494,-0.2866696119308471,2025.0,25.064748141738686,66.97304260801101
17795.48346456693,41.357364440000026,0.0852585881948471,0.0756252184510231,-0.1422692835330963,2025.0,25.12457593966105,67.37405055084197
14543.072539370078,40.23625388000002,0.0418275222182273,0.1366585940122604,-0.1814431697130203,2025.0,24.859123773203727,67.416361200724
15986.205905511812,40.21574576,0.0671425610780716,0.1160883679986,-0.1718820333480835,2025.0,25.072563484710525,67.23876426905358
14250.163582677164,39.40396601000003,-0.0018848781473934,0.1485834866762161,-0.1777185201644897,2025.0,24.964765650616183,67.21235379970045
17672.124212598424,42.24946766000005,0.08622357994318,0.0856591239571571,-0.143064260482788,2025.0,25.113526661666373,67.13554784290824
8100.79842519685,28.269765860000035,-0.0093337669968605,-0.029471255838871,0.0486769564449787,2025.0,24.77288550592825,67.30317347492495
16272.142421259843,41.55390059000001,0.0762276798486709,0.1107717528939247,-0.1725876182317733,2025.0,25.12969633678053,67.23876426905358
15828.72066929134,40.34221250000002,0.0707086846232414,0.1014192774891853,-0.1600205898284912,2025.0,24.883917275045427,67.26840867342952
16451.936220472446,43.438938620000044,0.0963526144623756,0.0569376312196254,-0.1191451996564865,2025.0,25.143979549798026,67.11479675984508
15904.81122047244,36.295276820000026,0.0126427626237273,0.1339283138513565,-0.1781714707612991,2025.0,24.862627202811797,67.17085163357413
15644.37716535433,41.42230682000002,0.0501978546380996,0.0638667121529579,-0.1074420139193534,2025.0,24.97581492861085,67.02047365501252
11563.49527559055,32.873838800000044,-0.1829859018325805,0.285376101732254,-0.2655941843986511,2025.0,24.79255861065047,67.3163787096015
14257.90866141732,40.15080338000001,0.0101098231971263,0.1202922537922859,-0.1538873016834259,2025.0,24.869364567442688,67.34440614646603
11976.30531496063,36.52086614000001,-0.0102371480315923,0.0681127682328224,-0.0891507491469383,2025.0,24.84807449520905,66.90674694004299
17354.92539370079,42.37080737000002,0.0812611430883407,0.0845626220107078,-0.1474458426237106,2025.0,25.10598081327977,67.14363268046532
14067.96279527559,40.68059648000002,0.0742452815175056,0.0892299339175224,-0.1375079751014709,2025.0,24.92973135453552,67.3840218504957
15476.993307086614,41.28216800000001,0.0747311115264892,0.0799905508756637,-0.1294672936201095,2025.0,24.937277202922125,67.40100000936556
14730.91062992126,39.64835444000005,0.0308653209358453,0.0705523267388343,-0.1095788404345512,2025.0,24.885264747971604,67.27002564094093
11732.93868110236,29.65406396,-0.2020251601934433,0.2917652428150177,-0.261344701051712,2025.0,24.768843087149715,67.40773737399645
15842.11190944882,38.450338430000016,0.0075331958942115,0.1914524585008621,-0.2166353613138198,2025.0,24.8806833400226,67.18136192239834
11366.047440944882,32.62090532000002,-0.1586877703666687,0.2468260526657104,-0.2323296815156936,2025.0,24.759680271251696,67.42148159784348
13963.303346456692,39.58683008000003,0.0341260321438312,0.0384707003831863,-0.0726942420005798,2025.0,24.924341462830803,67.03879928680857
13977.136515748032,39.12539738000004,0.0461643114686012,0.0543295741081237,-0.0944836810231208,2025.0,24.96422666144571,66.97007816757342
13846.116338582677,39.69278870000005,0.0317212976515293,0.044413149356842,-0.0743854865431785,2025.0,24.86693911617557,67.0420332218314
15529.555807086614,40.60369103000002,0.0679004341363906,0.1226623058319091,-0.1755961030721664,2025.0,25.12511492883152,67.04365018934281
16213.169488188978,41.18133641000003,0.0636988133192062,0.1180697232484817,-0.1806555241346359,2025.0,25.108136769961657,67.21450975638234
14946.520866141736,41.80854308000002,0.055718932300806,0.112590916454792,-0.1631347388029098,2025.0,24.909249766057595,66.91752672345243
13980.703444881889,41.38470860000004,0.0454651527106761,0.1125918477773666,-0.1552106440067291,2025.0,24.989289657872646,67.43145289749721
11952.57992125984,39.115143320000016,-0.0070484294556081,0.0984582304954528,-0.1138425767421722,2025.0,24.891193628846796,67.08003195834965
15043.851574803148,41.46161405000004,0.0732406750321388,0.0929124876856803,-0.1412886381149292,2025.0,24.916526119858965,67.36731318621108
17237.634547244095,41.17450037,0.0839715749025344,0.0752647146582603,-0.1367888748645782,2025.0,24.87933586709641,67.27918845683895
15590.59566929134,40.50285944000001,0.0462064445018768,0.125173807144165,-0.1799286305904388,2025.0,24.920838033222736,66.8857263623946
16513.756102362207,41.87348545999998,0.0732540860772132,0.061651948839426,-0.1118163764476776,2025.0,25.026479910635192,66.98058845639763
14308.005118110235,41.20355354000003,0.0414710491895675,0.0459698885679245,-0.0853741988539695,2025.0,24.97581492861085,67.10563394394705
14997.506102362204,40.34904854000001,0.038095835596323,0.0412284880876541,-0.0787709504365921,2025.0,24.935660235410708,67.0600893590422
14056.981988188978,41.66156822000005,0.0722237825393676,0.0890157669782638,-0.1369987726211547,2025.0,25.086577203142788,67.42363755452537
13957.572047244095,41.20184453000002,0.0460860356688499,0.0453560389578342,-0.0765705928206443,2025.0,24.85103893564665,67.13959026168678
14502.322047244095,34.251300860000015,0.0004739186842925847,0.1084619909524917,-0.1268147826194763,2025.0,24.792289116065238,66.97951047805668
14124.12125984252,38.91860717000003,0.0033541584853082,0.0971568971872329,-0.1247535720467567,2025.0,24.980126841974627,67.04742311353611
16485.42145669292,38.86562786000002,0.0704211369156837,0.0866359174251556,-0.1437807530164718,2025.0,25.051003917891656,67.29697509946452
13588.103543307088,38.017958900000025,-0.0557007268071174,0.235469102859497,-0.2527479529380798,2025.0,25.056932798766844,66.91968268013431
15136.456889763778,40.15080338000001,0.0496185310184955,0.1281343251466751,-0.1782313883304596,2025.0,25.02540193229425,66.85581246343342
15953.985433070866,40.50627745999998,0.093811459839344,0.0929090827703476,-0.1468631774187088,2025.0,25.103824856597885,67.37890145337622
13861.663582677164,40.29265121000003,0.0512855239212513,0.1085083559155464,-0.1512054651975631,2025.0,25.058280271693025,67.00538195823933
15722.478543307085,42.17768924000001,0.0903486907482147,0.0758440420031547,-0.1301406621932983,2025.0,25.130504820536235,67.32742798759617
14773.006594488188,40.32170438,0.0064658606424927,0.0377096943557262,-0.0722320526838302,2025.0,24.872867997050754,66.9676527163063
13953.942125984251,36.87975824,-0.1138175874948501,0.3018994331359863,-0.2921234369277954,2025.0,25.058819260863498,66.8992010916564
14423.465748031496,40.66692440000003,0.0467958636581897,0.0855497345328331,-0.1313894838094711,2025.0,24.9768929069518,67.15602943138616
13707.363385826771,38.92031617999999,0.0338961109519004,0.0447312444448471,-0.0742990672588348,2025.0,24.81843009083311,67.1323139078854
14869.60157480315,40.43108102000002,0.0713697224855423,0.0889487862586975,-0.1328371912240982,2025.0,25.077144892659533,67.25277798748584
14029.696062992123,38.696435870000016,0.0290117487311363,0.0504398271441459,-0.085368163883686,2025.0,24.94051113794496,67.00807690409168
14526.804822834643,39.76969415000002,0.0613135695457458,0.1255682855844497,-0.1690313965082168,2025.0,24.93377377331406,67.42363755452537
13829.181299212598,36.45934178000002,0.0505842342972755,0.1245440021157264,-0.1607748866081237,2025.0,25.020551029760004,66.92830650686186
16247.49133858268,42.31782806000001,0.0808986276388168,0.0954282656311988,-0.1592027246952057,2025.0,25.10678929703548,67.30344296951017
16246.967716535431,40.12687724,0.0705879628658294,0.1157447025179863,-0.1784266084432602,2025.0,25.04399705867552,67.25762889002009
17106.09173228347,42.83736710000005,0.0808176025748252,0.081241950392723,-0.1345524489879608,2025.0,25.04938695038024,67.22636751813272
16021.027263779528,42.31441004000001,0.0729679763317108,0.0955569073557853,-0.1542254239320755,2025.0,25.001147419623024,67.26409676006574
14829.510039370078,39.262118180000016,0.0456671305000782,0.1276970356702804,-0.1867978423833847,2025.0,24.87906637251118,67.26167130879863
16374.886515748032,40.36613864000003,0.0621703453361988,0.0641978681087493,-0.1175004914402961,2025.0,25.07552792514812,67.03879928680857
15720.097637795276,40.99847234000004,0.0786899551749229,0.0645867064595222,-0.1213288232684135,2025.0,24.96180121017859,66.88680434073554
13852.897342519684,37.54627214000004,0.0441636033356189,0.0321594662964344,-0.0577323995530605,2025.0,24.824089477123064,66.99136823980706
14564.3687992126,39.99870149,0.0310861859470605,0.0557124838232994,-0.089622639119625,2025.0,24.88283929670448,67.19241120039301
10452.817618110235,30.952911560000015,-0.105694405734539,0.1291008591651916,-0.1087972894310951,2025.0,24.74970897159797,67.38833376385948
16342.344192913388,41.74701872000003,0.0767786875367164,0.0765479654073715,-0.1373016089200973,2025.0,25.0130051813734,67.29293268068598
16007.799901574805,39.86198069,0.0473872125148773,0.0320160500705242,-0.0700783059000969,2025.0,24.87933586709641,66.8924637270255
14116.267913385824,38.86562786000002,-0.0374762527644634,0.2154914885759353,-0.2347860187292099,2025.0,25.022706986441893,66.91698773428196
15240.970177165353,40.25334398000001,0.0745290592312812,0.0962491855025291,-0.1534025371074676,2025.0,25.029713845658023,67.3584198648983
15566.947047244092,41.07537779000003,0.0674681812524795,0.0649938657879829,-0.1194868385791778,2025.0,24.97204200441755,66.89650614580404
16201.461811023622,41.60517089000004,0.0667904019355773,0.0891726464033126,-0.1520234942436218,2025.0,25.05639380959637,67.23499134486028
13298.590748031496,39.96623030000001,0.0102175576612353,0.0737347975373268,-0.1020707115530967,2025.0,24.829209874242547,67.24846607412206
13626.080413385826,38.501608730000015,0.0393353290855884,0.075884148478508,-0.1075054109096527,2025.0,25.041032618237928,67.42741047871867
13228.151771653544,37.36853510000003,-0.0928889513015747,0.2444285154342651,-0.2512088418006897,2025.0,24.87906637251118,67.25412546041201
15475.186712598424,40.14396734000002,0.0678650140762329,0.0893318802118301,-0.1449829488992691,2025.0,24.9663826181276,67.34278917895462
14631.296456692917,32.93536316000001,0.0625597760081291,0.0464112609624862,-0.0922469720244407,2025.0,24.83621673345868,66.9180657126229
14038.523818897638,39.66886255999998,0.0325547270476818,0.0734430998563766,-0.1117839142680168,2025.0,24.839450668481508,67.26113231962815
9096.979035433067,27.237523820000035,-0.049109797924757,-0.0488159731030464,0.074210412800312,2025.0,24.73596474775094,67.27999694059466
12222.731496062992,30.54445817000004,-0.2091710716485977,0.2782411575317383,-0.2548786997795105,2025.0,24.76911258173495,67.18432636283593
16026.026771653544,41.22064364000005,0.0790473222732544,0.0576595440506935,-0.1093658208847045,2025.0,25.07283297929576,67.04823159729182
14271.93622047244,37.34119094000005,-0.0323465764522552,0.1555220633745193,-0.1736456006765365,2025.0,24.95856727515576,67.16222780684659
14636.193110236218,40.43791706000002,0.0226653590798378,0.0672318115830421,-0.0984899252653122,2025.0,24.859393267788963,67.07006065869592
16974.17293307087,40.28068814,0.0681969001889228,0.0944607332348823,-0.1540186405181884,2025.0,25.132121788047648,67.23768629071263
13832.406692913384,40.70623163000005,0.0062491968274116,0.0627423748373985,-0.0929934531450271,2025.0,24.839450668481508,67.11695271652697
14803.908661417325,38.84511974000003,0.0177222993224859,0.0838049575686454,-0.1223610118031501,2025.0,24.93431276248453,67.14444116422102
17053.430314960628,41.65473218,0.0801082551479339,0.0873257219791412,-0.154958114027977,2025.0,25.04696149911312,67.28835127273697
15844.70098425197,38.92031617999999,0.0574610866606235,0.078030802309513,-0.1374736279249191,2025.0,24.89092413426156,67.2525084929006
17221.626181102365,44.69676998000003,0.0631073042750358,0.09561537951231,-0.1557828336954116,2025.0,24.98659471202029,67.2886207673222
14185.641437007876,40.45158914000001,0.0583889968693256,0.0909124910831451,-0.1447393894195556,2025.0,24.86693911617557,67.40665939565551
12885.490846456692,40.08244298,0.0243183653801679,0.0340265110135078,-0.0522638484835624,2025.0,24.75051745535368,67.31287527999343
14842.777755905512,41.07366878000002,0.0840605422854423,0.107377253472805,-0.1676912903785705,2025.0,24.941319621700664,66.8684787089395
11759.07844488189,42.12641894000004,0.0312637649476528,0.0526619143784046,-0.0874263793230056,2025.0,24.976084423196088,66.92507257183904
14126.92440944882,39.44669126000002,0.0322087407112121,0.0369376987218856,-0.0693891793489456,2025.0,24.824089477123064,67.18163141698356
14010.693110236218,40.67034242,0.0769230797886848,0.1086129024624824,-0.1496057361364364,2025.0,25.127270885513404,67.33578231973848
14224.64242125984,39.42276512000004,0.0402138605713844,0.0381475836038589,-0.0716062113642692,2025.0,24.990367636213588,67.07302509913352
14201.464271653542,40.81389926000003,0.0472024865448474,0.0682495161890983,-0.1061069667339325,2025.0,24.880144350852124,66.97627654303385
14104.544488188976,39.556067900000016,0.0822395756840705,0.0844382867217063,-0.1267814040184021,2025.0,25.020551029760004,66.9450151711465
15875.3437007874,40.27043408000003,0.0364640317857265,0.0498823374509811,-0.0874699726700782,2025.0,24.941858610871133,67.07248610996305
11759.42933070866,34.63070108000002,-0.0112907579168677,0.042735643684864,-0.0449513345956802,2025.0,24.77827539763297,67.12907997286258
13977.64094488189,41.14544720000004,0.0388851575553417,0.06056784465909,-0.0924393162131309,2025.0,24.837025217214386,67.2269065073032
14965.18966535433,38.985258560000034,0.0290584824979305,0.1502760201692581,-0.1885718405246734,2025.0,24.884995253386368,67.44762257261137
13118.506102362206,38.86562786000002,-0.0143575016409158,0.1169454529881477,-0.1354742646217346,2025.0,24.854003376084247,67.03340939510385
14291.654724409447,39.48428948,0.0471463464200496,0.0402368903160095,-0.0750009417533874,2025.0,24.93188731121741,66.98436138059093
14033.307283464566,38.88955400000003,0.0626485496759414,0.0514952987432479,-0.0945029109716415,2025.0,24.861010235300377,66.92642004476521
14572.4312992126,41.86835843,0.0279250442981719,0.1117887273430824,-0.1499598324298858,2025.0,24.80091294279278,67.41070181443405
14371.360433070866,40.13713130000002,0.0239168796688318,0.0654787123203277,-0.0989559814333915,2025.0,24.95856727515576,67.06817419659927
14705.585826771654,38.29140050000001,0.0251922011375427,0.0529639832675457,-0.0884743854403495,2025.0,24.87125102953934,67.049579070218
9140.093208661416,32.05180499000002,-0.036647755652666,-0.0014970402698963,0.0146545087918639,2025.0,24.775310957195376,67.28727329439603
14384.295472440945,41.16253730000005,0.0324377976357936,0.0398110672831535,-0.0751594081521034,2025.0,24.910597238983776,67.14255470212437
13613.606496062992,37.37537114000003,-0.0338596291840076,0.1615104973316192,-0.183984100818634,2025.0,24.867747599931278,67.19860957585342
15622.20590551181,38.592186260000005,0.0361712202429771,0.152734488248825,-0.2068829089403152,2025.0,25.03833767238557,67.37863195879098
15590.676377952756,41.51117534000002,0.0634960681200027,0.0768980681896209,-0.1314607858657837,2025.0,25.002225397963965,67.4344173379348
14791.376673228346,39.00576668000002,0.0267293509095907,0.0796735286712646,-0.1170675605535507,2025.0,25.01489164347005,67.14282419670961
15071.40127952756,40.45671616999999,0.0778357610106468,0.074243426322937,-0.1339805871248245,2025.0,25.007076300498213,66.97465957552244
16109.767913385826,41.55902762000005,0.0626164376735687,0.1142014563083648,-0.1735434532165527,2025.0,25.071216011784344,67.27999694059466
15459.695078740158,39.50479760000002,0.0231429375708103,0.0521481223404407,-0.0887440890073776,2025.0,24.95479435096245,67.06817419659927
15225.806791338582,38.56996913000003,0.0024272326845675,0.1820967495441436,-0.2175147235393524,2025.0,24.941589116285897,67.32554152549952
15767.507086614172,41.417179790000034,0.0595404207706451,0.1060561537742614,-0.1621464192867279,2025.0,24.97204200441755,67.27245109220806
11962.959842519684,35.914167590000005,-0.1092464029788971,0.2281481772661209,-0.2196318656206131,2025.0,24.92461095741604,67.11183231940748
14889.938188976375,40.05338981,0.0417698174715042,0.0510669238865375,-0.0872259885072708,2025.0,24.89308009094345,67.18648231951782
13887.4874015748,37.28308460000005,0.0536507628858089,0.1096066832542419,-0.1460199505090713,2025.0,25.03860716697081,66.95633394372639
11622.333366141733,32.044968950000026,-0.1875268667936325,0.2659276127815246,-0.2427206486463546,2025.0,24.75482936871745,67.43872925129858
14612.984940944882,39.16812263000003,0.0303502678871154,0.0475827418267726,-0.0846374258399009,2025.0,24.90385987435288,67.09781860097522
14578.185236220472,42.307574000000045,0.0703758522868156,0.0838923975825309,-0.1294000595808029,2025.0,25.000877925037788,66.93639134441894
11963.256102362202,35.01010130000003,-0.1300325840711593,0.2522812783718109,-0.2424828708171844,2025.0,24.835138755117736,67.43899874588381
15485.447047244095,38.74087013000002,0.0514604523777961,0.1168771386146545,-0.1703282594680786,2025.0,24.98174380948604,67.37890145337622
15106.04744094488,41.44452395000002,0.049242690205574,0.1257262080907821,-0.1678173542022705,2025.0,25.03833767238557,67.2382252798831
13633.238385826771,39.94572218000002,0.0288461539894342,0.0573234967887401,-0.0881634801626205,2025.0,24.89146312343203,67.04338069475757
14311.288582677164,41.87348545999998,0.0659399330615997,0.1144408658146858,-0.1588009744882583,2025.0,24.94940445925774,66.8722516331328
14547.481003937008,37.85560295000002,-0.0165191441774368,0.1518807709217071,-0.1786225289106369,2025.0,24.852116913987597,67.25277798748584
15208.328937007876,37.10534756000004,0.1126407980918884,0.1275645047426223,-0.1765361428260803,2025.0,25.14317106604232,66.87279062230328
14460.175393700789,40.2738521,0.065802127122879,0.1249430030584335,-0.1711788177490234,2025.0,24.900086950159576,66.86281932264956
16449.477066929136,45.40259111,0.0651237219572067,0.0938633158802986,-0.1499531716108322,2025.0,25.05854976627826,67.08811679590673
16956.33779527559,39.344150660000025,0.0183846838772296,0.0984087362885475,-0.1427624225616455,2025.0,25.117569080444916,67.35195199485263
14884.730511811022,38.08290127999999,0.0037527475506067,0.1089394241571426,-0.1458515226840973,2025.0,24.932695794973117,67.13500885373777
14446.767421259843,37.67786591000004,0.0039926939643919,0.1640173643827438,-0.1963259279727935,2025.0,25.050464928721183,66.89731462955974
8742.779724409449,28.07152070000004,-0.0311898980289697,-0.0418992415070533,0.0680811926722526,2025.0,24.78285680558198,67.25062203080395
14100.854527559057,39.83976356000005,-0.0183692593127489,0.1548596322536468,-0.1892251819372177,2025.0,24.8987394772334,67.1773195036198
16118.265944881889,44.467762640000046,0.0690667256712913,0.0890797674655914,-0.1467635631561279,2025.0,25.13535572307048,67.07598953957111
14680.31368110236,38.13417158000004,0.021652802824974,0.0684763416647911,-0.0919164568185806,2025.0,24.78474326767863,67.05739441318984
11908.564173228347,35.45786192000003,-0.079209066927433,0.1568720042705536,-0.1553575843572616,2025.0,24.760488755007405,67.40019152560986
14911.145866141733,40.661797370000016,0.0598143301904201,0.0916867032647132,-0.1433459669351577,2025.0,25.024593448538543,67.43630380003145
15007.138484251967,39.57486701000002,0.0088853910565376,0.0920334830880165,-0.1272766590118408,2025.0,24.96503514520142,67.11479675984508
14955.726082677167,41.111267,0.0411959886550903,0.0451767891645431,-0.0834370404481887,2025.0,24.95802828598529,67.09215921468527
14268.670472440946,39.11001629000003,0.0429962165653705,0.064999058842659,-0.1042100563645362,2025.0,25.001686408793496,66.89731462955974
13719.651771653544,40.9061858,0.0334687568247318,0.0462696030735969,-0.0804589390754699,2025.0,24.84591853852717,67.1562989259714
14754.934744094488,39.944013170000005,0.0274068675935268,0.0681080892682075,-0.1076982542872428,2025.0,25.03833767238557,67.10186101975376
14330.632086614172,40.82415332000005,0.0384907759726047,0.0549899563193321,-0.0960822403430938,2025.0,24.969616553150427,66.96792221089153
15063.87027559055,39.44327324000005,0.0354370176792144,0.0700573623180389,-0.1080656573176384,2025.0,24.797409513184714,67.07787600166776
14566.38061023622,38.23842119,-0.0091613959521055,0.1535016000270843,-0.189617171883583,2025.0,24.954255361791983,67.29751408863498
15984.06318897638,39.20059382,0.0702691972255706,0.1113542914390564,-0.1649674177169799,2025.0,25.072563484710525,67.2058859296548
16597.363385826775,42.46822094000004,0.0846133455634117,0.0944473296403884,-0.1564311236143112,2025.0,25.066634603835336,67.23499134486028
18143.60157480315,41.794871,0.0485998317599296,0.076533518731594,-0.1272816061973571,2025.0,24.930539838291228,67.19133322205207
16298.560236220474,42.29048390000003,0.0729898437857627,0.0788799524307251,-0.1360222846269607,2025.0,25.066095614664864,67.30020903448735
12681.84468503937,33.91291688000001,-0.1477331519126892,0.2906693518161773,-0.2821802794933319,2025.0,25.063939657982974,66.96900018923247
15249.737401574805,39.60050216000002,0.0174292586743831,0.0830660462379455,-0.1227418407797813,2025.0,24.826245433804957,67.0638622832355
17700.836811023626,42.23921360000003,0.0866400599479675,0.0675185993313789,-0.1353380382061004,2025.0,25.09142810567704,67.31691769877197
16019.075984251967,40.33879448000005,0.0912711396813392,0.0880785435438156,-0.1451780945062637,2025.0,25.131313304291943,67.43414784334956
14241.218700787404,37.38904322000002,0.0921424552798271,0.1062879264354705,-0.1567718386650085,2025.0,25.097356986552224,66.86362780640526
15342.833858267715,39.59366612000002,0.0516379512846469,0.1191768571734428,-0.1768338680267334,2025.0,24.87744940499977,67.2260980235475
14200.948031496064,40.10978714000001,-0.0253951214253902,0.1963851153850555,-0.2214985787868499,2025.0,25.086846697728024,67.0075379149212
15803.496259842515,41.00189036,0.0712145268917083,0.1106834113597869,-0.1635870784521103,2025.0,25.12107251005298,67.1856738357621
11478.274803149608,32.88409286000001,-0.0498661734163761,0.030403709039092,-0.0412435755133628,2025.0,24.779353375973912,67.24226769866164
15672.947047244095,42.314410039999984,0.0924675092101097,0.0816579237580299,-0.135272279381752,2025.0,25.138859152678545,66.98463087517617
15916.098622047244,41.63080604000004,0.0853744968771934,0.0898472294211387,-0.1436681449413299,2025.0,25.13724218516713,67.31961264462433
15159.947047244095,41.07025076000002,0.0474271439015865,0.032596182078123,-0.0674034729599952,2025.0,24.878796877925943,66.97169513508484
15552.263976377952,38.44862942000003,0.0449100285768508,0.1279043704271316,-0.1859456747770309,2025.0,24.89308009094345,67.42094260867302
14590.538582677164,37.82142275000001,0.0374234542250633,0.0740895941853523,-0.1118162050843238,2025.0,24.962070704763825,66.93180993646993
13433.039566929134,41.54193752000003,0.1328732967376709,0.0352233685553073,-0.0598457865417003,2025.0,24.850230451890944,67.25143051455966
15467.073031496062,40.76262896000003,0.0674707293510437,0.0498706400394439,-0.0915949344635009,2025.0,24.814926661225044,67.21262329428569
14984.102559055118,39.80216533999999,0.019495079293847,0.1178299635648727,-0.1633382588624954,2025.0,24.96180121017859,67.20426896214339
13578.822047244095,38.851955780000026,0.0367536880075931,0.0512048192322254,-0.0834816172719001,2025.0,24.83352178760632,67.24307618241734
15192.259547244095,41.74189168999999,0.0533271208405494,0.0967138707637786,-0.1472410261631012,2025.0,24.92218550614892,67.1571074097271
14375.730511811023,39.05361896,0.0276039540767669,0.1347164362668991,-0.1690631061792373,2025.0,24.903590379767643,67.43792076754286
14815.23937007874,42.49043807000004,0.0540387406945228,0.0808229222893714,-0.1270806789398193,2025.0,24.885264747971604,67.3104498287263
13841.866338582677,39.262118180000016,0.0305863972753286,0.0445161126554012,-0.0765778496861457,2025.0,24.933504278728822,66.99217672356276
15106.286614173228,41.723092580000014,0.0513903349637985,0.1271546185016632,-0.1773993074893951,2025.0,24.96611312354236,67.44708358344089
13815.250196850391,35.13656804000004,-0.0862883850932121,0.2540363073348999,-0.2437654286623001,2025.0,25.09897395406364,66.96361029752777
16460.061220472442,39.32022452000001,0.079066626727581,0.0712165310978889,-0.1353149265050888,2025.0,24.80576384532703,67.44735307802613
15100.033661417325,41.63422406000001,0.1135108694434166,0.0705277621746063,-0.1246798485517501,2025.0,25.00518983840156,66.93450488232229
16262.88503937008,41.849559320000026,0.079988494515419,0.0745792165398597,-0.1310248225927353,2025.0,24.94778749174632,67.42848845705961
18819.119291338586,41.723092580000014,0.098945677280426,0.0658707097172737,-0.1429943144321441,2025.0,25.133738755559065,67.3764760021091
8840.338287401575,27.45115007000004,-0.0434161089360713,-0.0083424793556332,0.0218118075281381,2025.0,24.83891167931104,66.94070325778272
14850.386023622048,39.525305720000006,0.0597156919538974,0.0979610532522201,-0.15129354596138,2025.0,24.90143442308576,67.18001444947215
14593.62027559055,40.198655660000014,0.0602804571390152,0.1272059231996536,-0.1693695336580276,2025.0,25.12026402629727,67.04418917851328
16697.298425196856,41.63080604000004,0.0641506090760231,0.0926159545779228,-0.1476996093988418,2025.0,25.10355536201265,67.13096643495923
15148.707381889762,41.07195977000001,0.0470406524837017,0.1005897596478462,-0.14740751683712,2025.0,25.030791823998968,66.86147184972337
15158.339763779528,40.31486834000003,0.0364509746432304,0.1100260391831398,-0.1628312170505523,2025.0,24.89793099347769,67.23175740983744
16997.358464566933,42.19307033000004,0.0727392807602882,0.0897176936268806,-0.1465567648410797,2025.0,25.05531583125543,67.24388466617306
15306.572047244092,43.47995486000002,0.0669529363512992,0.0867241621017456,-0.1313104480504989,2025.0,25.104902834938827,66.9458236549022
15362.236417322834,38.72207102000005,0.0351865291595459,0.0520494915544986,-0.095038816332817,2025.0,24.93889417043354,67.14228520753913
15911.131102362204,40.90960382,0.0658524110913276,0.0868573039770126,-0.135851040482521,2025.0,25.06825157134675,67.01589224706352
13958.115846456694,40.77288302,0.0325155742466449,0.0362569093704223,-0.0674623101949691,2025.0,24.821394531270705,67.12557654325451
14694.173917322834,41.69916644000003,0.0554431416094303,0.1055801436305046,-0.1500343531370163,2025.0,24.90655482020524,67.34952654358551
16965.903740157482,41.179627400000015,0.078114315867424,0.0724025219678878,-0.1347562372684478,2025.0,25.138320163508077,67.37270307791579
16020.523818897636,41.78119892000001,0.0619134381413459,0.0963013097643852,-0.1573167890310287,2025.0,25.00195590337873,67.32284657964716
16545.262007874015,41.33002027999999,0.0792088061571121,0.0941096022725105,-0.1516384482383728,2025.0,25.08091781685284,67.12800199452164
15945.766929133855,40.82415331999999,0.0699244812130928,0.1245093718171119,-0.183085486292839,2025.0,25.07040752802864,67.26813917884428
14877.663582677164,38.84853776,0.0272447522729635,0.1794367581605911,-0.2108968645334243,2025.0,25.036181715703684,66.97169513508484
14240.507086614172,37.29333866000002,0.0842388048768043,0.1050943434238433,-0.1514908671379089,2025.0,25.101938394501232,66.86335831182002
11795.452952755904,32.72344592000002,-0.0902701318264007,0.0292608402669429,-0.0411354340612888,2025.0,24.76075824959264,67.16627022562513
15511.870275590549,42.43062272000003,0.0761990621685981,0.0658194944262504,-0.1134945303201675,2025.0,25.12241998297916,66.95283051411833
15326.273818897636,40.29094220000002,0.044425182044506,0.1302392333745956,-0.1743400245904922,2025.0,25.08792467606897,67.10913737355513
14828.7718503937,41.26849592000002,0.0440459214150905,0.1219560205936431,-0.1735284179449081,2025.0,24.89766149889245,67.41420524404211
9113.487893700789,27.955308020000015,-0.0296647977083921,-0.00356578361243,0.0188877284526824,2025.0,24.82759290673113,66.95983737333447
13558.859448818896,39.28604432000003,0.0035967628937214,0.1113450676202774,-0.1343345940113067,2025.0,24.889037672164907,67.06601823991738
15470.518405511812,41.56586365999999,0.0734222829341888,0.0789883509278297,-0.1312270760536193,2025.0,25.060705722960147,67.30074802365782
11315.464271653544,32.72344592000002,-0.097913958132267,0.1564306318759918,-0.1462959945201873,2025.0,24.754559874132216,67.38429134508094
15273.88996062992,40.10978714000001,0.0469911396503448,0.1199799552559852,-0.1716504544019699,2025.0,24.93512124624024,66.94258971987936
15354.3437007874,42.79635086000002,0.0765730068087577,0.0666199773550033,-0.1118674948811531,2025.0,25.14586601189468,66.91914369096385
12762.708858267715,41.818797140000015,0.0181962307542562,0.0372534096240997,-0.0663101598620414,2025.0,24.848882978964763,67.24846607412206
16036.36437007874,40.55412974000001,0.0801132842898368,0.1257172971963882,-0.1882341802120208,2025.0,25.14047612018996,67.1600718501647
15968.442125984251,41.63422406000001,0.0668716728687286,0.1116437688469886,-0.1700232177972793,2025.0,25.00276438713444,67.2487355687073
15205.305807086614,43.049284340000014,0.0950757637619972,0.0733671486377716,-0.1297956258058548,2025.0,25.140206625604726,67.09000325800338
15928.17342519685,40.01408258000001,0.074246659874916,0.0825431272387504,-0.142812117934227,2025.0,24.902242906841465,67.2667917059181
12954.298425196852,40.33537646000002,0.0740371122956276,0.0831834003329277,-0.1271015256643295,2025.0,25.14478803355373,67.27191210303758
14338.875196850391,38.33241673999999,0.0349373780190944,0.0610663816332817,-0.0982783809304237,2025.0,24.95344687803628,67.03826029763809
17576.847637795276,41.98969814000003,0.0846822038292884,0.0731552690267562,-0.1418038010597229,2025.0,25.10732828620595,67.32715849301093
8820.38307086614,27.177708470000027,-0.0280985403805971,-0.0221132393926382,0.0256429519504308,2025.0,24.84834398979429,66.93504387149277
18098.23641732284,43.30563584000004,0.0953828394412994,0.0646727606654167,-0.1290541291236877,2025.0,25.115413123763027,67.13312239164111
14894.014468503938,39.638100380000026,-0.0097887273877859,0.1611711531877517,-0.1936568021774292,2025.0,24.935660235410708,67.21801318599042
13676.729035433067,42.39815153000001,0.0496584549546241,0.0769643187522888,-0.11441520601511,2025.0,24.89604453138104,66.9781630051305
11664.629133858269,31.60575338000001,-0.0888034403324127,0.0375370681285858,-0.06339942663908,2025.0,24.779622870559148,67.42121210325824
13172.951968503936,41.63935109000005,0.0236940775066614,0.0707916244864463,-0.0983533337712287,2025.0,24.839450668481508,67.0277500088139
16428.87618110236,41.71283851999999,0.084790788590908,0.0906828641891479,-0.1550842374563217,2025.0,25.102477383671705,67.32446354715857
15004.060236220474,39.02627480000001,0.0184202957898378,0.0702781826257705,-0.1045920923352241,2025.0,24.89388857469915,67.17516354693791
13969.050393700789,40.00724654000004,0.0308481007814407,0.0565326586365699,-0.0892290472984314,2025.0,24.84403207643052,67.2021130054615
13959.363385826771,37.63684967000003,0.0133208064362406,0.1638881862163543,-0.19693124294281,2025.0,25.097087491966988,66.98597834810234
13949.865354330706,41.111267,0.0411404520273208,0.0955360606312751,-0.1359775513410568,2025.0,24.98363027158269,66.95444748162974
14660.592716535431,40.90276777999998,-0.0045746164396405,0.1907959431409835,-0.2187478840351104,2025.0,25.14101510936043,67.15090903426669
14731.833858267715,39.59024810000005,0.0335999988019466,0.0737050399184227,-0.1184593737125396,2025.0,25.058819260863498,67.10859838438465
13824.629133858269,39.62101028000004,0.031479075551033,0.0530377328395843,-0.0933197662234306,2025.0,24.85319489232854,67.26194080338385
16220.170472440946,41.57611772000001,0.0767024010419845,0.11495391279459,-0.1701380312442779,2025.0,25.06717359300581,67.3915676988823
13470.30433070866,39.05703698000002,0.0239304862916469,0.0443541258573532,-0.0661527141928672,2025.0,24.82489796087877,66.97977997264191
14382.427854330706,40.46355221000002,0.0041167684830725,0.1269204765558242,-0.15862537920475,2025.0,24.99602702250354,67.23014044232602
14619.34566929134,39.340732640000056,0.0442498736083507,0.0525713562965393,-0.0882961899042129,2025.0,24.914370163177075,66.95444748162974
15276.046948818896,41.74701872000003,0.0288968067616224,0.1439143419265747,-0.1943032890558242,2025.0,24.943206083797318,67.27379856513423
15131.240354330706,40.52678558000002,0.0684990212321281,0.1150947660207748,-0.1620586067438125,2025.0,25.08496023563137,67.19348917873394
16115.714271653542,42.02216933,0.0865463763475418,0.0910529419779777,-0.1520343422889709,2025.0,25.07229399012529,67.05308249982606
11995.953937007876,32.64654047000005,-0.1836329102516174,0.2787186503410339,-0.2563029825687408,2025.0,24.808728285764623,67.22151661559847
11321.045472440945,31.639933580000047,-0.1727960407733917,0.277184784412384,-0.2595912516117096,2025.0,24.79902648069613,67.30344296951017
15267.957874015749,39.728677910000016,0.0290701072663068,0.1344204843044281,-0.1803853660821914,2025.0,25.128887853024818,67.2360693232012
14125.124212598424,41.52142940000002,0.0471889600157737,0.0529709123075008,-0.0892162099480629,2025.0,24.81546565039552,66.98409188600569
14264.56122047244,41.02581650000002,0.0549625046551227,0.0916502475738525,-0.1284500360488891,2025.0,24.805494350741792,67.32284657964716
15389.397834645668,40.738702820000015,0.0871092230081558,0.0907203406095504,-0.1428374052047729,2025.0,25.04965644496548,67.44923954012278
13951.491338582677,41.32831127000003,0.0442089512944221,0.0824977532029151,-0.1164893135428428,2025.0,24.818699585418347,67.30479044243636
13498.939173228347,40.889095699999984,0.0214608199894428,0.0884205177426338,-0.1164771690964698,2025.0,24.854811859839952,66.98651733727282
11827.00708661417,33.50959052000002,-0.014180464670062,0.0239012502133846,-0.0374506451189518,2025.0,24.75941077666646,67.16492275269894
13920.030708661416,37.74793532000001,0.0274581741541624,0.1262678354978561,-0.1705915778875351,2025.0,25.06798207676152,67.01023286077357
14474.575,39.12197936000001,0.044539738446474,0.0508567504584789,-0.0889720916748046,2025.0,24.928383881609346,67.14093773461296
11183.37618110236,32.55254492000006,-0.1320095062255859,0.1547958999872207,-0.1392939984798431,2025.0,24.76129723876311,67.16896517147748
15857.331889763778,40.50627745999998,0.0585013926029205,0.104930467903614,-0.1625935733318328,2025.0,25.003033881719677,67.28619531605509
9726.125196850391,32.61748729999999,-0.0317667089402675,0.045682355761528,-0.0372571423649787,2025.0,24.80684182366797,67.28350037020273
15944.141437007876,41.473577120000016,0.0925416350364685,0.1100819408893585,-0.1732462793588638,2025.0,25.127001390928168,67.2344523556898
14939.432775590552,40.57976489000004,0.0680686309933662,0.1083130910992622,-0.1616055369377136,2025.0,24.88957666133538,66.93531336607799
12083.441141732284,40.246507940000015,0.0021606180816888,0.104492999613285,-0.1272918581962585,2025.0,24.80711131825321,67.38429134508094
14237.025787401572,39.63810038,0.0350560918450355,0.0427503697574138,-0.0774151608347892,2025.0,24.856159332766133,67.1953756408306
14337.0218503937,40.66350638000006,0.0814728885889053,0.0752783343195915,-0.1235527992248535,2025.0,24.96314868310477,66.8924637270255
16858.803346456698,43.08346454000002,0.0887555629014968,0.0941894277930259,-0.1491075456142425,2025.0,25.088194170654205,67.18648231951782
13591.313188976375,40.69085054000004,0.0088036330416798,0.0625530704855918,-0.098070740699768,2025.0,24.89281059635821,67.07572004498589
15907.548425196852,38.998930640000026,0.0468883216381073,0.1166126951575279,-0.1717960983514785,2025.0,24.93619922458118,67.32069062296527
13047.454429133855,33.73859786,0.0804454460740089,0.1098315939307212,-0.1469541937112808,2025.0,25.11190969415496,66.86578376308715
14618.091732283468,44.43016441999998,0.0652053207159042,0.0576530620455741,-0.0961957648396492,2025.0,25.142093087701376,66.92291661515715
14528.760039370076,41.49066721999998,0.0990150868892669,0.0962370708584785,-0.140999361872673,2025.0,25.013813665129103,66.9390862902713
15713.906692913384,40.05509882000001,0.0533201396465301,0.101553164422512,-0.1528800576925277,2025.0,24.889307166750143,67.22528953979177
14115.608956692917,39.612465230000055,0.0346743762493133,0.0390641018748283,-0.0649509578943252,2025.0,24.82651492839019,66.98058845639763
15267.678346456692,38.50331774000003,0.002617104910314,0.1432523429393768,-0.1839212477207183,2025.0,24.852925397743302,67.14848358299956
17609.741338582677,41.16253730000005,0.071324348449707,0.0736463814973831,-0.1402656883001327,2025.0,24.87259850246552,67.37917094796146
14429.269881889762,38.32216268000002,0.0026294263079762,0.1688696891069412,-0.1993377655744552,2025.0,25.03860716697081,67.0037649907279
16239.304822834643,38.88100895000002,0.064133882522583,0.0887658223509788,-0.1346218883991241,2025.0,25.011388213861984,66.88168394361607
14453.606988188976,35.33823122000001,-0.0740654617547988,0.2559066116809845,-0.2749761939048767,2025.0,25.044536047845995,66.90863340213964
11350.389960629922,32.005661720000035,-0.1747070103883743,0.2480208873748779,-0.2244815081357956,2025.0,24.769921065490657,67.37189459416008
15057.44557086614,42.047804480000025,0.0784406438469886,0.1046721190214157,-0.1609889417886734,2025.0,24.944014567553022,67.23499134486028
14880.499212598424,38.45546546000003,0.0513034760951995,0.109190784394741,-0.1459837704896927,2025.0,25.045344531601703,66.96738322172106
14180.460826771654,38.83486568000001,0.0366219729185104,0.0429084748029708,-0.0755313336849212,2025.0,24.861279729885613,67.21504874555282
17740.859448818905,41.06683274,0.0564497001469135,0.045029304921627,-0.0922727510333061,2025.0,24.869634062027924,67.13177491871494
14266.53316929134,41.59149881000002,0.0765493288636207,0.1179114580154419,-0.1705677062273025,2025.0,24.914370163177075,66.87925849234894
16134.857480314962,41.736764660000006,0.064083807170391,0.0670728161931037,-0.1129401996731758,2025.0,24.800643448207545,67.12153412447597
16707.33484251969,42.16401716000004,0.0751886293292045,0.0776248127222061,-0.1401124596595764,2025.0,25.051542907062128,67.24065073115023
15961.81220472441,40.30461428000001,0.0156141314655542,0.1316727995872497,-0.1719263195991516,2025.0,25.043458069505053,67.23579982861598
14568.405216535431,39.22622897000002,0.0075220917351543,0.1472033411264419,-0.1800592392683029,2025.0,24.941589116285897,67.25843737377579
14627.641437007876,41.21893463000001,0.0607785172760486,0.1051304340362548,-0.1549044400453567,2025.0,24.951021426769152,67.24118972032069
16187.75118110236,40.52678558000002,0.116574726998806,0.0944502726197242,-0.1441755443811416,2025.0,25.14909994691751,67.4133967602864
14727.113385826771,42.782678780000026,0.0209370721131563,0.0325162261724472,-0.0669401586055755,2025.0,24.918951571126087,67.01265831204068
12863.659645669291,37.09167548000005,-0.0295430533587932,0.1737963706254959,-0.1845384687185287,2025.0,24.91841258195561,67.21397076721188
14883.68031496063,40.76262896000003,-0.0169807225465774,0.0945311114192009,-0.1237344592809677,2025.0,24.90116492850052,67.12153412447597
15642.21624015748,40.78826411,0.0585231706500053,0.0972071960568428,-0.1434976607561111,2025.0,24.793906083576648,67.13366138081159
15345.25068897638,41.29754909000002,0.0910852253437042,0.0815514102578163,-0.13284832239151,2025.0,25.144518538968494,67.3276974821814
14203.260039370078,43.26803762000003,0.0473825670778751,0.0725502148270607,-0.1128553375601768,2025.0,25.11837756420062,67.34575361939221
13331.906200787402,42.40156955000003,0.0396990440785884,0.0365296937525272,-0.0720800757408142,2025.0,24.81600463956599,66.98490036976139
13713.875196850391,41.44623296000003,0.051768135279417,0.1262749433517456,-0.1719972789287567,2025.0,24.921107527807973,66.9180657126229
14244.495767716531,38.45717447000001,0.0152647392824292,0.1577086746692657,-0.1933819204568863,2025.0,24.921107527807973,67.43145289749721
14453.888976377952,40.15422140000001,-0.038707710802555,0.2172247916460037,-0.2378234714269638,2025.0,25.03914615614128,67.39884405268367
16482.906692913384,39.564612950000026,0.0468600913882255,0.0994601920247078,-0.1651481389999389,2025.0,24.90278189601193,67.29481914278263
14226.941141732284,38.54091596000001,-0.0181112550199031,0.21304851770401,-0.232511505484581,2025.0,25.086307708557552,67.24846607412206
14105.707874015749,37.64197670000004,0.0359297767281532,0.0507330447435379,-0.0852005183696746,2025.0,24.997105000844485,67.05550795109319
15249.32401574803,43.097136620000015,0.0782590508460998,0.0955653116106987,-0.1530184745788574,2025.0,25.142901571457084,67.07652852874159
16974.347637795276,42.46822094000004,0.0958158075809478,0.0695153251290321,-0.1259934604167938,2025.0,25.143440560627557,67.4419631863214
13111.070078740157,39.72013286000004,0.0437930487096309,0.1139807403087616,-0.1547402590513229,2025.0,24.817082617906934,67.40315596604745
17528.490354330712,42.15034508000002,0.0642339289188385,0.0870490744709968,-0.1438301801681518,2025.0,25.006267816742504,67.19456715707489
15251.862401574805,41.91450170000002,0.0292769148945808,0.1060026288032531,-0.1452007293701172,2025.0,25.050464928721183,67.34467564105127
10338.32598425197,30.88967819000001,-0.0465682484209537,0.0844633057713508,-0.0798520222306251,2025.0,24.777466913877262,67.19025524371112
13993.694586614172,43.50900803000002,0.0327199399471282,0.0555170439183712,-0.0945144742727279,2025.0,24.8634356865675,67.38617780717759
14152.733464566929,41.230897700000014,0.0392496176064014,0.0380901657044887,-0.0653089433908462,2025.0,24.82894037965731,66.98085795098285
15090.263976377952,39.805583360000014,0.0511467009782791,0.1165130957961082,-0.1595397889614105,2025.0,25.07418045222194,66.99675813151177
16279.21968503937,42.90230948000004,0.0980062484741211,0.0811961665749549,-0.1387996822595596,2025.0,24.987942184946466,66.86066336596767
10433.863877952754,30.428245490000023,-0.0448902212083339,0.0942284390330314,-0.0831305757164955,2025.0,24.77827539763297,67.19025524371112
14872.44901574803,39.56973998000001,0.048878725618124,0.1360477358102798,-0.1938237845897674,2025.0,24.950212943013447,67.41285777111594
16091.859448818896,42.70748234000001,0.0915676802396774,0.0827551260590553,-0.1491422206163406,2025.0,25.00977124635057,67.29967004531687
14714.08188976378,38.631493490000025,0.0325054228305816,0.0588220804929733,-0.0937225520610809,2025.0,24.94428406213826,67.03691282471192
12334.7718503937,42.24434063000004,0.0348755866289138,0.0476679652929306,-0.0646779090166091,2025.0,24.775310957195376,67.33928574934654
14563.635039370078,40.67717846000005,0.0572868287563324,0.1150908470153808,-0.1630932539701461,2025.0,24.994679549577363,66.90432148877588
15077.529724409447,37.41638738000006,0.0321052074432373,0.1003512740135192,-0.1375489979982376,2025.0,24.933234784143583,67.1735465794265
16425.717716535433,39.870525740000005,0.0819592848420143,0.1187766939401626,-0.1757970154285431,2025.0,25.088194170654205,67.21801318599042
14955.07992125984,39.82950950000003,0.0116029223427176,0.1527216136455536,-0.2010968327522277,2025.0,24.91706510902944,67.43145289749721
16403.379133858267,41.261659880000025,0.0758634731173515,0.0719491019845008,-0.1362570375204086,2025.0,24.90197341225623,67.26517473840669
13770.238877952754,38.87588192000001,0.0349202789366245,0.0365250818431377,-0.0675123035907745,2025.0,24.855350849010424,66.99487166941512
14249.636515748029,39.192048770000014,0.0378281138837337,0.039558432996273,-0.0767199844121933,2025.0,24.88876817757967,67.20453845672861
16324.38503937008,40.22941784,0.0721155107021331,0.0747512578964233,-0.1305536180734634,2025.0,25.010310235521043,67.25601192250866
9469.16062992126,29.22681146000002,-0.0403314642608165,-0.0336062051355838,0.0446089394390583,2025.0,24.74000716652948,67.39291517180848
12287.604527559057,40.13884031000004,0.0637773051857948,0.0813431218266487,-0.117103487253189,2025.0,25.14236258228661,67.06547925074692
16252.176377952756,39.57315800000004,0.0553225390613079,0.0929733589291572,-0.146294966340065,2025.0,25.070138033443403,67.10482546019135
14894.590748031496,40.69768657999998,0.0726242661476135,0.094965860247612,-0.1428571492433548,2025.0,25.118108069615385,67.29562762653833
16114.828937007876,40.36613864000003,0.0682529732584953,0.0993774086236953,-0.1592498421669006,2025.0,24.93000084912076,67.27514603806041
15066.766929133855,41.702584460000026,0.0532395094633102,0.0683693885803222,-0.1152328327298164,2025.0,24.96934705856519,66.94339820363507
11503.140944881889,33.80354024000002,-0.1341133415699005,0.1709626019001007,-0.1631681323051452,2025.0,24.747553014916083,67.31583972043103
14610.013976377952,39.26553620000004,0.0602808929979801,0.0984442755579948,-0.1425417512655258,2025.0,25.00950175176533,66.93315740939612
14303.793011811023,41.76410881999999,0.0135688725858926,0.061106439679861,-0.0913973376154899,2025.0,24.967191101883305,67.11075434106654
10392.346653543304,30.317159840000045,-0.1095510795712471,0.0840328633785247,-0.0696349069476127,2025.0,24.73030536146099,67.44411914300329
14356.816141732284,38.48793665,0.0288965087383985,0.0489235669374465,-0.0855043679475784,2025.0,24.869364567442688,67.28646481064033
15783.202952755906,43.30221782000001,0.06161954626441,0.0947585552930831,-0.1496937274932861,2025.0,24.984708249923635,67.30937185038536
15600.88307086614,40.64812529000002,0.0301159806549549,0.0809831544756889,-0.1304717808961868,2025.0,25.024323953953303,67.42660199496297
15945.263976377952,41.45819603000001,0.0152446143329143,0.1480385363101959,-0.1930625140666961,2025.0,24.930270343705992,67.18998574912588
14897.91309055118,42.23750459000004,0.075380839407444,0.0739564374089241,-0.1277327835559845,2025.0,24.824089477123064,67.29320217527122
13163.18720472441,38.311908620000025,0.0534754768013954,0.1166824176907539,-0.1455844789743423,2025.0,25.041302112823164,66.96522726503918
14174.468208661416,39.44840027000004,0.1081583052873611,0.1326430588960647,-0.1866375505924224,2025.0,25.125653918001987,66.85581246343342
14453.08877952756,41.13006611000003,0.0543292835354805,0.0677222311496734,-0.1141209006309509,2025.0,24.980126841974627,66.96576625420965
14625.640452755906,38.78188637000002,0.0042120441794395,0.0854324996471405,-0.1150564178824424,2025.0,24.916526119858965,67.09674062263427
15931.170472440945,43.02877622000005,0.0971925556659698,0.0944376587867736,-0.1469623446464538,2025.0,24.9453620404792,67.18890777078494
14880.862893700789,40.78313708000002,0.0660168975591659,0.1171245798468589,-0.1707902997732162,2025.0,24.943206083797318,67.36973863747819
14702.2,42.53316332000003,0.0454481802880764,0.0574866309762001,-0.1009462773799896,2025.0,24.832443809265374,67.37970993713192
15527.219685039368,39.36465878000001,0.0326869487762451,0.064928762614727,-0.101269781589508,2025.0,25.015161138055287,67.10347798726517
16785.61289370079,41.849559320000026,0.0856043398380279,0.098053403198719,-0.1626568436622619,2025.0,25.06798207676152,67.27191210303758
17970.81909448819,41.86664942000005,0.0718724802136421,0.082751490175724,-0.1422949135303497,2025.0,25.121880993808688,67.42633250037773
14758.777755905512,39.66886255999998,0.0382459871470928,0.06656214594841,-0.1017490923404693,2025.0,24.989828647043115,67.11371878150413
15401.505118110235,43.47995486000002,0.0544029250741004,0.081215389072895,-0.139476403594017,2025.0,24.90520734727906,67.13420036998205
15858.74625984252,42.46480292000001,0.0808148458600044,0.0908092632889747,-0.1512537449598312,2025.0,25.07094651719911,67.25412546041201
11606.35748031496,31.42459832000003,-0.1788935959339141,0.2382453829050064,-0.2174216359853744,2025.0,24.74054615569995,67.37970993713192
16306.30531496063,40.687432520000016,0.0661190003156662,0.0941249653697013,-0.1492778807878494,2025.0,25.082265289779016,67.17462455776744
12635.114370078738,38.95791440000005,0.0136460121721029,0.1281522214412689,-0.1491717100143432,2025.0,24.8025299103042,67.37512852918292
16875.966732283465,42.08540270000003,0.0704024583101272,0.1091972962021827,-0.1598626971244812,2025.0,25.09358406235892,67.13339188622635
15712.670472440945,41.48383118000004,0.0689586922526359,0.0831507816910743,-0.1358979940414428,2025.0,24.914100668591843,67.17920596571645
14800.106003937006,39.050200940000025,0.01673349365592,0.0724038630723953,-0.1182078495621681,2025.0,24.888498682994435,67.29374116444168
13444.733464566929,38.54604299000002,-0.0490539595484733,0.1570215225219726,-0.1690973043441772,2025.0,24.818699585418347,67.03071444925149
14094.259547244095,42.65963006000004,0.0806765332818031,0.0923292934894561,-0.1398192644119262,2025.0,25.06178370130109,67.43387834876434
14685.380118110234,36.13121186000001,0.0125398514792323,0.1262149512767791,-0.1587860733270645,2025.0,25.03348676985133,66.86928719269521
12646.812204724409,40.272143090000014,0.025223258882761,0.0392105244100093,-0.0634622499346733,2025.0,24.91140572273948,67.0571249186046
14470.241338582677,41.46332305999999,0.028524337336421,0.0623212493956089,-0.0981771647930145,2025.0,24.814387672054576,67.12800199452164
9283.365354330708,29.83521902000001,-0.077016644179821,0.0313037149608135,-0.0099229384213685,2025.0,24.75186492827985,67.28053592976514
15372.015944881889,40.130295260000025,0.0235214866697788,0.1354721486568451,-0.1778355538845062,2025.0,25.085768719387083,67.10266950350946
13807.65866141732,42.73824452000002,0.0302983857691288,0.0770351141691207,-0.1158941015601158,2025.0,24.802799404889434,67.33416535222706
14946.511023622048,40.89593174000004,0.0666076317429542,0.115972489118576,-0.173466756939888,2025.0,25.041032618237928,67.34332816812508
15004.94901574803,40.13713130000002,0.0423898361623287,0.1325799524784088,-0.1766521483659744,2025.0,24.86666962159033,67.24738809578112
14331.449015748032,40.17131150000003,0.0368624068796634,0.0418446324765682,-0.0797260329127311,2025.0,24.94994344842821,66.98624784268758
13598.723129921258,38.69472686,0.028799969702959,0.0360362641513347,-0.0645702183246612,2025.0,24.892271607187737,67.04014675973474
14930.19311023622,38.36317892000005,0.0190094597637653,0.0393933989107608,-0.0694882646203041,2025.0,24.841067635992925,67.00780740950644
14954.556791338582,40.311450320000034,0.0364577062427997,0.0604585781693458,-0.1008413210511207,2025.0,24.900895433915284,67.18270939532451
14383.240354330708,39.76627613000002,0.0246890801936388,0.0684653371572494,-0.1040496453642845,2025.0,24.861818719056085,67.0239770846206
15548.37716535433,40.06022585000002,0.0742097720503807,0.0904102474451065,-0.1397265493869781,2025.0,24.78932467562764,67.43576481086099
14210.74625984252,39.918378020000006,0.0289730280637741,0.0709932222962379,-0.1103206798434257,2025.0,24.987403195775997,67.1953756408306
14520.599114173228,40.58147390000002,0.0601854771375656,0.0852639377117157,-0.1293991059064865,2025.0,24.811692726202217,67.43603430544621
13746.347637795276,37.96156157000004,-0.0199533160775899,0.1508389562368393,-0.172256201505661,2025.0,25.01057973010628,67.02532455754677
13813.217716535431,38.70839894000002,0.0200939439237117,0.1694255769252777,-0.1991653740406036,2025.0,24.82516745546401,67.34844856524457
14222.1812992126,39.87736178,0.0307816825807094,0.0520151816308498,-0.0869963020086288,2025.0,24.880952834607832,67.00780740950644
16361.815157480316,43.13815285999999,0.0963063463568687,0.0681174546480178,-0.1276870369911193,2025.0,25.015969621811,67.28269188644701
15015.413582677164,39.86710772000004,0.0323070883750915,0.1332287490367889,-0.1844757348299026,2025.0,24.90116492850052,67.24011174197975
16222.16751968504,43.416721490000015,0.0613605678081512,0.0817506164312362,-0.134130597114563,2025.0,25.08091781685284,67.09566264429333
14776.446062992123,41.53510147999998,0.0678000077605247,0.0960287377238273,-0.1475074887275695,2025.0,24.841067635992925,67.39587961224608
16077.078937007876,42.310992020000015,0.0735834389925003,0.0715256035327911,-0.1244496554136276,2025.0,24.880144350852124,66.92129964764574
14759.823031496062,39.897869900000046,0.0297865159809589,0.0565635003149509,-0.0894834548234939,2025.0,24.90197341225623,67.08030145293489
14200.353543307088,39.50992463,0.0351819619536399,0.0430506616830825,-0.0733840987086296,2025.0,24.924341462830803,66.98516986434663
13600.96377952756,35.77402877,0.1582122147083282,0.0392384529113769,-0.0709376111626625,2025.0,24.824628466293536,67.42336805994013
15990.873228346456,38.894681030000015,0.0696197971701622,0.111829861998558,-0.1718142628669738,2025.0,24.947248502575853,67.33281787930089
14602.632578740157,40.65154331000002,0.0150955067947506,0.1257572174072265,-0.1621033400297165,2025.0,24.93377377331406,67.21289278887093
14383.248228346458,38.58535022000001,0.0079376446083188,0.1672492623329162,-0.1988490223884582,2025.0,24.946440018820145,67.28161390810607
14914.893897637796,41.357364440000026,0.0616465397179126,0.0840940251946449,-0.1340725421905517,2025.0,24.87825788875547,67.27541553264565
17066.614370078743,40.28068814000005,0.0873518735170364,0.1121918112039566,-0.1747010499238968,2025.0,25.09547052445557,67.21666571306423
15051.242322834643,41.58808079000002,0.0645316317677497,0.1064018458127975,-0.1644019782543182,2025.0,25.05127341247689,67.2915852077598
10528.37027559055,28.640621030000037,-0.1101242750883102,0.1629685908555984,-0.1493080407381057,2025.0,24.839450668481508,66.99055975605135
17151.25216535433,42.307574000000045,0.0807624533772468,0.0605876855552196,-0.1178093180060386,2025.0,25.05854976627826,67.1104848464813
15548.690157480314,40.448171119999984,0.0194286368787288,0.0423743762075901,-0.0789819508790969,2025.0,24.85858478403325,67.04391968392805
15979.583858267715,43.14498890000005,0.0944200530648231,0.0624873153865337,-0.119203969836235,2025.0,25.139398141849018,66.96145434084588
14261.46377952756,38.63662052000001,0.0302994884550571,0.0542831160128116,-0.0856065824627876,2025.0,24.870442545783632,67.05739441318984
16559.70442913386,42.52632728,0.0847425609827041,0.0875608846545219,-0.148866206407547,2025.0,25.135086228485243,67.14417166963578
14435.394389763778,39.51505166000001,0.0558497421443462,0.0745418816804885,-0.1215405687689781,2025.0,24.907902293131414,67.33847726559084
14740.53316929134,40.96429214,0.0935265645384788,0.1140402108430862,-0.1693962514400482,2025.0,25.086846697728024,66.85985488221196
16253.53070866142,42.04096844000003,0.0536487661302089,0.0631435364484787,-0.1187182664871215,2025.0,25.051003917891656,67.21370127262664
14525.439665354332,39.79020227000004,0.0308274608105421,0.0478273592889308,-0.0829913169145584,2025.0,24.87933586709641,67.18432636283593
14023.103543307088,38.87417291000003,0.032844953238964,0.0492747761309146,-0.0928275808691978,2025.0,24.87232900788028,67.35222148943787
14142.77775590551,35.43735380000004,-0.0471395887434482,0.2542092204093933,-0.2619546055793762,2025.0,25.070138033443403,66.9466321386579
15411.052854330708,42.06660359000003,0.0943367704749107,0.080773688852787,-0.1337847411632537,2025.0,25.136433701411423,67.2802664351799
15874.954429133855,41.38812662000004,0.0787150636315345,0.0826218575239181,-0.1376195251941681,2025.0,25.04803947745406,67.26948665177046
16983.095669291342,42.24604964000002,0.0605882368981838,0.1018582209944725,-0.1622646152973175,2025.0,25.095740019040807,67.35707239197211
16088.615354330712,40.18498358000005,0.0601557865738868,0.0430377572774887,-0.0888077616691589,2025.0,24.98255229324175,67.20049603795007
15720.213779527558,40.60881806,0.0400689058005809,0.1288269758224487,-0.1766104400157928,2025.0,24.880144350852124,67.24038123656499
11569.958366141733,32.28593936000004,-0.1530429124832153,0.2168310433626175,-0.2021267116069793,2025.0,24.76075824959264,67.28323087561749
15606.737893700789,43.11422672000003,0.0632781237363815,0.0899054557085037,-0.1429007202386856,2025.0,24.896314025966277,67.35868935948353
16780.13602362205,39.35953175000003,0.0655001178383827,0.0834383592009544,-0.1391988098621368,2025.0,25.10355536201265,66.9172572288672
15008.35157480315,39.11172529999999,0.0561336949467659,0.0924490541219711,-0.1415614038705825,2025.0,25.011927203032457,67.26221029796909
16351.031692913386,41.69233040000006,0.0620682761073112,0.0745886117219924,-0.1302690058946609,2025.0,25.06798207676152,67.32473304174381
14572.012992125983,37.477911740000025,0.0316084623336792,0.0502191372215747,-0.0865377932786941,2025.0,25.02513243770901,66.88249242737177
13913.185236220472,35.996200070000015,-0.0644251778721809,0.2480920851230621,-0.2438221424818039,2025.0,25.071216011784344,66.89569766204832
12967.097637795276,36.16368305000003,-0.1052667796611785,0.2378424406051635,-0.2300433218479156,2025.0,24.94617052423491,67.11075434106654
14944.749212598424,39.607338200000015,0.0349346175789833,0.0630812793970108,-0.0999062806367874,2025.0,24.861279729885613,67.1487530775848
14940.208858267715,38.985258560000034,0.0189901944249868,0.0657658949494361,-0.0989081785082817,2025.0,24.83217431468014,67.17624152527885
14839.848622047242,40.18156556000002,0.0521311722695827,0.0647777915000915,-0.1117670834064483,2025.0,24.85562034359566,67.13204441330018
11855.954429133855,30.060808340000023,-0.2088675200939178,0.2970380783081054,-0.2708251476287842,2025.0,24.73488676941,67.34009423310225
15248.609448818896,36.502067030000006,-0.0551770366728305,0.2202925980091095,-0.2376089841127395,2025.0,25.087655181483733,67.32661950384046
14043.24035433071,40.13713130000002,0.0389515608549118,0.0838954225182533,-0.1325185894966125,2025.0,24.84591853852717,67.42148159784348
15490.42244094488,41.77436288000001,0.0272046849131584,0.1650024652481079,-0.2045723348855972,2025.0,25.12295897214963,67.16680921479559
15724.983464566929,42.72799046000003,0.072470910847187,0.0854774340987205,-0.1453986763954162,2025.0,25.112448683325432,67.08946426883291
15721.744783464565,42.28364786,0.0601748824119567,0.0937142297625541,-0.1517725437879562,2025.0,24.87798839417024,67.38132690464334
15381.668503937008,41.63764207999998,0.0575678385794162,0.1178426519036293,-0.1713214069604873,2025.0,25.0235154701976,67.40746787941121
15178.161614173228,39.71329682000004,0.0364650823175907,0.1524674594402313,-0.1955374628305435,2025.0,24.94212810545637,67.3201516337948
14866.524311023622,39.239901050000014,0.0243086088448762,0.0616921745240688,-0.1036885827779769,2025.0,24.90763279854618,67.21181481052999
13918.207874015749,39.689370680000025,0.0202747266739606,0.1555570662021637,-0.1943784058094024,2025.0,24.89820048806293,66.86578376308715
15564.849606299213,42.92281760000003,0.0855216011404991,0.0987351238727569,-0.1541571021080017,2025.0,25.10086041616029,66.89273322161073
14039.311220472442,38.94766034000003,0.0349632650613784,0.0536629594862461,-0.0891544818878173,2025.0,24.956411318473872,66.9743900809372
15738.81122047244,40.18498358,0.0732011497020721,0.0750276446342468,-0.1283774971961975,2025.0,24.910597238983776,67.38644730176281
13713.648818897638,40.130295260000025,-0.0079863835126161,0.107923649251461,-0.1273024380207061,2025.0,24.852925397743302,67.04553665143946
15044.134055118107,39.634682360000056,0.030931381508708,0.1270587593317031,-0.1643496304750442,2025.0,24.937277202922125,67.11964766237932
14799.2625,41.97602606000001,0.0570087544620037,0.1165683940052986,-0.1683687418699264,2025.0,25.13293027180336,67.25601192250866
14929.034645669291,40.58147389999999,0.0936501175165176,0.0980126187205314,-0.1445591449737548,2025.0,25.08469074104614,67.44034621880999
12395.514468503936,36.63707882,0.0294228121638298,0.0329368114471435,-0.0451748669147491,2025.0,24.77288550592825,67.2029214892172
16942.329921259843,43.739724379999984,0.0517857149243354,0.087845429778099,-0.1430950760841369,2025.0,24.994679549577363,67.17219910650032
14455.984448818896,39.45523631000003,0.0354161486029624,0.0505584217607975,-0.0887921079993248,2025.0,24.92703640868316,67.08596083922484
11876.81811023622,33.96076916000004,0.0580240450799465,0.0933929830789566,-0.1236672922968864,2025.0,25.113526661666373,66.86335831182002
14831.43031496063,42.12641894000001,0.0027630180120468,0.1446601301431656,-0.190727025270462,2025.0,25.04049362906746,67.28215289727655
17202.075984251973,41.01556244000005,0.0951422825455665,0.0741621181368827,-0.1411539912223816,2025.0,25.12996583136576,67.43333935959386
15475.01742125984,41.490667220000034,0.0803888961672782,0.0776887312531471,-0.1322158128023147,2025.0,25.131313304291943,67.26625271674763
14686.585826771654,40.20549170000004,0.0455159731209278,0.1558247059583664,-0.2011041492223739,2025.0,25.08981113816562,67.0247855683763
15424.366338582677,40.81048124,0.0626265332102775,0.0774834975600242,-0.1271016895771026,2025.0,24.99656601167401,67.03125343842196
14618.59566929134,41.935009820000005,0.0444114506244659,0.1184585615992546,-0.1676442623138427,2025.0,24.90035644474481,67.12907997286258
13707.750196850391,36.26964167000003,-0.0559604726731777,0.2333120852708816,-0.243767961859703,2025.0,25.052620885403076,66.93531336607799
15973.731003937006,40.56780182000003,0.0318442061543464,0.0844609215855598,-0.1282722353935241,2025.0,24.994410054992127,67.20911986467763
13890.302854330708,39.97306634000003,0.0064664217643439,0.1359823346138,-0.1639485359191894,2025.0,24.899278466403867,67.30074802365782
13840.529724409447,36.44908772000002,0.0200113765895366,0.1457341313362121,-0.1668980419635772,2025.0,25.07283297929576,66.90027906999734
11247.754133858269,32.52007373000004,-0.1562030464410781,0.1960999220609665,-0.1791713088750839,2025.0,24.777466913877262,67.26948665177046
14681.325984251967,40.84466143999998,-0.0281746983528137,0.1524052172899246,-0.1779004782438278,2025.0,25.05747178793732,67.31691769877197
14896.42933070866,40.15763942000001,0.032579731196165,0.1240821853280067,-0.1649242341518402,2025.0,25.10220788908647,67.02721101964343
14488.11437007874,37.31726480000003,0.022438121959567,0.1633320450782776,-0.2040619850158691,2025.0,25.03645121028892,67.40369495521792
14809.930807086614,39.56461295,0.0422610864043235,0.0507293045520782,-0.0880355387926101,2025.0,24.93296528955835,66.98328340224998
14128.4780511811,40.07218892000003,0.0081734424456954,0.1544900089502334,-0.1865061670541763,2025.0,24.934851751655003,67.28350037020273
13684.66309055118,37.964979589999984,-0.0438566170632839,0.2060331553220749,-0.2265961021184921,2025.0,24.887151210068257,67.36704369162584
11675.8875,31.70487596000001,-0.1919010132551193,0.2568476796150207,-0.2344172596931457,2025.0,24.76453117378594,67.1781279873755
14335.281692913388,36.592644560000025,-0.1903279721736908,-0.00011952063505304976,-0.0511781573295593,2025.0,24.81654362873646,67.20265199463196
14503.360433070866,41.91108368000005,0.0673472732305526,0.1048473641276359,-0.1571960151195526,2025.0,24.91706510902944,66.93207943105517
13490.774311023622,38.67250973,0.0508988387882709,0.060615487396717,-0.0806492418050766,2025.0,24.79336709440618,67.15387347470428
17449.75413385827,42.49214708,0.0551525205373764,0.0617398545145988,-0.1172268465161323,2025.0,24.884456264215896,67.3096413449706
8374.595669291339,27.832259300000004,-0.0161883439868688,-0.0337111465632915,0.0550173744559288,2025.0,24.77423297885443,67.1571074097271
13314.066633858269,38.98696757000002,0.0122289396822452,0.0785640850663185,-0.1096421852707862,2025.0,24.84268460350434,67.03260091134814
16881.989370078743,42.07343963,0.0837350040674209,0.0963212102651596,-0.1546197235584259,2025.0,25.113526661666373,67.01481426872257
15631.78070866142,40.25676199999998,0.0334738008677959,0.0717801228165626,-0.1079944744706153,2025.0,24.82489796087877,67.24765759036636
14606.827952755906,39.019438760000014,0.0397534072399139,0.0515183843672275,-0.090294174849987,2025.0,24.90197341225623,67.21235379970045
15102.815157480314,40.09611505999999,0.0345601812005043,0.1480151265859604,-0.1943744868040084,2025.0,25.043188574919817,67.2344523556898
15754.869291338582,44.33787788000001,0.0818724781274795,0.0872664079070091,-0.1486762464046478,2025.0,24.958836769740994,67.37836246420575
10465.335826771652,45.20605496000002,0.0594571493566036,0.0392967946827411,-0.0532291159033775,2025.0,24.846996516868117,67.3869862909333
15505.823523622046,40.60369103000002,0.085262194275856,0.1499181687831878,-0.1938627958297729,2025.0,24.931348322046937,67.0751810558154
13989.25905511811,39.463781359999984,0.0329208932816982,0.0525988712906837,-0.0867197290062904,2025.0,24.955333340132928,66.97951047805668
13720.296948818896,40.49089637,0.0124824773520231,0.1081593558192253,-0.1407136619091034,2025.0,25.01812557849288,66.97681553220431
14904.258562992129,39.21084788000002,0.0462149642407894,0.099963441491127,-0.1428466439247131,2025.0,25.060975217545383,66.85096156089918
16595.921948818897,42.74678957000003,0.073096640408039,0.0961259379982948,-0.1609813272953033,2025.0,25.039415650726514,67.28269188644701
10430.523818897636,32.44487729000002,-0.1130653321743011,0.1488849967718124,-0.1243880316615104,2025.0,24.798217996940423,67.1819009115688
14037.190157480314,39.145905500000026,0.0262223184108734,0.0585768893361091,-0.0941638574004173,2025.0,25.00465084923109,67.06520975616168
16124.25807086614,39.06387302000002,0.0513265021145343,0.0848984867334365,-0.1324192136526107,2025.0,25.00572882757203,67.04526715685422
14930.63307086614,40.45500716000001,0.0575430057942867,0.1261483281850814,-0.1698879897594452,2025.0,24.97258099358802,67.42202058701396
15983.736417322834,43.08688256000005,0.0924930423498153,0.1063186451792717,-0.1691746413707733,2025.0,25.08469074104614,66.90566896170205
16021.966732283465,39.38858492000003,0.0423105582594871,0.093197613954544,-0.1491504460573196,2025.0,25.03133081316944,67.15764639889758
10614.27627952756,34.75374980000001,0.0103701641783118,0.0065772635862231,-0.0126459198072552,2025.0,24.779622870559148,67.36946914289297
16588.442125984253,39.85685366000001,0.038708608597517,0.1323188543319702,-0.1955073475837707,2025.0,25.135625217655715,67.20938935926286
14925.480019685036,40.17643853000004,0.0452569313347339,0.0800909623503685,-0.1258374601602554,2025.0,24.967730091053777,67.14983105592574
11337.013976377952,31.516884860000005,-0.1847566962242126,0.2453327775001526,-0.2237971872091293,2025.0,24.75024796076844,67.3983050635132
13143.865354330708,37.22839628000003,-0.0447082296013832,0.2029199302196502,-0.2250809222459793,2025.0,24.87637142665882,67.32850596593711
13847.38307086614,37.50525590000001,0.0232118349522352,0.1519010066986084,-0.1813050955533981,2025.0,24.90143442308576,67.43845975671334
16642.369291338586,40.882259660000045,0.0606453977525234,0.0923716947436332,-0.1465787589550018,2025.0,25.048578466624534,67.1269240161807
15715.526771653544,41.03948858000001,0.0357464402914047,0.0550827905535697,-0.0969832316040992,2025.0,25.024593448538543,67.09000325800338
14947.33090551181,42.782678780000026,0.0424982272088527,0.1028019860386848,-0.1633554100990295,2025.0,24.895775036795804,67.37701499127957
13717.839763779526,37.63514066000005,0.00020032624888699504,0.1934978663921356,-0.20614954829216,2025.0,24.972850488173258,66.90135704833828
16274.502657480316,40.32170438000003,0.0782761946320533,0.0708835199475288,-0.1343059688806533,2025.0,25.10894525371737,67.3134142691639
11491.530216535431,33.60529508000002,-0.0021972043905407,0.0306606944650411,-0.0490511320531368,2025.0,24.769382076320188,67.42498502745156
13970.274803149605,40.06193486000001,0.0595335736870765,0.1277807503938675,-0.1679533272981643,2025.0,24.88688171548302,66.86174134430861
15086.015944881892,39.538977800000026,0.0405843704938888,0.0474685616791248,-0.083558440208435,2025.0,24.9167956144442,67.0608978427979
14892.159645669291,39.65177246000002,0.0592928864061832,0.1256612837314605,-0.1770288199186325,2025.0,24.91598713068849,67.42633250037773
16561.24035433071,41.35394642000006,0.0627152472734451,0.0741650462150573,-0.1333931684494018,2025.0,25.051003917891656,67.32581102008476
15261.004133858269,43.33127099000001,0.0864827111363411,0.0877547785639762,-0.1467448025941848,2025.0,25.14263207687185,67.07706751791206
14216.132086614174,36.182482160000006,-0.0062321326695382,0.1903517395257949,-0.2121844142675399,2025.0,25.067443087591045,66.89219423244026
14970.754625984251,42.05293151000001,0.088592991232872,0.080079361796379,-0.1278101056814193,2025.0,24.95290788886581,66.9202216693048
13780.274803149608,34.81185614000003,-0.1391583979129791,0.3118005990982055,-0.2789740264415741,2025.0,25.076336408903828,66.9504050628512
11841.33090551181,28.31420012000001,-0.212658405303955,0.2944113612174988,-0.2758385837078094,2025.0,24.81223171537269,66.95525596538545
15530.090748031496,41.15228324,-0.0436805747449398,0.1978886276483535,-0.2118028700351715,2025.0,24.87071204036887,67.09566264429333
15483.33877952756,41.97602605999998,0.0560022182762622,0.0560730136930942,-0.1033895611763,2025.0,25.010310235521043,67.09512365512286
16804.390944881892,40.36955666000003,0.0652854368090629,0.0866454020142555,-0.142067939043045,2025.0,25.02297648102713,67.20858087550715
8925.993799212598,28.69530935000003,-0.0263521485030651,-0.0018140176543965,0.0080145113170146,2025.0,24.854811859839952,66.95283051411833
12399.886023622048,29.356696220000003,-0.2462511658668518,0.3340665102005005,-0.3120299279689789,2025.0,24.859123773203727,66.88033647068988
15261.314173228346,38.88271796000004,-0.0360554344952106,0.210424467921257,-0.2350424528121948,2025.0,24.903320885182406,67.25277798748584
16183.23592519685,40.45500715999998,0.0343349575996398,0.1125610545277595,-0.1648603975772857,2025.0,24.983899766167927,67.24011174197975
15390.990354330708,41.72309258000004,0.0852910950779914,0.0759657770395279,-0.1257782280445099,2025.0,25.05720229335208,67.42902744623008
15103.721653543307,41.51972039,0.0590946041047573,0.1371384412050247,-0.1935712397098541,2025.0,25.11083171581401,67.12746300535116
14979.055807086614,40.94036599999998,0.047237005084753,0.0696872100234031,-0.1167432963848114,2025.0,25.018664567663357,67.09485416053762
14360.787598425197,40.665215390000014,0.0586727149784565,0.1005003750324249,-0.1436617225408554,2025.0,24.8310963363392,67.39426264473467
16174.121751968503,41.106139970000015,0.0843446105718612,0.1244915723800659,-0.1828775256872177,2025.0,25.11083171581401,67.27811047849801
13708.382086614176,37.48474778000002,0.0091957561671733,0.1785547733306884,-0.1982665210962295,2025.0,25.14775247399133,67.01292780662592
15456.51594488189,40.610527070000046,0.0602304264903068,0.0665780827403068,-0.1084820851683616,2025.0,24.995757527918304,67.12342058657262
14501.542027559057,40.19694665,0.0603682063519954,0.1050523743033409,-0.1546676158905029,2025.0,25.03456474819227,67.14390217505056
15070.554330708665,37.927381370000006,0.0293212048709392,0.0901699736714363,-0.1310065537691116,2025.0,24.85696781652184,67.29859206697593
15261.09960629921,43.37741426000002,0.0812435746192932,0.0902814343571662,-0.1402745395898819,2025.0,24.90197341225623,66.91644874511148
13712.81318897638,39.95426723000003,0.0796702057123184,0.1290840208530426,-0.1780454218387603,2025.0,24.94024164335972,66.88707383532078
16403.031692913384,41.98969814000003,0.096115730702877,0.0726416781544685,-0.1300558894872665,2025.0,25.108406264546893,67.40773737399645
13935.11535433071,42.36568034000004,0.0390296317636966,0.0390744656324386,-0.0787716954946518,2025.0,24.92002954946703,67.01104134452927
14592.825492125983,39.52359671000005,0.0978212803602218,0.1267842501401901,-0.1875967532396316,2025.0,25.12538442341675,66.854195495922
11853.55777559055,33.91975292000001,-0.0667354986071586,0.2092547714710235,-0.210401102900505,2025.0,25.021359513515712,66.96037636250493
13765.08188976378,39.02969282000004,-0.0311718620359897,0.2160698473453521,-0.2316865473985672,2025.0,25.07444994680717,67.44923954012278
13448.792027559057,41.42743385,0.0495614111423492,0.0810845419764518,-0.1221873909235,2025.0,25.07364146305147,67.01292780662592
11414.080905511812,32.86016672000005,-0.1694922000169754,0.2526773512363434,-0.235172688961029,2025.0,24.760488755007405,67.37458954001244
14671.345177165356,41.26336889000004,0.0333345867693424,0.0671970844268798,-0.1100405380129814,2025.0,24.915717636103256,67.18836878161447
16152.226574803151,41.18988146000004,0.0808093324303627,0.0956091284751892,-0.1517024040222168,2025.0,25.082534784364253,66.89354170536645
15064.714763779526,40.96429214,0.0622312612831592,0.0625686049461364,-0.1099202260375022,2025.0,24.978779369048446,67.01616174164876
14494.71525590551,40.45329815000002,0.0089247906580567,0.100459948182106,-0.1371557414531707,2025.0,24.906015831034765,67.21828268057564
14353.984448818896,37.57190729000001,-0.052577655762434,0.2245565205812454,-0.2395919412374496,2025.0,25.098434964893165,66.93989477402701
14314.899803149608,37.698374030000025,0.0355213396251201,0.0872213467955589,-0.1272675395011901,2025.0,25.04076312365269,66.87925849234894
15933.48937007874,39.97819337000004,0.0568134263157844,0.1186278611421585,-0.170448824763298,2025.0,25.027557888976137,67.40180849312127
15204.35059055118,39.80900138000004,0.0630139932036399,0.0656719282269477,-0.1174091696739196,2025.0,24.804685866986084,67.40450343897362
13345.875196850391,39.14419649000004,-0.0010665348963811,0.1531120389699936,-0.1842871159315109,2025.0,24.93000084912076,67.21936065891659
14338.41850393701,39.99357446000005,0.0573897995054721,0.1093903109431266,-0.158301442861557,2025.0,24.822742004196886,67.36273177826206
14828.015944881889,41.39496266000003,0.0488151125609874,0.1371128261089325,-0.1860418766736984,2025.0,24.96503514520142,67.40638990107027
14555.213287401575,38.96133242000002,0.0312517508864402,0.0380082912743091,-0.0735751837491989,2025.0,24.942397600041605,67.0953931497081
12999.928346456692,44.60448344000002,0.0376694053411483,0.0525336749851703,-0.0902369767427444,2025.0,24.998721968355905,66.95929838416399
13632.868799212596,39.71500583000002,0.0598946176469326,0.0932721346616745,-0.1310271769762039,2025.0,24.81923857458882,67.32554152549952
15347.731988188974,41.55219158000003,0.0490453392267227,0.1216635331511497,-0.1859292387962341,2025.0,24.994679549577363,67.39318466639372
14649.040551181102,38.51357180000002,0.0416678264737129,0.1351303160190582,-0.1731393635272979,2025.0,25.10220788908647,66.96522726503918
8931.75807086614,28.341544279999997,-0.032983336597681,-0.0024298653006553,0.0127531886100769,2025.0,24.84834398979429,66.96199333001634
13412.544488188974,40.34904854000001,0.0517653822898864,0.0935723185539245,-0.1366416811943054,2025.0,24.818969080003583,67.40450343897362
15907.104527559057,42.51607322000001,0.0732425451278686,0.1061798781156539,-0.1541599482297897,2025.0,25.11945554254156,66.94339820363507
14537.820078740158,35.77061075000003,-0.0540444292128086,0.2476741224527359,-0.2436703145503997,2025.0,25.0806483222676,66.96657473796536
15263.514468503938,42.83907611000004,0.0791892707347869,0.0903165787458419,-0.1409057825803756,2025.0,25.136433701411423,66.98004946722715
17173.92539370079,40.94036600000004,0.072581261396408,0.0665115788578987,-0.1251323968172073,2025.0,24.98255229324175,67.13932076710154
13756.104527559057,38.78188637000002,-0.0023437242489308,0.184118241071701,-0.2125725597143173,2025.0,24.844301571015755,67.3600368324097
15320.026771653542,37.806041660000005,0.0660638287663459,0.1377143710851669,-0.1941303163766861,2025.0,25.03645121028892,66.92264712057191
14420.15374015748,39.34756868,0.0358733460307121,0.0392949916422367,-0.0683321580290794,2025.0,24.84052864682245,67.1705821389889
12705.676377952756,37.27624856,0.0306605938822031,0.1155800148844719,-0.1438037902116775,2025.0,25.038068177800334,66.95579495455593
13568.59468503937,37.0267331,-0.013560832478106,0.1827802509069442,-0.1913492530584335,2025.0,24.79255861065047,67.43711228378716
17703.146850393703,40.93011194000002,0.0999741926789283,0.0880200713872909,-0.1505582928657531,2025.0,25.141554098530904,67.3562639082164
13680.431791338582,38.311908620000025,-0.05193592607975,0.2095946818590164,-0.2278678715229034,2025.0,24.9768929069518,67.17327708484126
14450.243307086614,41.11468502,-0.0050492216832935,0.1936480402946472,-0.2287269234657287,2025.0,25.052620885403076,67.2638272654805
13973.85157480315,41.50092128000006,0.0737016424536705,0.1033964604139328,-0.1439736634492874,2025.0,24.861818719056085,67.28889026190744
13369.173425196852,38.31874465999999,0.0852159336209297,0.0724343731999397,-0.1009976044297218,2025.0,24.783665289337687,67.20319098380244
8364.716732283463,28.433830820000026,-0.0132265426218509,-0.0234861150383949,0.0463420562446117,2025.0,24.77611944095108,67.37432004542721
16233.805807086614,41.62226099,0.0665757656097412,0.0745227858424186,-0.1313492953777313,2025.0,24.900086950159576,67.3562639082164
15647.362401574805,38.81093954000005,0.0613266564905643,0.0913650169968605,-0.1418606042861938,2025.0,24.97365897192897,67.36542672411443
13052.349606299213,38.46571952000002,0.0222776588052511,0.0556099265813827,-0.0784368738532066,2025.0,24.85831528944802,67.01966517125682
16855.15275590551,40.01237357000002,0.0856183171272277,0.0985605344176292,-0.1601132899522781,2025.0,25.07741438724477,67.23957275280928
13596.173425196852,38.872463900000014,0.0158581864088773,0.0685336291790008,-0.0981956720352172,2025.0,24.99926095752637,67.04391968392805
13837.905708661416,36.19615424000003,-0.0674598887562751,0.2439631670713424,-0.2580524086952209,2025.0,24.94617052423491,67.24604062285493
13664.869291338582,40.28410616000002,-0.0121866883710026,0.1797252744436264,-0.2058948278427124,2025.0,24.890385145091084,67.4050424281441
16621.573031496064,41.92475576000004,0.0851078554987907,0.0722128376364708,-0.1410765200853347,2025.0,25.1054418241093,67.31772618252768
15254.516929133855,40.39690082000001,0.0154563495889306,0.1597240567207336,-0.200841337442398,2025.0,25.148830452332277,67.16707870938083
15190.47066929134,41.67524030000004,0.0668794140219688,0.0872556567192077,-0.1399278491735458,2025.0,25.039954639896987,67.27110361928187
14557.782677165353,41.87690348000001,0.0788880139589309,0.0757456123828888,-0.1259965896606445,2025.0,24.950212943013447,66.91941318554908
14800.40570866142,39.952558220000014,0.0381501540541648,0.0807840526103973,-0.1230827271938324,2025.0,24.79875698611089,67.41097130901929
16184.888976377952,43.05612038000004,0.0576417334377765,0.0901489704847335,-0.1468235999345779,2025.0,24.997913484600197,67.29616661570881
15002.345177165353,39.56119493000003,0.0410621128976345,0.058926735073328,-0.0984066873788833,2025.0,25.017317094737173,67.07221661537781
14910.320078740158,39.71842385000002,0.0396538600325584,0.0471589900553226,-0.0826247483491897,2025.0,24.94617052423491,66.99217672356276
14815.459842519684,39.70987880000001,0.044079516083002,0.0886042043566703,-0.1291679888963699,2025.0,24.81223171537269,67.0579334023603
13362.99724409449,39.58683008000003,-0.014952533878386,0.0968639105558395,-0.1182242110371589,2025.0,24.85103893564665,67.04850109187706
13666.51594488189,39.40225700000002,0.0193365048617124,0.1479728370904922,-0.1754934042692184,2025.0,24.833791282191555,67.43333935959386
15329.149803149608,41.50433930000003,0.0642324909567833,0.0911133289337158,-0.1433244943618774,2025.0,25.04938695038024,67.06709621825833
14981.578937007876,38.96475043999999,0.0465918891131877,0.0405745729804039,-0.0765978097915649,2025.0,24.924880452001275,67.00053105570507
14171.310236220472,41.76410882000005,0.0173845570534467,0.1643603444099426,-0.1945057213306427,2025.0,25.13858965809331,67.02667203047295
15030.628149606298,36.013290170000005,-0.0490242838859558,0.2191563844680786,-0.2429629415273666,2025.0,24.97150301524708,67.32446354715857
14443.775787401572,37.806041660000005,-0.0289564132690429,0.1301102340221405,-0.1477118879556656,2025.0,24.81546565039552,67.05820289694555
14337.112401574805,39.072418070000026,0.0342838130891323,0.0367262922227382,-0.0682144239544868,2025.0,24.809806264105564,67.10725091145848
14105.271850393705,38.16493376000005,-0.0108252493664622,0.0874908193945884,-0.1166590750217437,2025.0,24.8806833400226,67.06979116411068
15559.102066929134,40.337085470000005,0.0522321835160255,0.1308979243040084,-0.1914262920618057,2025.0,24.95075193218392,67.34844856524457
8506.723622047244,28.31761814000004,-0.0160338636487722,-0.0301486700773239,0.0501802042126655,2025.0,24.77046005466113,67.34386715729556
14503.415551181102,38.73574310000004,0.0345100462436676,0.114755168557167,-0.1690262705087661,2025.0,24.855350849010424,67.41366625487164
15961.945078740157,41.43597890000001,0.0318685956299304,0.043203555047512,-0.0860919058322906,2025.0,24.991176119969296,67.08676932298054
15438.986417322834,42.61519580000004,0.0478474013507366,0.1278853714466095,-0.1763520687818527,2025.0,25.070677022613875,67.37054712123391
12342.584842519684,35.681742230000026,0.0274371076375246,0.0952768176794052,-0.1218128576874733,2025.0,25.049925939550715,66.97762401596003
12325.146358267715,31.404090200000013,-0.229783296585083,0.3152130544185638,-0.3000723123550415,2025.0,24.8596627623742,66.90809441296918
12171.04940944882,35.60141876,0.0823600366711616,0.0916592255234718,-0.1254414916038513,2025.0,25.13346926097383,66.88114495444559
14765.057283464566,40.02091862000003,-0.0024385182186961,0.1893625259399414,-0.2118951678276062,2025.0,24.895775036795804,67.23202690442268
11067.81811023622,29.508798110000043,-0.1485172510147094,0.1587992757558822,-0.1532753407955169,2025.0,24.73138333980193,67.30937185038536
15078.12027559055,40.03800871999999,0.0503688193857669,0.1230401992797851,-0.1713403761386871,2025.0,24.943745072967783,67.30074802365782
16226.159645669297,40.90960382000003,0.0701576471328735,0.0927307605743408,-0.1483567208051681,2025.0,25.03645121028892,67.24415416075828
16675.246751968505,39.680825630000015,0.076259858906269,0.083082340657711,-0.1406108289957046,2025.0,24.93431276248453,67.39938304185414
15556.78809055118,40.89251372000004,0.0588836297392845,0.1415995657444,-0.1967112272977829,2025.0,25.070677022613875,67.26786968425904
11767.16309055118,31.01785394000004,-0.1867015361785888,0.2698235213756561,-0.2412176728248596,2025.0,24.792828105235703,67.2260980235475
13509.654232283465,41.56757267000003,-0.0222505964338779,0.1449611037969589,-0.1715750694274902,2025.0,24.81142323161698,67.35949784323924
15754.512992125983,41.206971560000056,0.0850097015500068,0.0897686406970024,-0.1359319388866424,2025.0,25.102477383671705,67.42417654369584
13751.09468503937,40.40373686000004,0.0267919488251209,0.0553901754319667,-0.0862126126885414,2025.0,24.883917275045427,67.01993466584206
13833.284153543307,38.66738270000002,0.012677164748311,0.1453650891780853,-0.1771748811006546,2025.0,24.8348692605325,67.33308737388612
16020.730511811023,44.720696120000014,0.0885998532176017,0.1199094057083129,-0.178512841463089,2025.0,25.07283297929576,67.13662582124918
15669.62716535433,40.20207368000001,0.0611274987459182,0.0831449255347251,-0.1459462940692901,2025.0,24.84591853852717,67.41528322238305
15384.08090551181,41.84272328000003,0.075099416077137,0.0828205123543739,-0.1367447972297668,2025.0,24.919760054881795,67.40665939565551
13597.82598425197,40.69768657999998,0.1148068681359291,0.0864277482032775,-0.1308545619249344,2025.0,25.12538442341675,67.40827636316692
13379.813188976375,35.86460629999999,-0.045799259096384,0.2269258797168731,-0.244576945900917,2025.0,25.07283297929576,66.9571424274821
13916.753149606298,36.40807147999999,-0.1688583791255951,0.3316539525985718,-0.3142296373844147,2025.0,24.8634356865675,67.16653972021037
13941.810236220472,43.879863200000045,0.0682920292019844,0.0865462720394134,-0.1274436712265014,2025.0,24.83567774428821,67.27325957596376
11584.04940944882,31.913375180000003,-0.1939373016357422,0.2945717275142669,-0.2742646932601928,2025.0,24.799565469866604,67.29805307780546
12905.995767716537,38.58193220000001,0.0111854262650012,0.1349181681871414,-0.1592652052640915,2025.0,25.015430632640523,66.95956787874923
15397.939173228347,41.11981205000004,0.0209279581904411,0.1640607118606567,-0.2000157833099365,2025.0,25.071755000954816,67.1991485650239
14955.33877952756,39.41251106000004,0.0425039716064929,0.1258850544691085,-0.1726471781730651,2025.0,25.102477383671705,66.94824910616931
15611.492814960631,39.46890839000002,0.0683662891387939,0.1005277559161186,-0.1532653421163559,2025.0,24.96341817769,67.22124712101323
17315.41062992126,42.01020626000002,0.0828753411769867,0.0946938097476959,-0.1528106182813644,2025.0,25.10463334035359,67.20022654336485
14111.25561023622,42.26484875,0.0527156516909599,0.141836404800415,-0.1958431452512741,2025.0,25.12161149922345,67.0714081316221
12792.361417322834,37.85731196000006,-0.0671107992529869,0.1824971735477447,-0.1865153312683105,2025.0,24.900625939330048,67.06682672367309
15543.84124015748,42.596396690000006,0.0758881419897079,0.1004197001457214,-0.1665854901075363,2025.0,25.122150488393924,67.07976246376441
9121.093700787402,27.138401240000007,-0.0153663605451583,-0.0272619109600782,0.0486393831670284,2025.0,24.805494350741792,66.9781630051305
15025.566141732284,40.1713115,0.0284329373389482,0.0746346712112426,-0.1135916337370872,2025.0,25.00438135464585,67.11156282482224
15085.642913385826,42.04096844000003,0.0634476840496063,0.1140292435884475,-0.1652976721525192,2025.0,24.90655482020524,66.91240632633296
17586.106496062996,42.64253996000002,0.0907520279288292,0.0772423595190048,-0.139225423336029,2025.0,25.10355536201265,67.11668322194173
12304.730019685036,34.94515892000004,-0.0922155678272247,0.1634589731693267,-0.173343539237976,2025.0,24.856159332766133,66.9293844852028
13615.622736220472,38.54604298999999,-0.055246252566576,0.1867095530033111,-0.1995782554149627,2025.0,24.876640921244057,67.09350668761145
11118.49183070866,29.73096941000003,-0.0054899868555366,0.0101031782105565,-0.016197457909584,2025.0,24.81088424244651,66.9676527163063
14388.12224409449,40.80706322000003,0.0901994332671165,0.0919516682624816,-0.1365235745906829,2025.0,25.131043809706707,67.39722708517226
15233.636023622048,40.56438380000003,0.0538819059729576,0.0729866325855255,-0.1222263723611831,2025.0,24.80603333991226,67.41905614657637
13249.44409448819,37.59583343,-0.0453452169895172,0.211225152015686,-0.2257353216409683,2025.0,25.09627900821128,66.96199333001634
17483.88996062992,41.64789614000006,0.079870656132698,0.0758256241679191,-0.1428650468587875,2025.0,25.098165470307933,67.35356896236405
15451.66309055118,44.38402115000002,0.0945693552494049,0.0984788984060287,-0.1539510637521743,2025.0,24.97069453149137,67.29508863736787
13945.80531496063,39.046782920000055,0.032741542905569,0.0842032432556152,-0.122951328754425,2025.0,24.994410054992127,66.9962191423413
14912.239862204726,40.60881806,0.0340378284454345,0.1336805522441864,-0.172768235206604,2025.0,25.000338935867315,67.20265199463196
14323.00118110236,41.32318424000002,0.0367205739021301,0.0787393599748611,-0.1236268952488899,2025.0,24.88688171548302,67.30640740994777
16885.566141732284,42.81344096000001,0.0918700248003006,0.1026564314961433,-0.1645261645317077,2025.0,25.149369441502746,67.24765759036636
10819.361417322832,32.152636580000035,-0.156925544142723,0.1847835183143615,-0.160873144865036,2025.0,24.73596474775094,67.32877546052235
16527.21230314961,41.03948858000001,0.0787897408008575,0.1131408885121345,-0.176444336771965,2025.0,25.09547052445557,67.26894766259998
14814.65275590551,40.4789333,0.0542315617203712,0.1025547310709953,-0.1395803987979889,2025.0,24.78689922436052,67.39345416097895
14183.34566929134,38.33583476000001,0.0338518880307674,0.0420214161276817,-0.0749252885580062,2025.0,24.87583243748835,67.02963647091055
16585.890944881892,39.81412841,0.050295565277338,0.114189326763153,-0.1677581667900085,2025.0,24.962609693934294,67.32096011755051
14974.668503937008,34.68538940000002,0.0282640643417835,0.1612487584352493,-0.2036675661802292,2025.0,25.04965644496548,66.91402329384437
17508.317125984253,41.74018268000003,0.0702282935380935,0.0717209205031395,-0.1376917213201522,2025.0,25.048308972039298,67.34898755441503
15009.258070866144,42.24775865000001,0.0291256625205278,0.0354618728160858,-0.0667388811707496,2025.0,24.809806264105564,67.17974495488691
16025.7093503937,37.71204611000002,0.019000245258212,0.1476911157369613,-0.1918378472328186,2025.0,25.03510373736274,66.88437888946842
11313.96181102362,33.57111487999998,-0.1121381446719169,0.1488331258296966,-0.1439996659755706,2025.0,24.76075824959264,67.30020903448735
10876.346653543304,31.83817873999999,-0.1400367468595504,0.1513043493032455,-0.1482284814119339,2025.0,24.73380879106905,67.39183719346754
14421.202952755904,41.86323140000002,0.0549253188073635,0.0525017492473125,-0.0923128128051757,2025.0,24.828131895901603,67.25978484670196
15663.12568897638,41.750436740000026,0.0685585439205169,0.1095891818404197,-0.1612635403871536,2025.0,25.0806483222676,67.17624152527885
17023.14143700788,40.877132630000006,0.0850688144564628,0.0912306755781173,-0.1562573611736297,2025.0,25.130504820536235,67.19268069497824
12605.59124015748,40.71648569000001,0.0158900674432516,0.0644193589687347,-0.085601769387722,2025.0,24.88634272631255,66.97924098347144
15514.3968503937,39.77823920000003,0.036065500229597,0.0683760344982147,-0.1036175191402435,2025.0,24.92272449531939,67.106711922288
15777.810236220472,39.54923186000002,0.0924568101763725,0.0938891544938087,-0.1457396149635315,2025.0,25.078492365585717,66.85446499050724
14514.478543307088,35.30746904,0.006419887766242,0.1696790307760238,-0.1984710246324539,2025.0,25.050464928721183,66.9142927884296
16330.745275590554,40.21574576,0.0349065251648426,0.0888255611062049,-0.1378413140773773,2025.0,24.91356167942137,67.19079423288159
15986.668011811022,40.82586233000004,0.044128019362688,0.1133803650736808,-0.1639371514320373,2025.0,25.05854976627826,67.34548412480697
14741.168503937008,39.86027167999998,0.0344827584922313,0.045948788523674,-0.0780854597687721,2025.0,24.874754459147407,67.25762889002009
14723.522834645668,40.86687857000001,0.0479043014347553,0.0655234158039093,-0.1077872663736343,2025.0,25.0340257590218,67.082726904202
14000.698031496064,39.84659960000005,0.0361629948019981,0.0388103723526001,-0.0639741793274879,2025.0,24.804685866986084,67.1525260017781
14862.908661417325,39.71842385000002,0.0608249604701995,0.1137899756431579,-0.1614878922700882,2025.0,24.982282798656517,67.37432004542721
15441.757086614174,44.13792371,0.0552412681281566,0.0907064899802208,-0.1449765413999557,2025.0,24.896853015136745,67.37054712123391
15384.07746062992,40.23454487000001,0.0082592135295271,0.1064863428473472,-0.1408062577247619,2025.0,25.018664567663357,67.3171871933572
15952.398818897636,42.044386460000055,0.0752764865756034,0.0837601721286773,-0.1310253739356994,2025.0,25.065826120079628,67.17570253610837
14086.761023622048,40.18156556000002,0.0470231100916862,0.0971469357609748,-0.1382162421941757,2025.0,24.80818929659415,67.42229008159919
14534.419488188978,40.15080338000001,0.0960647538304328,0.1042746528983116,-0.1465716958045959,2025.0,25.08792467606897,67.444927626759
9252.819094488188,31.42459832000003,-0.0313030257821083,0.0263263098895549,-0.0216872580349445,2025.0,24.80818929659415,67.29535813195311
14388.23248031496,41.02581650000002,0.0483836121857166,0.110157810151577,-0.152268961071968,2025.0,25.125923412587223,66.91941318554908
15432.521358267715,40.08073397000004,0.0362095832824707,0.0782652869820594,-0.1243312433362007,2025.0,25.010849224691512,67.11695271652697
11672.329921259843,31.629679520000025,-0.1895868778228759,0.2793669998645782,-0.2539097964763641,2025.0,24.747283520330846,67.34979603817075
16188.684744094488,40.9061858,0.090540200471878,0.0816872045397758,-0.1363047808408737,2025.0,24.97365897192897,67.18055343864263
13683.67933070866,39.63126434000003,0.0382050052285194,0.0318739525973796,-0.0650896281003952,2025.0,24.967999585639014,67.08084044210536
19377.992322834645,42.41353262000001,0.0795810744166374,0.0768204405903816,-0.1342723965644836,2025.0,25.045075037016467,67.16950416064796
13816.572047244095,40.53874865000003,0.0828727558255195,0.0762112736701965,-0.1021071895956993,2025.0,24.76911258173495,67.08380488254295
10533.355511811023,31.12723058000006,-0.1297274231910705,0.1661213487386703,-0.1410015970468521,2025.0,24.75348189579127,67.35302997319357
15215.26594488189,40.18840160000002,0.0515757761895656,0.0615762583911418,-0.1060210242867469,2025.0,24.818969080003583,67.14740560465862
14038.106496062992,40.44304409000003,0.037640992552042,0.0493751801550388,-0.0876683443784713,2025.0,24.985516733679344,66.98948177771041
13592.679822834643,39.42276512000001,0.0299571640789508,0.0567486248910427,-0.0886109620332717,2025.0,24.946440018820145,67.06871318576975
14656.904724409447,41.21722562000002,0.0805496051907539,0.081158198416233,-0.1294426769018173,2025.0,25.12107251005298,67.31314477457867
13890.61781496063,42.46992995000002,0.0069466577842831,0.0896074324846267,-0.1154653504490852,2025.0,24.834599765947264,67.1104848464813
12150.247244094488,35.905622540000024,-0.020952908322215,0.0580057688057422,-0.0714501738548278,2025.0,24.86990355661316,66.87845000859323
15228.164566929132,41.40521672,0.0829135477542877,0.0905444324016571,-0.1416655778884887,2025.0,25.12619290717246,67.31691769877197
14103.962303149608,39.71329682000001,0.0439252816140651,0.1476303040981292,-0.193666324019432,2025.0,24.909788755228067,66.9142927884296
15779.17933070866,40.10636912000001,0.0772788599133491,0.1273285150527954,-0.1908581405878067,2025.0,24.91167521732472,67.43387834876434
16329.63848425197,41.13861116000004,0.0794471874833107,0.0757513716816902,-0.1369853019714355,2025.0,25.008693268009623,67.41528322238305
11746.61437007874,29.789075749999995,-0.1930370777845382,0.2742860615253448,-0.250174343585968,2025.0,24.734347780239524,67.29643611029404
15065.06811023622,39.046782920000055,0.0376569032669067,0.122117131948471,-0.167351484298706,2025.0,25.02162900810095,67.38941174220041
15388.339763779528,40.325122400000055,0.0776312202215194,0.0792865455150604,-0.1379953324794769,2025.0,25.041032618237928,67.29023773483362
14789.579921259843,38.85537380000005,0.0382949225604534,0.0597025044262409,-0.1039090827107429,2025.0,24.86990355661316,67.35222148943787
16278.962795275593,42.86129324000001,0.0748511478304863,0.082825019955635,-0.1420511901378631,2025.0,25.121880993808688,67.32554152549952
15414.435236220472,39.54923186000002,0.0585619322955608,0.1362252682447433,-0.1894466876983642,2025.0,25.116491102103968,67.27002564094093
14963.366338582677,37.87098404000005,0.0226565971970558,0.1108758449554443,-0.1513050347566604,2025.0,24.7957925456733,67.41770867365018
14939.18622047244,39.72013286000004,0.0673583224415779,0.0992905274033546,-0.1492474228143692,2025.0,24.834599765947264,67.3667741970406
12403.09468503937,37.98036067999999,0.0931439846754074,0.1043657660484314,-0.1435665935277938,2025.0,25.143979549798026,66.85284802299583
14875.821062992123,40.96429214,0.0833647102117538,0.0703900009393692,-0.1206080317497253,2025.0,25.127270885513404,67.37782347503527
15262.13996062992,40.12345922000003,0.0311594195663929,0.1483945548534393,-0.1961147636175155,2025.0,25.042649585749345,67.01265831204068
14717.706889763778,36.49694,0.0028001500759273,0.1815569847822189,-0.2040851861238479,2025.0,24.926766914097925,67.31557022584579
15348.089271653544,37.86243899000005,0.0412897355854511,0.1121146529912948,-0.1591465771198272,2025.0,25.01435265429958,67.37432004542721
13725.341732283465,40.195237640000016,0.0240837689489126,0.0554091669619083,-0.0865222811698913,2025.0,24.903320885182406,66.98975127229563
14935.237401574805,40.57805588000002,0.0313903614878654,0.151682510972023,-0.1950024962425232,2025.0,24.970425036906136,67.39210668805278
14131.26742125984,35.82188105000003,-0.031004324555397,0.217200830578804,-0.2261301130056381,2025.0,25.07418045222194,66.89435018912215
14723.831397637794,41.054869670000016,0.0717606768012046,0.0822027027606964,-0.1299259960651397,2025.0,24.87448496456217,66.92884549603234
14696.331397637794,40.126877240000056,0.0298426710069179,0.0560846403241157,-0.0895465910434722,2025.0,24.818699585418347,67.18809928702923
14619.26496062992,37.37878916,-0.0052062477916479,0.1523662805557251,-0.1908521801233291,2025.0,24.921646516978445,67.22124712101323
12631.981496062992,40.54387568000004,0.0604057274758815,0.0804825872182846,-0.1257276237010955,2025.0,25.13724218516713,67.27325957596376
16527.743307086614,42.71773640000004,0.0815475955605506,0.1086168363690376,-0.1716658771038055,2025.0,25.14990843067321,67.13420036998205
16108.485433070868,40.14054931999999,0.0819072052836418,0.1139390915632247,-0.1730442196130752,2025.0,25.145327022724207,67.15063953968145
17346.697047244095,41.79145298000003,0.0649017542600631,0.0499410778284072,-0.1089791059494018,2025.0,25.12511492883152,67.35788087572782
13018.963779527558,41.34711038,0.0206325408071279,0.071314126253128,-0.1048406511545181,2025.0,24.99279308748071,66.96226282460158
14071.224606299213,38.33241673999999,0.0440963990986347,0.1158711388707161,-0.1663818806409835,2025.0,24.894427563869623,67.4365732946167
14216.58188976378,41.750436740000055,0.0838295891880989,0.1179068982601165,-0.1641428619623184,2025.0,24.92973135453552,66.85877690387102
13511.5218503937,38.28456446000001,0.0403355918824672,0.0770982876420021,-0.1153207793831825,2025.0,25.01327467595864,66.8706346656214
14130.964763779526,37.65223076000001,0.0853851363062858,0.1263430714607238,-0.1754755228757858,2025.0,25.118108069615385,66.85689044177437
15933.61437007874,39.378330860000034,0.0390268340706825,0.0502437688410282,-0.0932473540306091,2025.0,24.99926095752637,67.03610434095621
17198.558267716537,42.338336180000056,0.0695963948965072,0.0529350116848945,-0.1102854311466217,2025.0,25.0235154701976,67.02640253588771
15854.593700787402,42.47163896000001,0.0636757984757423,0.0708052814006805,-0.124098852276802,2025.0,25.06124471213062,67.1134492869189
14357.40964566929,38.74941518000003,0.0466207489371299,0.1297027170658111,-0.1812117397785186,2025.0,24.907363303960945,67.42121210325824
13107.545472440946,38.50331774000006,0.0854251012206077,0.0848283171653747,-0.1287574619054794,2025.0,25.111640199569724,67.44331065924759
15307.459842519684,42.79976887999999,0.0896431654691696,0.0969093739986419,-0.1521928906440735,2025.0,24.96422666144571,66.86228033347908
14207.609448818896,41.43597890000001,0.0824779570102691,0.0996896550059318,-0.1447373330593109,2025.0,25.13346926097383,67.33470434139754
16158.174409448822,42.64595798000005,0.0927587449550628,0.0803590565919876,-0.1429763734340667,2025.0,25.10355536201265,67.29993953990211
14856.60501968504,41.15399225000005,0.0660032927989959,0.0952862203121185,-0.1426219344139099,2025.0,24.95614182388864,67.44142419715094
16987.598622047248,36.45250574000002,0.0346549525856971,0.0566252768039703,-0.1012221127748489,2025.0,24.97338947734373,67.04095524349046
8897.25807086614,29.70533426000003,-0.0337684117257595,-0.0035015696194022,0.0157057344913482,2025.0,24.78743821353099,67.32446354715857
14234.668503937008,39.508215620000016,-0.0256834812462329,0.2042088955640792,-0.2162230908870697,2025.0,25.11110121039925,67.00726842033598
15798.632086614172,43.52438912000002,0.0831869542598724,0.0950367897748947,-0.1528524309396743,2025.0,24.90763279854618,66.87683304108181
17046.833858267717,42.338336180000056,0.0728413313627243,0.0908938720822334,-0.1512634754180908,2025.0,25.02405445936807,67.21127582135952
16143.293996062996,39.62101028000001,0.0665968433022499,0.0749310776591301,-0.1245927438139915,2025.0,25.064748141738686,66.88330091112748
17330.943602362204,41.400089690000016,0.0654680281877517,0.0601238831877708,-0.1221983954310417,2025.0,25.038068177800334,67.32527203091428
15541.21624015748,42.52120025000002,0.0632126405835151,0.1048208549618721,-0.1676503866910934,2025.0,25.08846366523944,67.09000325800338
13219.662598425197,37.966688600000026,-0.0413234494626522,0.2119101732969284,-0.2261692136526107,2025.0,24.857237311107077,67.36866065913725
14372.410137795276,39.983320400000025,0.0514033287763595,0.1015597358345985,-0.1515939831733703,2025.0,24.85184741940236,67.29993953990211
13160.073031496064,42.627158870000045,0.0716054663062095,0.0927075296640396,-0.1300481110811233,2025.0,24.899008971818635,66.9668442325506
15331.45,38.19569594000001,0.0302173141390085,0.1585274785757064,-0.1987858414649963,2025.0,24.960453737252408,67.4133967602864
13168.644881889762,37.30188371,0.0470348447561264,0.1542597711086273,-0.1803051680326461,2025.0,25.12780987468388,67.00160903404601
16885.579921259843,40.325122400000055,0.0797636657953262,0.0885740295052528,-0.1501441895961761,2025.0,25.079570343926655,67.35788087572782
16175.039566929136,42.52632728000003,0.0782538875937461,0.0638220533728599,-0.1210280358791351,2025.0,24.965843628957124,67.35599441363117
17515.10501968504,41.08221383,0.0803899317979812,0.0703306049108505,-0.1314354985952377,2025.0,25.050195434135947,67.20885037009239
15195.280216535431,39.85514465000003,0.0817380920052528,0.1154425963759422,-0.1633419692516327,2025.0,25.141284603945667,67.28323087561749
12043.612401574805,29.585703560000013,-0.2184795141220092,0.298160970211029,-0.2858541905879974,2025.0,24.85642882735137,66.9706171567439
12230.592716535435,31.98173558000002,-0.2082408219575882,0.2949389219284057,-0.2812739908695221,2025.0,24.86154922447085,66.91078935882153
15944.386515748032,39.35098670000002,0.0681515783071518,0.0836681872606277,-0.1371010988950729,2025.0,25.06932954968769,67.10698141687324
10430.891929133855,33.09942812000003,-0.0524635426700115,0.1150370836257934,-0.1093596071004867,2025.0,24.865322148664152,66.96900018923247
15506.268897637794,41.55902762000005,0.0950807034969329,0.0842160880565643,-0.1370918750762939,2025.0,25.12780987468388,67.38186589381381
15308.69409448819,41.64618712999999,0.0685994103550911,0.0797436758875846,-0.1364599913358688,2025.0,24.8672086107608,67.37324206708627
15340.399803149608,38.81435756000002,0.0366554483771324,0.0870593786239624,-0.1300780177116394,2025.0,24.99279308748071,67.03394838427432
14838.1000984252,41.11468502,0.05112249776721,0.1014452129602432,-0.144000768661499,2025.0,24.803877383230372,67.11803069486791
15066.682283464566,40.62590816,0.0423923954367637,0.1338622868061065,-0.1751205027103424,2025.0,25.091967094847508,66.99648863692654
14687.109940944883,41.99995220000002,0.116999015212059,0.075405366718769,-0.1179436221718788,2025.0,24.81411817746934,67.27945795142419
14349.31811023622,40.82757134000002,0.0723418742418289,0.1061668172478675,-0.1500009000301361,2025.0,24.92919236536505,66.8970451349745
14593.64783464567,40.23283586000002,0.0426838062703609,0.1354732811450958,-0.177496537566185,2025.0,24.821394531270705,67.37324206708627
14919.50118110236,38.74599716,-0.0066062286496162,0.1574791967868805,-0.1782990843057632,2025.0,24.88580373714208,67.22448105603607
14355.158661417325,38.58876824000004,0.0493582040071487,0.135479986667633,-0.1746927797794342,2025.0,25.07471944139241,67.39722708517226
13324.099606299213,41.44965098000003,0.077137105166912,0.062072966247797,-0.0918978899717331,2025.0,24.797948502355187,67.16869567689226
12353.74625984252,29.611338709999984,-0.2501428723335266,0.345283567905426,-0.3243150115013122,2025.0,24.856159332766133,66.88976878117313
15144.659645669291,41.64447812000003,0.0755553171038627,0.078814685344696,-0.1285845786333084,2025.0,24.841876119748637,67.38914224761518
14886.182283464565,40.907894810000016,0.0807003453373909,0.0811993703246116,-0.1279850900173187,2025.0,24.98093532573033,66.89435018912215
14940.84566929134,42.05293151000001,0.0712014511227607,0.0992506444454193,-0.1535267680883407,2025.0,24.95075193218392,67.22987094774079
14927.616338582677,42.181107259999976,0.0599078349769115,0.1002256274223327,-0.1560794115066528,2025.0,24.86666962159033,67.39453213931989
15396.628149606298,38.178605840000046,0.0408945344388484,0.1592861413955688,-0.2078404873609542,2025.0,25.02082052434524,66.88357040571272
15185.163582677164,40.817317280000026,0.0474487468600273,0.1375218480825424,-0.1774454265832901,2025.0,24.97419796109944,67.13500885373777
12406.964763779528,38.93911529000002,-0.0073942779563367,0.0806446149945259,-0.1189614981412887,2025.0,25.03025283482849,67.01777870916017
15796.657677165353,42.23579558000006,0.0689047649502754,0.0921928212046623,-0.1491780579090118,2025.0,24.91949056029656,67.36704369162584
13829.158661417325,41.05316066,0.0092885065823793,0.0839092507958412,-0.116913616657257,2025.0,24.802799404889434,67.32284657964716
14893.524803149605,40.40715488000001,0.0376352369785308,0.0504762753844261,-0.0883648470044136,2025.0,24.832443809265374,67.13851228334583
14231.583366141733,39.52359671000002,0.0351341441273689,0.1002741828560829,-0.1425592899322509,2025.0,24.85454236525472,67.36354026201778
15002.617322834643,43.40134039999998,0.0462827682495117,0.0769816562533378,-0.1237348541617393,2025.0,24.82974886341302,67.28161390810607
15187.859448818896,39.231356000000005,0.0283250194042921,0.0466909185051918,-0.0803704038262367,2025.0,24.90655482020524,67.07922347459395
13635.400787401575,39.858562670000026,0.0307364910840988,0.0624175556004047,-0.1013745963573455,2025.0,25.02809687814661,66.87090416020662
14675.2905511811,40.89764075,0.0748842731118202,0.0947412773966789,-0.1456654816865921,2025.0,25.148021968576565,67.32230759047668
13762.672440944882,37.60096046000001,0.0019303854787722,0.135591059923172,-0.1610322743654251,2025.0,24.985516733679344,67.11156282482224
12569.211811023622,41.48895821000002,0.0242892820388078,0.0399496145546436,-0.0643539205193519,2025.0,24.899008971818635,66.97870199430098
14882.034153543307,39.68253464,0.0668925344944,0.0458592399954795,-0.0717730298638343,2025.0,24.753751390376507,67.31314477457867
13485.763976377952,36.343129100000056,-0.0232051759958267,0.1963610500097274,-0.2157769352197647,2025.0,25.106519802450244,66.96226282460158
15496.267421259843,41.10955799000004,0.0517146997153759,0.0975887924432754,-0.1573920994997024,2025.0,24.90305139059717,67.15387347470428
15225.184251968503,41.12835710000002,0.0346596874296665,0.0706107467412948,-0.1053187772631645,2025.0,24.803068899474667,67.09970506307187
16199.27627952756,41.48724920000001,0.0893125683069229,0.0792915523052215,-0.1361612677574157,2025.0,25.134816733900006,67.02694152505819
15591.775787401572,41.68207633999998,0.070607803761959,0.0823342725634574,-0.1348532438278198,2025.0,24.99683550625925,66.88788231907648
17530.487401574803,41.80854308000005,0.0775269418954849,0.0795156434178352,-0.1424528360366821,2025.0,25.08981113816562,67.32446354715857
15676.985433070866,40.05168079999999,0.1030491888523101,0.1004057377576828,-0.1480650752782821,2025.0,25.098165470307933,67.44654459427042
14368.628149606298,41.06683274,0.0363977700471878,0.0701061114668846,-0.1146403923630714,2025.0,25.01435265429958,67.106711922288
15940.991830708665,42.43404074000003,0.0712545961141586,0.0918489918112754,-0.1501772254705429,2025.0,24.939702654189247,67.2277149910589
16391.995275590554,43.620093680000025,0.0838388502597808,0.0764903128147125,-0.1331854909658432,2025.0,25.0377986832151,67.0533519944113
14575.460334645668,39.41080205,0.0425187312066555,0.0478478595614433,-0.0819025337696075,2025.0,24.93000084912076,66.9743900809372
14791.60059055118,40.17472952000003,-0.0552919320762157,0.2332358807325363,-0.2563488781452179,2025.0,25.125923412587223,66.92156914223096
14396.267913385826,36.661004960000014,0.0087558217346668,0.1520237773656845,-0.1849525570869445,2025.0,25.05531583125543,66.94905758992503
13612.135039370078,39.409093040000016,0.044887039810419,0.1231516972184181,-0.1812095046043396,2025.0,24.87313749163599,67.41555271696829
14460.197047244095,38.67763676000001,0.0279129035770893,0.0526013858616352,-0.077618308365345,2025.0,24.78959417021288,67.13743430500489
14281.26348425197,42.74166253999999,0.0819372907280922,0.0817913860082626,-0.127008244395256,2025.0,25.135086228485243,66.9029740158497
16540.182775590554,42.76217066000004,0.081359751522541,0.0761225670576095,-0.1358159631490707,2025.0,24.97850987446321,67.18243990073928
14049.120767716537,39.40567502000002,0.0266968645155429,0.0424976199865341,-0.0830081477761268,2025.0,24.78932467562764,67.44546661592948
17351.96230314961,38.985258560000034,0.0199131052941083,0.0623257271945476,-0.108191467821598,2025.0,25.051542907062128,67.3516825002674
15585.753149606298,41.16595532000002,0.1001290678977966,0.0907888710498809,-0.1447507441043853,2025.0,25.131582798877176,67.39561011766084
14407.826968503936,40.40373685999998,0.0465307682752609,0.0638511851429939,-0.1056379377841949,2025.0,24.95695030764434,66.92884549603234
14526.294488188976,38.012831870000014,-0.0108543392270803,0.1690616607666015,-0.1958748996257782,2025.0,25.02405445936807,66.93369639856658
14373.570078740158,40.74212084000001,0.0347321182489395,0.0567100532352924,-0.0894671455025672,2025.0,24.787707708116223,67.08003195834965
16507.310728346456,42.18965231000004,0.0814899802207946,0.0989191904664039,-0.1574272960424423,2025.0,25.10678929703548,67.15764639889758
14364.385531496064,39.15103253000001,-0.011145057156682,0.1860809177160263,-0.2194422781467437,2025.0,24.95802828598529,67.43010542457102
14217.18622047244,42.0512225,0.0729385316371917,0.0697705969214439,-0.1155384108424186,2025.0,25.130235325951,66.9420507307089
16661.887007874015,39.28604432000003,0.0711681768298149,0.0866631641983985,-0.147750973701477,2025.0,24.94670951340538,67.28511733771414
13990.208858267715,41.55902762,0.0243058688938617,0.0973757654428482,-0.1246384903788566,2025.0,24.789055181042404,67.3487180598298
17255.236417322838,41.40521672,0.0741311535239219,0.0598569177091121,-0.1194421723484993,2025.0,25.081456806023308,67.33200939554519
14728.131102362206,40.40715488000001,0.0289074629545211,0.1368399113416671,-0.1765695512294769,2025.0,24.94024164335972,67.29670560487928
15163.108464566929,38.90322608000002,0.0565547160804271,0.1223867908120155,-0.1614627987146377,2025.0,25.08280427894949,67.11668322194173
16362.576968503936,42.7860968,0.0824724286794662,0.0598676390945911,-0.1168155223131179,2025.0,25.043458069505053,67.17516354693791
12978.12027559055,40.03288169000001,-0.0536200031638145,0.2107146382331848,-0.210785910487175,2025.0,24.833791282191555,67.42094260867302
14411.045472440946,39.344150660000025,0.0167639702558517,0.1312510073184967,-0.1709818094968795,2025.0,24.94051113794496,67.36192329450635
16062.282677165354,41.82221516000004,0.0831139683723449,0.0687073394656181,-0.1227571368217468,2025.0,25.069060055102454,67.04850109187706
13117.326968503938,36.40807147999999,0.1028853580355644,0.113854706287384,-0.1542076915502548,2025.0,25.136164206826187,66.8722516331328
17897.13356299213,43.09030058000002,0.0945281088352203,0.0666246265172958,-0.1265650689601898,2025.0,25.120533520882507,67.14174621836867
12176.762992125983,29.75318654,-0.2163871079683303,0.2921290695667267,-0.27803635597229,2025.0,24.846996516868117,66.90809441296918
16159.180807086614,41.261659880000025,0.081992283463478,0.0775352269411087,-0.1358751654624939,2025.0,25.019473051419062,67.43333935959386
15136.229527559057,41.391544640000006,0.0731468349695205,0.0486338958144187,-0.0834437906742096,2025.0,24.776658430121557,67.05604694026366
13733.64192913386,39.13906946000003,0.0091835232451558,0.1652318835258484,-0.1881181597709655,2025.0,24.880144350852124,67.33551282515324
15147.23248031496,40.913021840000056,0.0668898969888687,0.1248864233493805,-0.1718197613954544,2025.0,25.13346926097383,66.97924098347144
15944.727559055118,40.3763927,0.0717473030090332,0.0803495720028877,-0.1338328421115875,2025.0,25.026479910635192,66.95175253577739
16567.383070866144,40.29094220000002,0.0740279480814933,0.123314119875431,-0.1864279955625534,2025.0,25.087655181483733,67.26894766259998
13763.100590551185,38.71181696000002,-0.0286572743207216,0.1617946922779083,-0.1683651804924011,2025.0,24.857776300277543,67.05685542401937
15419.533661417325,40.77288302,0.0501745715737342,0.0958094671368599,-0.1598642468452453,2025.0,25.02109001893048,67.36893015372249
14367.90374015748,40.10295110000004,-0.0397031754255294,0.2164622545242309,-0.2292458564043045,2025.0,24.85562034359566,67.14471065880626
15094.742322834643,35.98423700000001,0.0139503050595521,0.1448514312505722,-0.1784925460815429,2025.0,24.917334603614677,67.44627509968518
15431.824015748029,40.92327590000002,0.0550255738198757,0.1007642894983291,-0.1581162214279174,2025.0,25.062861679642037,67.28727329439603
15956.00216535433,41.555609600000025,0.0850202441215515,0.0764471143484115,-0.1337982267141342,2025.0,25.071755000954816,67.42363755452537
15299.254133858269,39.52701473000002,0.0407078675925731,0.1093068197369575,-0.1555475145578384,2025.0,24.854003376084247,67.2983225723907
14557.83877952756,39.01431173,0.0252335108816623,0.1180390641093254,-0.165440171957016,2025.0,24.837294711799625,67.3411722114432
15731.529724409447,40.475515280000025,0.0641254112124443,0.1240074411034584,-0.1773611903190612,2025.0,25.106250307865007,67.18648231951782
15139.011023622046,41.38129058000004,0.0165439527481794,0.0749726295471191,-0.1039360985159874,2025.0,24.8416066251634,67.0953931497081
14466.34468503937,40.72161272000005,0.0316017977893352,0.0431071519851684,-0.0791220664978027,2025.0,24.914370163177075,67.14605813173243
10168.49183070866,33.40704991999999,-0.0461533889174461,0.0412323996424675,-0.0411205701529979,2025.0,24.80172142654849,67.17758899820504
15348.612401574805,40.66008836000003,0.0637636855244636,0.0907594189047813,-0.142601191997528,2025.0,24.960453737252408,67.36407925118824
14241.599114173228,40.02775466000003,0.0051308474503457,0.1705488562583923,-0.1997327208518982,2025.0,24.95506384554769,67.19133322205207
13338.949507874016,41.00189036000003,0.0318515561521053,0.0469625703990459,-0.0827446430921554,2025.0,25.06232269047156,66.87332961147375
15701.145866141733,40.130295260000025,0.0502916686236858,0.0555537715554237,-0.0978787466883659,2025.0,24.899008971818635,67.21127582135952
12217.909645669291,29.375495330000007,-0.2250292003154754,0.3079103231430053,-0.286316305398941,2025.0,24.825436950049244,66.95444748162974
13882.434744094488,40.86175154000003,0.045715432614088,0.1017515957355499,-0.1472349911928177,2025.0,24.816813123321698,67.36839116455202
11376.895866141733,31.120394540000007,-0.1592469960451126,0.2338443845510482,-0.2063994407653808,2025.0,24.781778827241038,67.25196950373012
16294.243307086614,39.754313060000015,0.0652790889143943,0.0660089701414108,-0.1162763833999633,2025.0,24.879874856266888,67.19106372746683
8883.7531496063,28.84057519999999,-0.0446391813457012,-0.0280633848160505,0.0583616532385349,2025.0,24.745936047404665,67.38968123678565
16310.425393700789,41.31293018000002,0.0741007775068283,0.090589091181755,-0.1507492959499359,2025.0,24.99387106582165,67.41016282526358
14465.8437007874,39.39542096000002,0.0509767197072505,0.0776620656251907,-0.118808127939701,2025.0,24.99225409831024,67.04984856480324
15569.485925196852,42.05293151000004,0.0523975752294063,0.1170782223343849,-0.1802509576082229,2025.0,25.09223658943274,67.08946426883291
16148.52972440945,42.44258579000001,0.0882078930735588,0.0864877179265022,-0.1568595468997955,2025.0,25.10867575913213,67.06305379947979
13793.683267716537,38.95791440000005,0.024576460942626,0.1430942863225937,-0.1843478232622146,2025.0,24.96422666144571,67.2554729333382
13104.571062992123,40.20720071000005,0.0394727811217308,0.1168202310800552,-0.1464232057332992,2025.0,24.827053917560654,67.32473304174381
16294.546456692911,41.77094485999999,0.0696862488985061,0.0948066189885139,-0.1558510363101959,2025.0,24.96611312354236,67.30236499116923
17315.229035433076,42.91256354000001,0.0797988325357437,0.0759006440639495,-0.1410047709941864,2025.0,25.008962762594862,67.28915975649268
16216.451476377952,40.64812529,0.030569514259696,0.0697483196854591,-0.112556479871273,2025.0,24.99414056040689,67.13393087539683
13921.308267716537,39.38516690000006,0.0310547705739736,0.0468994453549385,-0.0835429057478904,2025.0,24.92353297907509,67.1449801533915
14073.887007874016,40.20207368000001,0.0515362024307251,0.1415710002183914,-0.1749874353408813,2025.0,24.889846155920612,66.8512310554844
13998.629133858269,39.99015644000002,0.0310256239026784,0.0448556318879127,-0.0839755684137344,2025.0,24.857237311107077,67.19348917873394
18810.257086614176,38.65029260000006,0.0801585242152214,0.0645508244633674,-0.1124860867857933,2025.0,25.14586601189468,67.01777870916017
13792.481988188976,38.57167814000002,-0.0158174857497215,0.1075889244675636,-0.1282179653644561,2025.0,24.911944711909957,67.03394838427432
16252.674409448822,41.38470860000001,0.0699012354016304,0.0982352942228317,-0.1509061753749847,2025.0,25.106519802450244,67.02963647091055
15934.464763779528,43.04415731000003,0.0672075375914573,0.0920737013220787,-0.1518182456493377,2025.0,24.90305139059717,67.37324206708627
14442.46279527559,37.7616074,-0.0345170237123966,0.1878218054771423,-0.2073152363300323,2025.0,25.048308972039298,66.93288791481088
12059.61535433071,30.829862840000036,-0.1977697312831878,0.2873981595039367,-0.2501156032085418,2025.0,24.79013315938335,67.23660831237169
14198.770374015749,39.85001762000002,0.0402189195156097,0.0470642708241939,-0.0862849354743957,2025.0,24.892271607187737,67.19187221122253
16072.520866141736,41.14032017000002,0.0506218634545803,0.1309646219015121,-0.1889967024326324,2025.0,24.967730091053777,67.33120091178947
16180.393405511812,39.96452129000002,0.0666447654366493,0.0948239043354988,-0.1561305522918701,2025.0,24.9205685386375,67.33173990095995
15676.565157480314,39.49796156000002,0.09873678535223,0.0785814896225929,-0.1327117532491684,2025.0,25.132121788047648,67.43226138125291
14755.217716535435,39.30313441999999,0.0351261347532272,0.0331577099859714,-0.063340350985527,2025.0,24.813040199128395,67.13878177793107
14889.039566929132,41.68720337000002,0.0574595518410205,0.1189075410366058,-0.1710709333419799,2025.0,24.909249766057595,67.24415416075828
15176.51938976378,40.96600115000001,0.0621916837990284,0.0740274041891098,-0.1263979226350784,2025.0,24.85157792481712,67.30856336662966
16950.673425196852,43.13131682000005,0.0678899064660072,0.071979783475399,-0.1408722251653671,2025.0,25.037529188629865,67.3276974821814
12841.543996062992,39.21768392000001,0.0345936007797718,0.1051464453339576,-0.1372965425252914,2025.0,24.900086950159576,66.95983737333447
15093.428346456692,40.42937201000004,0.0253930948674678,0.1339712888002395,-0.1774741411209106,2025.0,25.003842365475386,67.3411722114432
13964.476082677164,38.22474911000003,0.0177472624927759,0.1646899580955505,-0.201651781797409,2025.0,24.939972148774483,67.28296138103225
15490.861417322834,40.48235132000002,0.0605314336717128,0.0742857158184051,-0.1257599741220474,2025.0,24.98686420660552,67.13716481041965
14753.10600393701,38.10682742,0.037766508758068,0.0550939850509166,-0.0941647365689277,2025.0,24.993601571236415,67.05065704855895
10350.654232283465,37.4710757,0.0054943175055086,0.0114945033565163,-0.0199609901756048,2025.0,24.93296528955835,67.08757780673626
15421.150787401572,39.67911662000006,0.0297297295182943,0.1217769980430603,-0.156786099076271,2025.0,24.876640921244057,67.23310488276361
15074.214763779526,42.58443362000003,0.0696386396884918,0.1158728599548339,-0.1658751666545868,2025.0,24.920299044052268,66.88383990029794
13528.96377952756,37.585579370000005,-0.007945536635816,0.1641365438699722,-0.1842284947633743,2025.0,25.09951294323411,66.94420668739077
14543.203937007873,38.93740628000003,0.0552628338336944,0.0937475189566612,-0.1444416344165802,2025.0,24.85157792481712,67.23418286110456
14314.322047244092,36.295276820000026,-0.0082322908565402,0.1146769672632217,-0.1418660879135131,2025.0,24.85696781652184,67.17489405235267
15702.353051181104,40.72332173000001,0.0805472806096077,0.1056260541081428,-0.165017232298851,2025.0,25.081456806023308,67.00080055029031
15795.772342519684,44.48656174999999,0.0812695249915123,0.0756345093250274,-0.1334330141544342,2025.0,24.97850987446321,67.2856563268846
15800.928346456692,42.79293284000005,0.0720640793442726,0.1215515881776809,-0.1744009256362915,2025.0,25.12107251005298,67.25008304163347
14541.640944881889,38.04530306000004,0.0668693929910659,0.0896752551198005,-0.1305000633001327,2025.0,25.132121788047648,67.28457834854366
13575.233464566929,39.68253464000003,0.0394711382687091,0.044013887643814,-0.0752845257520675,2025.0,24.95290788886581,66.97223412425531
15211.519881889762,40.73186678000002,0.0632981210947036,0.1087395474314689,-0.1562319099903106,2025.0,25.115413123763027,67.30398195868065
14105.141437007876,39.40054799000001,-0.0317824818193912,0.2064495682716369,-0.2209460735321045,2025.0,25.105172329524063,67.00861589326215
16303.74625984252,41.69574842000003,0.0662415847182273,0.0709864124655723,-0.1265132874250412,2025.0,24.97743189612227,67.01885668750111
14381.42637795276,40.44133508000005,0.0470239035785198,0.1230620741844177,-0.1771686673164367,2025.0,24.899547960989104,67.13500885373777
14762.648818897636,39.771403160000006,0.040407221764326,0.068243883550167,-0.1062012761831283,2025.0,24.96557413437189,67.16546174186942
16314.966732283465,41.46674108000002,0.0707588344812393,0.115615963935852,-0.1868048459291458,2025.0,25.038068177800334,67.3554554244607
17015.38405511811,41.51459336000005,0.0729732140898704,0.0808232650160789,-0.1391055285930633,2025.0,25.015430632640523,67.20992834843334
14170.636023622048,35.12631398000002,0.0994403287768364,0.1042207553982734,-0.1461231112480163,2025.0,25.10732828620595,66.86740073059856
16370.785629921262,41.897411600000055,0.0776199698448181,0.0756293088197708,-0.132296934723854,2025.0,24.995757527918304,66.9256115610095
15878.871259842515,39.084381140000005,0.017681922763586,0.1250949501991272,-0.1777030974626541,2025.0,24.995757527918304,67.18351787908023
14661.739370078742,38.60244032000003,0.044870026409626,0.0683663263916969,-0.107667401432991,2025.0,25.02405445936807,66.8932722107812
16192.6094488189,42.26484875000003,0.0562333837151527,0.0930672585964202,-0.1450745016336441,2025.0,24.97365897192897,67.24011174197975
14306.714763779528,40.52336756,-0.0024955999106168,0.1273684501647949,-0.1663374602794647,2025.0,24.94751799716109,67.25601192250866
15666.764960629922,39.97306634000006,0.047416117042303,0.1142729818820953,-0.1695089638233184,2025.0,25.07202449554005,67.40153899853603
14145.372244094488,39.802165340000045,0.0847698226571083,0.1074814870953559,-0.1548879593610763,2025.0,25.090619621921327,67.44358015383283
15546.177362204724,36.37389128000001,0.0686292946338653,0.0591600276529789,-0.116780124604702,2025.0,25.0130051813734,67.40315596604745
17057.12470472441,40.83953441000003,0.0776683092117309,0.0704314187169075,-0.1341291964054107,2025.0,25.068790560517225,67.34710109231838
14799.35059055118,40.936947980000014,0.0358541570603847,0.0839019492268562,-0.1225546970963478,2025.0,24.93404326789929,66.95283051411833
14619.358464566929,41.88032150000004,0.0730340033769607,0.0671469718217849,-0.1151414215564727,2025.0,25.03052232941373,66.98490036976139
15456.972145669291,40.96258313000004,0.0664946138858795,0.1184398010373115,-0.1763340085744857,2025.0,25.084421246460906,67.07221661537781
17203.89980314961,42.32124608000004,0.0888132974505424,0.0853320658206939,-0.1468457281589508,2025.0,25.089002654409917,67.10051354682757
13038.333858267715,37.52576402,-0.111095443367958,0.2572732865810394,-0.2551415860652923,2025.0,24.933504278728822,67.12665452159546
14455.635531496064,39.40225700000002,0.0426291078329086,0.0893525034189224,-0.1373719871044159,2025.0,24.96692160729807,67.36461824035872
14604.440157480316,39.05361896,0.0331184715032577,0.1398703306913375,-0.1747564226388931,2025.0,25.04076312365269,66.97870199430098
17070.55974409449,40.345630520000014,0.0773498564958572,0.0713084191083908,-0.1385308802127838,2025.0,25.04480554243123,67.35195199485263
17490.731496062996,42.51265520000004,0.0918170139193534,0.0715302079916,-0.1337154358625412,2025.0,25.081456806023308,67.1315054241297
14870.547440944882,42.21870548000004,0.036365695297718,0.115850880742073,-0.157271146774292,2025.0,24.890385145091084,67.12827148910687
15664.845669291337,40.49260538000004,0.076459065079689,0.0974103957414627,-0.1530872583389282,2025.0,25.036181715703684,67.38536932342188
13015.810236220474,35.63218094000001,-0.0158646740019321,0.111432708799839,-0.1370538473129272,2025.0,24.86478315949368,67.12126462989073
15405.860433070866,40.72161272000005,0.0543662570416927,0.1129736229777336,-0.1646147668361663,2025.0,25.077683881830005,67.39965253643938
15055.236417322832,39.23819204000003,0.0337310545146465,0.1322675943374633,-0.1778466701507568,2025.0,24.965304639786652,67.25223899831536
9867.468700787402,30.224873300000013,-0.0952177420258522,0.0577489398419857,-0.039791963994503,2025.0,24.788785686457167,67.18513484659164
15814.695078740158,42.82027700000003,0.0623875074088573,0.1096416115760803,-0.1666770130395889,2025.0,25.00977124635057,67.28269188644701
15104.912598425197,42.29048390000003,0.0819518119096756,0.0907317101955413,-0.1480720788240432,2025.0,24.918951571126087,66.90809441296918
15009.85059055118,41.19329948000001,0.0642837285995483,0.0898662805557251,-0.1394662708044052,2025.0,24.94859597550203,67.43387834876434
15200.485433070866,40.38664676000002,0.048005636781454,0.1125060394406318,-0.1553577631711959,2025.0,24.94266709462684,67.19052473829635
14349.97657480315,37.95985256,0.0650370791554451,0.0527336187660694,-0.1008456274867057,2025.0,24.875023953732644,66.8760245573261
15727.340748031496,39.61759226000004,0.0794934406876564,0.1033602207899093,-0.1590406894683838,2025.0,25.09627900821128,67.31206679623773
15721.011023622046,41.76923585,0.0689391270279884,0.135605126619339,-0.1929727643728256,2025.0,25.098165470307933,67.23310488276361
14110.223622047242,39.607338200000015,0.0294961631298065,0.0361260026693344,-0.0679331123828888,2025.0,24.852655903158063,67.082726904202
15511.333858267715,41.0087264,0.0645976960659027,0.1094046235084533,-0.1600831598043441,2025.0,25.056932798766844,67.22636751813272
14509.41751968504,38.92373420000001,0.0841035619378089,0.0856555104255676,-0.1277849823236465,2025.0,24.94024164335972,66.85257852841059
14526.910629921258,40.08927902000005,0.0403543002903461,0.0455623976886272,-0.0844392925500869,2025.0,25.0340257590218,67.06817419659927
13544.977559055118,39.40396601000003,0.0053962022066116,0.1005526781082153,-0.1311379075050354,2025.0,24.875023953732644,66.9827444130795
14054.563188976375,40.35759359000002,0.0182921774685382,0.0622593462467193,-0.0941502004861831,2025.0,24.94617052423491,67.0819184204463
14082.764960629922,38.899808060000055,-0.004029348026961,0.0920354574918747,-0.1185721233487129,2025.0,24.870442545783632,67.025594052132
16756.359448818897,43.54489724000001,0.0774732381105423,0.106076568365097,-0.1716290563344955,2025.0,25.01462214888481,67.29751408863498
12486.71624015748,31.460487530000023,-0.2281286120414734,0.3209476172924042,-0.298989862203598,2025.0,24.804685866986084,67.22582852896225
14153.27775590551,34.746913759999984,-0.0412321835756301,0.2102992236614227,-0.2189297974109649,2025.0,25.12161149922345,66.99298520731847
14175.379625984251,39.36978581,0.0217068567872047,0.0687127113342285,-0.0978069826960563,2025.0,24.81519615581028,67.2269065073032
9693.570078740157,30.665797880000014,-0.0386112555861473,0.0274771023541688,-0.0130593432113528,2025.0,24.820316552929764,66.96064585709017
16082.565157480314,42.044386460000055,0.0371435768902301,0.0631448403000831,-0.1063669994473457,2025.0,24.845379549356696,67.14524964797673
13965.690157480316,36.61315267999999,-0.0054649016819894,0.1416904181241989,-0.1678614765405655,2025.0,24.749169982427496,67.4171696844797
15452.822047244092,40.84124342000001,0.0747589021921157,0.1025851741433143,-0.1564856767654419,2025.0,25.070138033443403,67.43037491915626
15287.519389763778,41.36420048000002,0.0622526369988918,0.0935702100396156,-0.1421824395656585,2025.0,24.910597238983776,67.37485903459768
14053.074015748032,38.76308726000002,0.0185912940651178,0.1409425884485244,-0.1745239347219467,2025.0,25.05666330418161,67.01265831204068
14851.12618110236,42.42036866000001,0.0494835712015628,0.0475891456007957,-0.0948132798075676,2025.0,24.825436950049244,67.306676904533
8925.647342519685,26.726529830000032,-0.0440023578703403,-0.0625118091702461,0.0863886028528213,2025.0,24.735156263995236,67.43872925129858
14317.782677165354,39.084381140000005,-0.0100895091891288,0.1055776923894882,-0.1281204372644424,2025.0,24.824628466293536,67.03933827597903
15357.108464566929,41.42914286000001,0.0646084398031234,0.0978347063064575,-0.153340458869934,2025.0,24.93700770833689,67.4096238360931
14251.119291338582,39.41592908000001,0.0140371629968285,0.1203591227531433,-0.1534295976161956,2025.0,25.094662040699863,67.01589224706352
15165.573523622046,40.39177379,0.0377141200006008,0.1062410771846771,-0.1620798707008361,2025.0,24.99090662538406,67.3268889984257
14592.519881889762,41.25482384,0.0946863889694213,0.08540078997612,-0.1330126672983169,2025.0,24.95344687803628,66.90782491838394
14730.825,40.40715488000001,-0.0052730315364897,0.1916351020336151,-0.2207245677709579,2025.0,24.960723231837644,67.39803556892797
15103.40275590551,37.915418300000056,0.0359293185174465,0.0945165082812309,-0.1409129202365875,2025.0,24.870981534954105,67.21504874555282
17352.719685039374,42.5810156,0.0782040506601333,0.098900519311428,-0.1654724776744842,2025.0,25.13346926097383,67.24361517158782
14218.183267716537,41.05316066,0.075814388692379,0.0973420515656471,-0.1452743113040924,2025.0,24.829209874242547,67.36893015372249
13711.240354330708,38.20595000000003,-0.0685851350426673,0.2370673716068267,-0.2358715832233429,2025.0,25.097895975722697,66.9735815971815
15537.895374015749,41.59662584000003,0.049298521131277,0.059175781905651,-0.1068162471055984,2025.0,24.821933520441178,67.29616661570881
15155.847145669291,39.74576801000004,0.0553628169000148,0.1374249458312988,-0.1935290545225143,2025.0,24.885264747971604,67.28646481064033
16956.098622047244,41.73334664000004,0.0713579207658767,0.0830577909946441,-0.1456415206193924,2025.0,25.003033881719677,67.33578231973848
13139.053346456692,39.262118180000016,0.0081747705116868,0.0853182151913642,-0.1106859892606735,2025.0,24.869634062027924,67.08084044210536
15306.13996062992,41.51459336000005,0.0718733742833137,0.0984989404678344,-0.1572768986225128,2025.0,24.943206083797318,67.23418286110456
13586.729527559057,34.72982366000002,-0.058553609997034,0.2216752469539642,-0.2203099429607391,2025.0,24.93000084912076,67.32446354715857
11252.76742125984,30.70852313000003,-0.1270589977502823,0.1884220987558365,-0.1795686483383178,2025.0,24.73057485604622,67.3134142691639
11748.692125984251,31.913375180000003,-0.1982554495334625,0.2745472192764282,-0.251491516828537,2025.0,24.744049585308016,67.3516825002674
18057.02874015748,43.19455019000003,0.0849736109375953,0.0610651448369026,-0.1168949827551841,2025.0,25.0625921850568,67.13312239164111
16385.828937007875,42.18794330000003,0.0745565593242645,0.0575399808585643,-0.1043505743145942,2025.0,25.055046336670195,67.04715361895087
16427.609940944883,41.68549436000001,0.0805229842662811,0.0967087224125862,-0.1564850658178329,2025.0,25.086846697728024,67.14983105592574
16124.716732283465,42.31782806000001,0.0640856102108955,0.1260084360837936,-0.1897884160280227,2025.0,25.07202449554005,67.38186589381381
11583.209842519684,32.22783302000005,-0.2000154107809066,0.293804794549942,-0.2729130983352661,2025.0,24.785821246019573,67.30694639911825
15397.85748031496,40.58147389999999,0.0539666749536991,0.0620860941708087,-0.0859336853027343,2025.0,24.757793809155043,67.3104498287263
14048.459842519684,34.83578227999999,0.007533302064985,0.1491295546293258,-0.1801890879869461,2025.0,25.046422509942648,66.95822040582304
14602.470669291337,38.026503950000034,0.033144075423479,0.059428721666336,-0.0957706645131111,2025.0,24.87071204036887,67.35599441363117
14655.269881889764,40.95745610000006,0.0235455054789781,0.0552888661623001,-0.1072241812944412,2025.0,24.871520524124577,67.30479044243636
14691.952952755904,40.03800871999999,-0.0032677000854164,0.1800980567932129,-0.2156147211790084,2025.0,25.01462214888481,66.85311751758105
15267.31811023622,40.916439860000025,0.0702288523316383,0.0907779559493064,-0.1363388001918792,2025.0,24.820316552929764,67.25143051455966
15253.676377952756,42.85274819,0.0785528346896171,0.1273989081382751,-0.1836497336626052,2025.0,24.95371637262151,66.93639134441894
11760.348622047242,41.03948858000001,-0.0020684306509792,0.026993304491043,-0.0535808578133583,2025.0,24.85103893564665,67.31233629082296
13741.387992125983,34.333333340000024,0.0756955593824386,0.1449051946401596,-0.1817025691270828,2025.0,25.13185229346241,66.86443629016097
16721.54940944882,41.25824186,0.105687528848648,0.1078655645251274,-0.1596886217594146,2025.0,25.118108069615385,67.44843105636707
13737.02529527559,41.38641761000002,0.0219149459153413,0.0390401929616928,-0.077017068862915,2025.0,24.842145614333862,67.14039874544248
15439.09124015748,43.22531237000004,0.0601229518651962,0.09217070043087,-0.1464784294366836,2025.0,25.074988935977647,67.06871318576975
15477.805807086614,39.598793150000034,0.059581059962511,0.1181886792182922,-0.1721804589033126,2025.0,24.939972148774483,67.33093141720424
17012.20688976378,42.63912194,0.0843466222286224,0.09803007543087,-0.1641555875539779,2025.0,25.136972690581896,67.23876426905358
17034.458858267717,41.31976622000002,0.0921820923686027,0.0939932465553283,-0.1587581485509872,2025.0,25.136164206826187,67.22798448564414
14775.91309055118,41.95722695000004,-0.0278354305773973,0.2020606398582458,-0.2417368292808532,2025.0,25.104902834938827,67.26113231962815
15181.629133858269,41.63764207999998,0.0281034614890813,0.1008145362138748,-0.1458084732294082,2025.0,24.871790018709813,67.2269065073032
12342.663582677164,39.76456712000004,0.0460973940789699,0.0989303812384605,-0.1276870518922805,2025.0,24.82166402585594,67.3524909840231
15118.31811023622,39.05532797000004,0.074779599905014,0.1025639772415161,-0.1590131074190139,2025.0,24.84969146272047,67.36946914289297
15934.032677165353,40.53703963999999,0.0746962875127792,0.0747366175055503,-0.1349151730537414,2025.0,24.990367636213588,67.22717600188842
15254.702952755906,39.85343564000004,0.0519376546144485,0.0858923569321632,-0.1343690156936645,2025.0,24.80199092113373,67.41851715740589
15144.955905511812,44.04051014000004,0.0728618502616882,0.0769230797886848,-0.1243659034371376,2025.0,24.96234019934906,67.09862708473092
14942.212795275587,37.97352464000005,0.0629374161362648,0.0764979943633079,-0.1311848014593124,2025.0,24.930539838291228,67.28942925107792
14808.258070866144,38.49135467000002,0.0203678738325834,0.0618680194020271,-0.0944502353668212,2025.0,24.821933520441178,67.06520975616168
13939.155708661416,39.386875910000015,0.0178610198199749,0.1440442055463791,-0.1802801787853241,2025.0,25.007076300498213,67.40046102019508
15255.890452755906,40.57976489000001,0.0815242305397987,0.0789602473378181,-0.1338249891996383,2025.0,24.881761318363537,66.8752160735704
15135.60748031496,39.83976356000005,0.0236423555761575,0.1380714476108551,-0.1901061385869979,2025.0,24.894966553040096,67.23984224739452
15246.872736220472,41.87348546000001,0.0744871124625206,0.0976006239652633,-0.1471302062273025,2025.0,25.128887853024818,67.27945795142419
15096.97559055118,40.3763927,0.0694962814450264,0.0786782056093216,-0.1320186555385589,2025.0,24.95452485637722,67.36893015372249
9758.525787401572,29.59595762000004,-0.0936532914638519,0.0443130023777484,-0.0425439216196537,2025.0,24.789863664798112,67.1856738357621
17102.4844488189,40.608818059999976,0.0803295820951461,0.0870373025536537,-0.1453191190958023,2025.0,25.091967094847508,67.13662582124918
15314.392913385826,41.50092128000006,0.0614917501807212,0.0919152125716209,-0.1480570286512375,2025.0,24.941319621700664,67.34817907065933
9005.453937007871,28.5329534,-0.0322775989770889,-0.0169176012277603,0.032790619879961,2025.0,24.78204832182627,67.31018033414108
15395.54940944882,41.65815020000002,0.0721584558486938,0.0814908817410469,-0.1327427923679351,2025.0,25.05315987457354,67.28754278898126
15408.235433070866,38.38368704000004,0.0417683757841587,0.0432263053953647,-0.0780586302280426,2025.0,24.962609693934294,67.18513484659164
14929.156200787402,39.29971640000002,0.0031091475393623,0.1351622641086578,-0.164833977818489,2025.0,24.826784422975425,67.21262329428569
16330.059744094488,42.83224007000001,0.0530244931578636,0.0950672626495361,-0.1552025824785232,2025.0,25.015430632640523,67.25439495499725
16977.06220472441,40.08586100000002,0.0713371485471725,0.0823509022593498,-0.1415249556303024,2025.0,25.016239116396232,67.21127582135952
15797.626673228347,42.42549568999999,0.0895902290940284,0.098597951233387,-0.1572050601243972,2025.0,25.12780987468388,67.04445867309852
16531.497736220474,41.66840425999999,0.0559573620557785,0.0706908255815506,-0.1307481825351715,2025.0,25.04291908033458,67.29993953990211
16501.921456692915,42.33491816000003,0.0740757808089256,0.0538634918630123,-0.1047670692205429,2025.0,25.022706986441893,67.03879928680857
14335.340748031496,42.41695063999998,0.039731103926897,0.1202118024230003,-0.1639001369476318,2025.0,25.135625217655715,66.94797961158409
12460.737401574805,40.12004120000006,0.0603018663823604,0.0641780197620391,-0.1046574860811233,2025.0,24.84726601145335,67.39641860141654
14690.400787401575,39.36807680000004,-0.0217064376920461,0.1456028968095779,-0.166041225194931,2025.0,25.00438135464585,67.07841499083824
14957.395374015749,41.48554019,0.061764758080244,0.0922004431486129,-0.1397298276424408,2025.0,24.943745072967783,67.3487180598298
15454.708366141733,44.97704762000001,0.0896434038877487,0.1424330323934555,-0.2026622593402862,2025.0,24.9882116795317,67.27891896225371
14303.492322834643,40.06535287999998,0.0460893400013446,0.0479562506079673,-0.0830201804637909,2025.0,24.942397600041605,66.96441878128347
15323.075492125983,40.01920961000002,0.0599254444241523,0.0988459736108779,-0.149877592921257,2025.0,25.05639380959637,67.021012644183
13181.420964566929,38.14442564000001,-0.030725797638297,0.2072048336267471,-0.2223150432109832,2025.0,25.142901571457084,67.05065704855895
15563.652263779528,42.71260937000002,0.0223663691431283,0.1602285653352737,-0.199751392006874,2025.0,25.04965644496548,67.38375235591046
14911.326968503934,40.509695480000005,0.0245749037712812,0.0573697090148925,-0.0918897464871406,2025.0,24.82840139048684,67.22852347481461
16771.707381889766,42.63741293000004,0.0809234380722045,0.0804494097828865,-0.1479578167200088,2025.0,25.05235139081784,67.24065073115023
17121.45590551181,43.25436553999998,0.0858316421508789,0.0805625841021537,-0.1415882110595703,2025.0,25.1121791887402,67.13959026168678
15215.822047244092,39.41934709999998,-0.0540201999247074,0.2407228797674179,-0.2502370774745941,2025.0,24.782317816411503,67.1209951353055
14758.965255905514,39.86710772000001,0.0454185754060745,0.0434850566089153,-0.0768224075436592,2025.0,24.878796877925943,66.89219423244026
14885.986417322834,43.77903161000003,0.0724381655454635,0.0995966494083404,-0.1513764709234237,2025.0,24.87529344831788,67.1247680594988
14815.887992125983,39.58341206,0.0236866474151611,0.0244620535522699,-0.0610083043575286,2025.0,24.813848682884103,66.9781630051305
16563.43375984252,41.45477801000001,0.08541239798069,0.0844657644629478,-0.1476882249116897,2025.0,24.95263839428057,67.28754278898126
14541.058267716537,40.61565410000003,0.0945180058479309,0.0709712356328964,-0.1165315210819244,2025.0,25.148021968576565,66.9533695032888
8415.510039370078,27.791243060000056,-0.0212440602481365,-0.0437184162437915,0.0737177804112434,2025.0,24.78285680558198,67.23499134486028
15847.27775590551,39.607338200000015,0.0656798407435417,0.1034015193581581,-0.1664502024650573,2025.0,25.14371005521279,67.23202690442268
16254.608464566933,41.9486819,0.0832559987902641,0.0892784595489502,-0.1511757373809814,2025.0,25.058280271693025,67.06628773450262
14934.645866141733,39.62784632,0.0420607775449752,0.0471974723041057,-0.0870755761861801,2025.0,24.96180121017859,66.98786481019899
13628.16751968504,40.43791706000002,-0.0019420903408899,0.0984564796090126,-0.1289485841989517,2025.0,24.99764399001496,67.09188972010003
15520.698031496064,41.835887240000034,0.0721272900700569,0.0836801305413246,-0.132198229432106,2025.0,24.970964026076608,66.97115614591436
13914.951968503938,38.48622764000004,-0.0346644259989261,0.1376964449882507,-0.1513784974813461,2025.0,24.90574633644953,67.08515235546913
15620.738385826771,41.442814940000005,0.0449646413326263,0.0980076044797897,-0.1447046399116516,2025.0,25.00438135464585,67.23499134486028
16655.677362204726,43.05953840000001,0.0792438015341758,0.0916466787457466,-0.1515909731388092,2025.0,25.10032142698982,67.1277324999364
15182.148818897636,39.64322741000001,0.0275741796940565,0.0778962299227714,-0.1290217339992523,2025.0,25.056932798766844,67.32149910672098
12790.110433070868,38.64687458000003,0.0615459531545639,0.093545563519001,-0.1289504021406173,2025.0,25.003033881719677,66.89839260790069
13607.836811023622,38.39735912000003,0.0349545963108539,0.0557166673243045,-0.0917150378227233,2025.0,24.849960957305708,67.34090271685797
15156.609448818896,44.23362827,0.0829408913850784,0.072292536497116,-0.1285869628190994,2025.0,25.134816733900006,67.08892527966243
15639.551377952756,39.70304276000002,0.0268578026443719,0.0777532309293747,-0.133183404803276,2025.0,25.11271817791067,67.35033502734122
14632.12962598425,41.024107490000006,0.0134884556755423,0.1491652727127075,-0.1925806850194931,2025.0,24.91032774439854,67.15441246387475
13758.265452755906,39.42789214999999,0.0160715505480766,0.095552921295166,-0.1262565106153488,2025.0,24.98120482031557,67.04391968392805
13939.640944881889,39.46719938000001,0.0319001376628875,0.0641030296683311,-0.0975815877318382,2025.0,24.97985734738939,67.21370127262664
12188.574507874016,41.642769110000046,0.0131450425833463,0.0818842053413391,-0.1096107810735702,2025.0,24.800104459037076,67.3524909840231
13585.12027559055,35.97569195000003,-0.0474905259907245,0.215607687830925,-0.225363090634346,2025.0,25.09897395406364,66.94986607368074
8359.663582677165,28.03392248,-0.0167650524526834,-0.0179901458323001,0.0361581295728683,2025.0,24.77611944095108,67.44681408885565
15358.01003937008,41.46674108000002,0.1026603430509567,0.0949475094676017,-0.1463002860546112,2025.0,25.12619290717246,67.3411722114432
8472.538582677165,26.735074880000013,-0.0167399812489748,-0.036285176873207,0.0432101972401142,2025.0,24.84295409808957,66.95121354660691
11622.210826771652,32.55938096,-0.1751334816217422,0.2689625918865204,-0.24871326982975,2025.0,24.78285680558198,67.32581102008476
16212.764960629922,37.248904400000015,0.0508048273622989,0.1025068387389183,-0.1540672183036804,2025.0,25.039415650726514,66.89219423244026
14712.689665354332,40.02946367000004,0.0473369248211383,0.0599158033728599,-0.1024309769272804,2025.0,24.95075193218392,67.03071444925149
14035.280708661418,40.66692440000003,0.0606085397303104,0.1302679181098938,-0.1710826903581619,2025.0,25.0987044594784,66.85689044177437
16319.622736220474,42.669884120000006,0.0959421843290329,0.0926177278161048,-0.1515178084373474,2025.0,24.92703640868316,66.8504225717287
14130.099114173228,39.63639137000004,0.0296678859740495,0.0760318115353584,-0.105855569243431,2025.0,24.827862401316366,67.06413177782073
15224.589271653544,41.253114830000015,0.0487095341086387,0.0811781138181686,-0.1215448454022407,2025.0,24.83918117389627,67.3449451356365
12122.797440944883,31.872358940000023,-0.0754952579736709,0.245207667350769,-0.2403474152088165,2025.0,25.016239116396232,66.99136823980706
14246.69655511811,39.20742986000002,0.0852792263031005,0.0881443843245506,-0.135457307100296,2025.0,25.086307708557552,66.86497527933143
13584.112893700789,40.466970230000015,0.0567755810916423,0.086682453751564,-0.1301478296518325,2025.0,24.818699585418347,67.42309856535489
13239.564173228347,38.73232508000001,-0.0329337269067764,0.1627877056598663,-0.1895532011985778,2025.0,24.935929729995944,67.12045614613503
15442.68031496063,42.06831260000001,0.0926731526851654,0.0891211181879043,-0.1407914459705352,2025.0,25.12942684219529,67.38536932342188
12481.36633858268,37.14636380000002,0.0040108119137585,0.0505856946110725,-0.0761381462216377,2025.0,24.862627202811797,66.9743900809372
19674.54005905512,42.40156955000003,0.0445486791431903,0.0384544692933559,-0.0893831923604011,2025.0,25.113526661666373,67.09135073092956
8675.79940944882,27.890365640000027,-0.0220985766500234,-0.0277611352503299,0.050590056926012,2025.0,24.772077022172542,67.41204928736023
16382.367322834649,41.23431572000004,0.0679338574409484,0.0683927536010742,-0.1251616179943084,2025.0,24.991176119969296,67.23957275280928
13756.7531496063,41.50775732,0.1261147260665893,0.0416865162551403,-0.0690318718552589,2025.0,24.84726601145335,67.1765110198641
16269.51003937008,40.15763942000001,0.0673985481262207,0.0862740203738212,-0.1493673920631408,2025.0,25.016778105566704,67.43603430544621
15938.633562992129,42.047804480000025,0.0464642010629177,0.1217157617211341,-0.1732777804136276,2025.0,25.04696149911312,67.26328827631004
13282.765452755906,39.53214176000003,0.009870377369225,0.1299530267715454,-0.1583503633737564,2025.0,24.835138755117736,67.3298534388633
15419.243799212598,43.015104140000034,0.0539920926094055,0.0875036716461181,-0.1342718750238418,2025.0,24.956411318473872,67.16923466606272
13879.973622047244,41.71967455999999,0.0408181026577949,0.0466018803417682,-0.0812483057379722,2025.0,24.841067635992925,67.14012925085724
15261.593208661416,39.69962474000005,0.0382206514477729,0.1234616264700889,-0.1679506450891494,2025.0,25.13589471224095,67.00699892575074
16990.44409448819,42.00678823999999,0.0787617266178131,0.085109956562519,-0.1455238163471222,2025.0,25.06447864715345,67.23391336651933
15819.893897637796,40.64983430000001,0.0173162575811147,0.0484717153012752,-0.0877322703599929,2025.0,24.85319489232854,67.1209951353055
14605.2093503937,40.402027850000025,0.0586805343627929,0.104274034500122,-0.15303435921669,2025.0,24.917604098199902,67.40638990107027
15134.525787401575,40.63274420000005,0.0136246783658862,0.1012516990303993,-0.131839171051979,2025.0,24.87825788875547,67.0503875539737
13163.950492125983,38.108536430000015,-0.0567866452038288,0.2306095510721206,-0.2436706721782684,2025.0,25.12996583136576,67.03583484637097
15430.261023622046,41.34881939000002,0.0023182730656117,0.1809393912553787,-0.2186868488788604,2025.0,25.093314567773685,67.2856563268846
13298.601082677164,40.56609281000004,0.0172621048986911,0.1005411967635154,-0.1361974477767944,2025.0,24.80414687781561,67.33686029807943
14304.501673228347,39.79020227000001,0.0498270690441131,0.1248223260045051,-0.1690197587013244,2025.0,24.930270343705992,66.91078935882153
15526.640944881889,40.834407380000016,0.0632499158382415,0.1311554759740829,-0.1957150101661682,2025.0,25.06798207676152,67.2554729333382
14839.738877952754,42.00678824000002,0.0974078103899955,0.0778405964374542,-0.1274354010820388,2025.0,25.13724218516713,67.06143683196838
13915.004625984251,37.50183788000001,-0.1359796822071075,0.3015812933444977,-0.2969899773597717,2025.0,24.9739284665142,67.16950416064796
15527.703937007873,39.279208280000034,0.0408821664750576,0.1119969114661216,-0.1520869135856628,2025.0,24.8882291884092,67.11075434106654
11755.190649606298,30.19240211000005,-0.1907192915678024,0.2661963701248169,-0.2431750893592834,2025.0,24.734078285654288,67.29724459404976
11499.853543307088,34.446128000000044,-0.1269835233688354,0.2006458193063736,-0.1922722309827804,2025.0,24.755907347058397,67.3171871933572
15176.822539370078,41.20697156,0.0709853693842887,0.0938250124454498,-0.1506501287221908,2025.0,24.977970885292734,67.42094260867302
14258.382086614172,41.524847420000015,0.0446835048496723,0.1255231499671936,-0.1600378155708313,2025.0,24.90898027147236,66.95148304119215
15027.255118110235,41.61713396000005,0.0724866986274719,0.0882721021771431,-0.1359206587076187,2025.0,25.03833767238557,67.03745181388238
14770.499704724409,39.485998490000014,0.0443236529827117,0.1325231790542602,-0.1765577793121338,2025.0,24.999799946696843,67.01265831204068
14601.405708661416,44.31736976000002,0.0976760610938072,0.155404046177864,-0.2131697386503219,2025.0,24.99387106582165,67.28053592976514
15295.96377952756,39.15786857000003,0.0400849245488643,0.0423219986259937,-0.0792180895805358,2025.0,24.917604098199902,67.06790470201403
13774.032677165354,39.31851551,-0.0156203769147396,0.1936320811510086,-0.2150998264551162,2025.0,25.118647058785857,67.01319730121116
16474.87618110236,40.16789348000003,0.0914257243275642,0.1030903086066246,-0.1523851901292801,2025.0,25.068790560517225,67.18513484659164
13647.327952755904,39.73380494000003,0.0856299847364425,0.0978360697627067,-0.1396433413028717,2025.0,25.09142810567704,67.44977852929324
14697.70442913386,41.417179790000034,0.0708555579185485,0.0879212841391563,-0.1359704583883285,2025.0,24.828131895901603,67.36488773494395
17016.236909448824,43.806375770000045,0.0314866974949836,0.052793264389038,-0.1047570407390594,2025.0,25.021898502686184,67.11668322194173
14070.025295275587,38.63320250000001,0.0313903763890266,0.0634266287088394,-0.0921007543802261,2025.0,24.92784489243887,67.1059034385323
15038.427362204724,38.12733553999999,0.0271827988326549,0.1168227344751358,-0.1583632230758667,2025.0,24.79687052401424,67.42336805994013
15254.047933070866,41.19842651000002,0.032554093748331,0.092176541686058,-0.1367421150207519,2025.0,25.027018899805665,67.10024405224235
13483.373228346456,39.58683008,0.0375470146536827,0.1752781271934509,-0.2083524763584137,2025.0,24.928383881609346,66.92695903393569
11342.506102362204,32.73199097000003,-0.1501284390687942,0.230667158961296,-0.2127870470285415,2025.0,24.78204832182627,67.26436625465098
13448.129133858269,37.78553354000002,-0.0184863321483135,0.18454509973526,-0.2100432217121124,2025.0,24.86208821364132,67.36569621869965
14579.889468503938,41.516302370000005,0.0317766219377517,0.0922689884901046,-0.1337371170520782,2025.0,24.94428406213826,67.21073683218904
15043.391929133855,40.23283586000002,0.0128208547830581,0.16742904484272,-0.1922594606876373,2025.0,25.136164206826187,67.19483665166013
15450.705413385827,39.239901050000014,0.0479582175612449,0.0682607069611549,-0.1102102100849151,2025.0,24.95695030764434,67.05928087528649
18760.23543307087,38.30165456000003,0.0524817742407321,0.0484147630631923,-0.0977550521492958,2025.0,24.954255361791983,67.1735465794265
8476.66653543307,27.866439500000013,-0.0175270363688468,-0.0304076354950666,0.0531009323894977,2025.0,24.7739634842692,67.40315596604745
16362.173425196854,40.69426856000001,0.0997950062155723,0.0983883887529373,-0.1539037227630615,2025.0,25.116491102103968,67.44735307802613
13202.08779527559,38.86562786000002,-0.0209467951208353,0.1292614936828613,-0.1504752188920974,2025.0,24.850769441061416,67.05011805938847
15228.05285433071,41.65815020000002,0.0520829632878303,0.122193343937397,-0.1733594834804535,2025.0,25.048308972039298,67.36542672411443
9444.113385826771,28.891845500000045,-0.0577041469514369,-0.0251361597329378,0.0395692847669124,2025.0,24.82085554210024,67.01993466584206
10736.277263779526,32.66021255000004,-0.1090391352772712,0.1947324275970459,-0.1824674606323242,2025.0,24.793097599820943,67.28889026190744
15414.440157480314,38.838283700000034,-0.023555589839816,0.1878535449504852,-0.2100463658571243,2025.0,24.9739284665142,67.03583484637097
14963.325492125983,41.93842784000003,0.0464684441685676,0.0733831226825714,-0.1235730201005935,2025.0,24.886073231727316,67.31368376374914
15838.837795275587,40.79680916000001,0.0538874715566635,0.0727246403694152,-0.1168724447488784,2025.0,25.010040740935807,66.85689044177437
14574.909645669291,40.52678558000002,0.0284003596752882,0.0927587151527404,-0.1266842782497406,2025.0,24.86074074071514,67.135278348323
13461.354527559057,41.33343830000001,0.009938595816493,0.1135643273591995,-0.141305074095726,2025.0,24.899008971818635,67.16977365523319
15137.60059055118,40.87200560000002,0.0672742277383804,0.1367563158273697,-0.1874374151229858,2025.0,25.085768719387083,66.98705632644328
14628.387992125983,43.9994939,0.0735730230808258,0.1038741543889045,-0.1521769613027572,2025.0,24.916526119858965,66.8924637270255
16663.8062992126,44.34813194000003,0.0903154984116554,0.0828875452280044,-0.1500944793224334,2025.0,25.14909994691751,67.10401697643564
11864.01053149606,29.14648799,-0.2215423285961151,0.3101943135261535,-0.2913885414600372,2025.0,24.82840139048684,66.94528466573172
16403.359448818897,40.99163629999998,0.0713514238595962,0.1103331744670867,-0.1641196012496948,2025.0,25.108406264546893,67.1886382761997
12942.041535433067,39.98673842000005,-0.0041877892799675,0.1045862808823585,-0.1267665326595306,2025.0,24.887151210068257,67.13500885373777
13995.92933070866,39.456945320000045,0.0288751386106014,0.0484198331832885,-0.0829794779419899,2025.0,24.94563153506444,67.00187852863125
11754.661614173228,32.074022119999995,-0.1968118548393249,0.2749680876731872,-0.2499902248382568,2025.0,24.73677323150665,67.30721589370349
14443.21131889764,40.19352863,0.0434183329343795,0.1307128518819809,-0.1779838502407074,2025.0,24.99414056040689,66.91644874511148
17871.132086614176,41.35565543000001,0.0860745459794998,0.0744763240218162,-0.1422183364629745,2025.0,25.13077431512147,67.4306444137415
14613.280216535431,42.80831393,0.0828432217240333,0.0611505806446075,-0.1059309616684913,2025.0,25.136972690581896,66.95256101953309
15881.898818897638,39.409093040000016,0.0216803569346666,0.0772922858595848,-0.1122144386172294,2025.0,24.904668358108587,67.19645361917154
16509.670472440943,41.44965098,0.0871339216828346,0.0942469537258148,-0.1534187793731689,2025.0,25.130504820536235,67.13096643495923
14174.794488188976,39.11172529999999,-0.0028692367486655,0.1216420829296112,-0.1428878903388977,2025.0,24.818699585418347,67.03583484637097
15328.975590551185,40.246507940000015,0.0649754852056503,0.1148197203874588,-0.1754431575536728,2025.0,24.87071204036887,67.41582221155353
14532.43277559055,40.71648569000001,0.033711239695549,0.1278070211410522,-0.1692801117897033,2025.0,25.070138033443403,67.27514603806041
14868.648326771652,41.49237622999999,0.0943287536501884,0.0990164056420326,-0.1537161618471145,2025.0,24.9844387553384,66.87090416020662
13493.766929133855,39.77994820999999,0.0271357260644435,0.1168534010648727,-0.1559531539678573,2025.0,25.00518983840156,66.95822040582304
10143.366338582677,32.696101760000005,-0.045661024749279,-0.0214770678430795,0.0315009765326976,2025.0,24.820316552929764,67.01265831204068
13701.543503937006,40.26701606000006,0.0310837291181087,0.1397615224123001,-0.1739635467529297,2025.0,24.986055722849816,67.42498502745156
15450.889960629922,43.74826943000002,0.0439040437340736,0.1245962530374527,-0.1669081598520279,2025.0,25.06959904427293,67.15090903426669
17997.186220472442,41.93159179999998,0.090112991631031,0.0813035815954208,-0.144134446978569,2025.0,25.12538442341675,67.11156282482224
17433.611417322834,40.19865565999999,0.1043706387281417,0.0709623321890831,-0.1364085227251052,2025.0,25.11433514542208,67.4268714895482
13540.961811023622,39.71329681999998,0.0368065051734447,0.0631582587957382,-0.0962374433875083,2025.0,24.91167521732472,67.1848653520064
14210.52283464567,39.14419649000001,0.0343083664774894,0.0810965821146965,-0.116051398217678,2025.0,24.805494350741792,67.09000325800338
14868.840748031496,40.687432520000016,0.0234605763107538,0.086971640586853,-0.1390048414468765,2025.0,25.06555662549439,67.30829387204442
17632.28562992126,41.69916644,0.076735533773899,0.082978256046772,-0.1387787908315658,2025.0,25.0806483222676,67.20453845672861
15851.484448818896,41.87690348000001,0.034866064786911,0.0430794022977352,-0.081281840801239,2025.0,24.969616553150427,67.09081174175908
15197.012992125983,41.57611772000001,0.0650300830602645,0.1033627837896347,-0.1530574560165405,2025.0,25.056932798766844,67.23121842066696
15284.309251968503,43.64572883,0.0835225656628608,0.0995218008756637,-0.1606000214815139,2025.0,25.11110121039925,67.06170632655362
15095.6655511811,44.03709212000001,0.0784233808517456,0.1082135662436485,-0.1604687571525573,2025.0,24.90628532562,66.89354170536645
13618.394881889764,46.00928966000004,0.066222533583641,0.0774844959378242,-0.1193283647298812,2025.0,25.0092322571801,66.92049116389002
13632.882578740157,38.450338430000045,0.0538269877433776,0.0926797017455101,-0.1240277364850044,2025.0,24.82166402585594,67.19079423288159
14174.25118110236,39.162995600000045,0.029452035203576,0.0468170680105686,-0.077324591577053,2025.0,24.82974886341302,67.0714081316221
15757.63405511811,40.05509882000001,0.0598122328519821,0.1274420022964477,-0.1728732883930206,2025.0,25.130235325951,66.96953917840295
14351.08090551181,40.10978713999998,0.0498739629983902,0.0707416087388992,-0.1171050518751144,2025.0,25.044536047845995,67.09027275258862
12336.48937007874,38.06752019000001,-0.0933093726634979,0.233973354101181,-0.2299880087375641,2025.0,24.806572329082734,67.3163787096015
15341.768897637792,39.836345540000025,0.0407069697976112,0.0502824150025844,-0.0862537994980812,2025.0,24.818160596247875,67.23553033403074
10277.60649606299,30.84524393000001,-0.0604861862957477,0.0649578720331192,-0.0606342814862728,2025.0,24.766687130467822,67.16734820396607
13753.838287401575,40.94036600000001,0.0779530555009841,0.1241653636097908,-0.1750282496213913,2025.0,24.939702654189247,66.88653484615031
14948.403740157482,38.85879182000002,0.0385390371084213,0.1221449226140976,-0.1778642684221267,2025.0,24.85454236525472,67.44304116466235
14433.827952755906,39.10830728000002,0.0225815754383802,0.0524803213775157,-0.0857751816511154,2025.0,24.83271330385061,67.1765110198641
15619.580905511812,41.996534180000026,0.073110282421112,0.1045604273676872,-0.1535059213638305,2025.0,25.1159521129335,66.96064585709017
16831.93720472441,43.442356640000014,0.09246876090765,0.0838517621159553,-0.1447794437408447,2025.0,24.908710776887123,66.88734332990602
13666.067618110235,39.95426723000003,0.0336485244333744,0.0368065424263477,-0.0706658661365509,2025.0,24.93916366501877,67.01562275247828
15095.708366141733,42.13838201000004,0.0239444933831691,0.0990497022867202,-0.1353853344917297,2025.0,24.982282798656517,66.97304260801101
14030.298425196852,40.06193486000001,0.0212765950709581,0.0717855989933013,-0.1002819165587425,2025.0,24.84672702228288,67.04041625431998
14513.327952755904,40.393482800000015,0.074428804218769,0.1023085489869117,-0.1579090356826782,2025.0,24.99737449542972,66.92291661515715
11416.38897637795,34.367513540000004,-0.0516731590032577,0.0228653717786073,-0.0324492081999778,2025.0,24.79687052401424,67.16249730143183
14606.978543307088,41.81196110000002,0.0894419327378273,0.0745466724038124,-0.12433572858572,2025.0,24.949134964672503,66.91213683174772
15762.451476377952,41.89570259000004,0.0717335864901542,0.0766692012548446,-0.1320728361606598,2025.0,25.04076312365269,67.28889026190744
16217.778740157482,40.99847234000004,0.0783453732728958,0.0697932094335556,-0.1148998513817787,2025.0,25.141554098530904,66.91267582091818
14464.442125984251,40.37297468000003,0.0589073076844215,0.1216051056981086,-0.1663589179515838,2025.0,25.123767455905337,67.30263448575447
14549.20688976378,40.86687857000004,0.0625161379575729,0.0960225984454155,-0.1503674983978271,2025.0,25.05450734749972,67.37297257250103
11532.215748031496,32.24150510000004,-0.1757648438215255,0.2445800602436065,-0.2251604944467544,2025.0,24.73596474775094,67.37189459416008
15470.787598425197,40.96258313000004,0.0882045328617096,0.081336498260498,-0.1327806860208511,2025.0,25.10059092157505,67.4328003704234
15600.317125984251,40.59856400000001,0.0647224858403205,0.1069063544273376,-0.1650484055280685,2025.0,24.86235770822656,67.44007672422475
15596.22657480315,42.46480292000001,0.0547992102801799,0.1154817342758178,-0.1706601083278656,2025.0,25.10598081327977,67.06817419659927
15060.733956692911,40.76262896000003,0.0571190975606441,0.1049958616495132,-0.1562839895486831,2025.0,24.94347557838255,67.3600368324097
15244.285137795276,39.49625255000004,0.0346735753118991,0.1373839974403381,-0.1870473623275756,2025.0,24.91841258195561,67.23633881778645
16235.375196850397,42.07685765000002,0.0697969943284988,0.1095809116959571,-0.1699113398790359,2025.0,25.04750048828359,67.26733069508857
13787.625196850397,37.14807281000003,0.0156199587509036,0.1414054632186889,-0.1772352755069732,2025.0,24.83001835799825,67.20561643506956
14833.905708661418,39.56973998000001,0.0433162823319435,0.0423606559634208,-0.0779548436403274,2025.0,24.846996516868117,67.09889657931616
15155.668011811023,34.83749129,0.0832491219043731,0.0735356137156486,-0.1203357502818107,2025.0,25.04372756409029,66.96037636250493
13656.27381889764,37.22497826000006,0.0571331866085529,0.1465271115303039,-0.1816008687019348,2025.0,25.118108069615385,66.85931589304148
15792.026279527558,39.73380494000003,0.0447530336678028,0.0731985345482826,-0.1209688335657119,2025.0,24.969616553150427,67.11883917862362
15679.9312992126,41.27191393999999,0.06123898178339,0.0604631192982196,-0.1006800234317779,2025.0,24.839450668481508,67.27406805971947
15194.954921259843,42.06831260000001,0.0922679528594017,0.1032796055078506,-0.1595406979322433,2025.0,25.10032142698982,67.24631011744017
10105.257086614174,33.93000698000003,0.0267617292702198,0.0076054465025663,-0.0149487210437655,2025.0,24.78097034348533,67.37836246420575
13251.942618110235,36.100449680000025,0.1082989051938057,0.1223995983600616,-0.1614561527967453,2025.0,25.13993713101949,66.86901769810997
11920.052362204722,32.12871044000002,-0.2078645378351211,0.3162951469421386,-0.2919653058052063,2025.0,24.79660102942901,67.30721589370349
14552.801377952756,40.30803230000004,0.0312595032155513,0.038634680211544,-0.069860853254795,2025.0,24.84942196813524,67.10563394394705
13341.726082677164,35.608254800000054,-0.0083704367280006,0.0268922913819551,-0.0698403343558311,2025.0,25.01057973010628,67.4012695039508
15342.145866141733,39.750895040000046,0.0466532483696937,0.0772015154361724,-0.1235481798648834,2025.0,24.98902016328741,67.11291029774843
13898.164566929136,40.29948725000003,0.0315024144947528,0.1158293038606643,-0.1569327861070633,2025.0,24.941319621700664,67.38294387215475
13197.900787401575,36.99255290000002,-0.163695752620697,0.3246116936206817,-0.306895762681961,2025.0,24.9453620404792,67.1134492869189
15303.646358267715,40.33537646000002,0.0671750232577323,0.0987839773297309,-0.1510257720947265,2025.0,24.934582257069767,66.85069206631394
15969.598622047246,40.31486834000003,0.0505281202495098,0.084294319152832,-0.1268774271011352,2025.0,24.982821787826985,67.10051354682757
14434.777263779526,40.325122400000026,0.0397957675158977,0.0468482039868831,-0.0825617387890815,2025.0,24.9663826181276,67.06736571284357
14894.761023622046,40.56096578000006,0.0637330561876297,0.0482944771647453,-0.092782087624073,2025.0,24.943745072967783,66.9428592144646
13234.208366141733,36.259387610000005,-0.0908278450369834,0.2598283588886261,-0.2636844515800476,2025.0,25.12457593966105,67.00214802321649
14388.428346456692,39.00576668000002,0.012111896649003,0.1276141703128814,-0.1539607346057891,2025.0,24.78204832182627,67.12449856491357
15612.58877952756,41.029234520000045,0.0608085542917251,0.0779762640595436,-0.1349629461765289,2025.0,25.008693268009623,67.4306444137415
16127.922440944882,40.02946367000004,0.0677579119801521,0.1122161671519279,-0.1757322549819946,2025.0,24.88230030753401,67.28592582146985
16057.494783464566,42.42549569000002,0.0993063077330589,0.0784672349691391,-0.1345530897378921,2025.0,25.13670319599666,67.31125831248201
14203.075,40.32170438000003,0.0369137004017829,0.0408884026110172,-0.0753537118434906,2025.0,24.98713370119076,67.06898268035498
16630.113385826775,42.782678780000026,0.0585684366524219,0.067257210612297,-0.1223848164081573,2025.0,24.942397600041605,67.21720470223471
15985.328937007873,41.72651059999998,0.0506907552480697,0.0746825337409973,-0.1266408115625381,2025.0,24.94051113794496,67.10725091145848
9079.19311023622,29.87452625,-0.0559161715209484,0.0245991796255111,-0.0099356807768344,2025.0,24.79848749152566,67.29293268068598
15401.527755905514,42.08540270000003,0.0523409694433212,0.0784682258963584,-0.1263978481292724,2025.0,24.97743189612227,67.11776120028267
8376.892913385826,27.68186642000001,-0.0219348296523094,-0.018629003316164,0.0425151847302913,2025.0,24.763453195445,67.42175109242872
16476.22066929134,41.037779570000026,0.0159031990915536,0.0861191898584365,-0.1235795766115188,2025.0,25.01489164347005,67.12126462989073
15302.56318897638,42.80660492000004,0.0634401217103004,0.0731176137924194,-0.1246772855520248,2025.0,25.039415650726514,67.18648231951782
17388.981988188978,42.49385609000001,0.081308364868164,0.086227610707283,-0.1455819457769394,2025.0,25.074988935977647,67.10159152516852
13145.472145669291,40.566092810000015,0.0125829624012112,0.0624872893095016,-0.0905653238296508,2025.0,24.90278189601193,66.99460217482988
15653.709842519684,40.458425180000006,0.0278025455772876,0.0417387969791889,-0.078358419239521,2025.0,24.94778749174632,67.08407437712819
14817.09566929134,40.94720203999998,0.0620461478829383,0.0993691906332969,-0.1440850049257278,2025.0,24.975545434025616,66.86740073059856
15675.124212598424,38.96475043999999,0.0539764128625392,0.1094358414411544,-0.1638730615377426,2025.0,25.13346926097383,67.43333935959386
13200.714763779528,38.06239316,0.0258797258138656,0.0386301912367343,-0.0669961422681808,2025.0,24.903320885182406,67.04230271641663
14810.781692913384,42.05976755,0.0612174123525619,0.0809280350804328,-0.1314092576503753,2025.0,24.89065463967632,67.32311607423239
15177.501673228347,40.62249014,0.066836379468441,0.1412622481584549,-0.2016796320676803,2025.0,24.93242630038788,66.92534206642426
17086.541535433073,40.48235132000002,0.0968427807092666,0.0625054538249969,-0.1309207379817962,2025.0,25.135086228485243,67.38267437756951
8743.789566929132,28.31420012000001,-0.0345832295715808,-0.0532137006521225,0.0904151275753974,2025.0,24.73165283438717,67.23768629071263
14095.276771653544,33.13360832000001,-0.0847179517149925,0.2581675946712494,-0.2570104897022247,2025.0,25.06555662549439,66.96522726503918
15728.709842519684,41.48724920000001,0.0747576504945755,0.0868535488843917,-0.1424662917852401,2025.0,24.941319621700664,67.411779792775
14666.797440944882,36.903684380000016,0.0170957427471876,0.073691502213478,-0.1035230755805969,2025.0,24.808997780349856,66.95525596538545
15964.6812992126,40.28239715000001,0.0525825731456279,0.0921282544732093,-0.1471866369247436,2025.0,25.02917485648755,67.14417166963578
15981.039566929134,41.43939692000004,0.0757268071174621,0.0710630714893341,-0.1237852498888969,2025.0,25.030791823998968,67.00780740950644
14374.798917322834,39.62955533000002,0.0520730130374431,0.1258578300476074,-0.1779890209436416,2025.0,24.972850488173258,67.3667741970406
8572.604527559055,27.801497120000025,-0.0202327854931354,-0.0520691089332103,0.0879404172301292,2025.0,24.77881438680344,67.23283538817839
13825.85748031496,38.54433398000003,0.0407553538680076,0.1078551188111305,-0.14012511074543,2025.0,24.76264471168929,67.39803556892797
16150.65374015748,42.88692839000001,0.0792284533381462,0.0906532108783721,-0.1374051123857498,2025.0,24.896853015136745,66.93719982817464
14690.360433070866,38.08119227000003,-0.0057624285109341,0.1350560635328292,-0.1654762178659439,2025.0,24.86882557827222,67.36488773494395
16975.37322834646,43.05612038000004,0.0773274004459381,0.0646627992391586,-0.1201436892151832,2025.0,25.03968514531175,67.11533574901554
14362.75118110236,39.25186411999999,0.0551755167543888,0.114714503288269,-0.157432422041893,2025.0,25.067443087591045,67.40719838482599
16169.26003937008,41.6410601,0.0932754874229431,0.076150007545948,-0.1363266408443451,2025.0,25.123228466734865,67.32149910672098
15051.07401574803,37.48474778000002,0.0025875540450215,0.1053933352231979,-0.1424023211002349,2025.0,24.932695794973117,67.13096643495923
11625.2905511811,32.21074292000003,-0.1414057165384292,0.2155160903930664,-0.1945279389619827,2025.0,24.773155000513487,67.25601192250866
14729.66407480315,38.81093954000002,-0.0323757268488407,0.207047551870346,-0.2271476089954376,2025.0,25.123767455905337,66.97924098347144
15116.984940944883,42.93478067000001,0.0603132545948028,0.0916885137557983,-0.1383728682994842,2025.0,24.834599765947264,67.27083412469663
13458.60059055118,37.93592641999999,-0.0638688430190086,0.2311467677354812,-0.2406872063875198,2025.0,25.131043809706707,66.98921228312517
15789.24035433071,40.78655509999999,0.0495030544698238,0.1270252913236618,-0.1780315041542053,2025.0,25.07040752802864,67.39453213931989
14690.509055118113,40.13713130000002,0.0380134023725986,0.0982155874371528,-0.1530195772647857,2025.0,25.024593448538543,67.38671679634805
16099.69311023622,42.013624280000045,0.0900545641779899,0.1125575304031372,-0.1684577465057373,2025.0,24.95452485637722,67.25655091167914
16689.941633858267,40.87371461000004,0.0686537846922874,0.0994573533535003,-0.15774966776371,2025.0,24.940780632530192,67.22178611018371
15589.586811023622,40.20207368000001,0.0322173722088336,0.076501540839672,-0.1210765242576599,2025.0,24.990367636213588,67.29886156156117
17764.223622047244,41.736764660000006,0.0797219946980476,0.0718378871679306,-0.1415404081344604,2025.0,25.10220788908647,67.35087401651168
17166.363385826775,41.50433930000003,0.067082479596138,0.0805424526333808,-0.1459387242794037,2025.0,25.123228466734865,67.35680289738687
13712.48248031496,40.472097260000055,0.000521890411619097,0.0924663990736007,-0.122590847313404,2025.0,24.97258099358802,67.07464206664494
11794.617322834643,32.52861877999999,-0.1965496391057968,0.2742836773395538,-0.2512824237346649,2025.0,24.744858069063724,67.35976733782447
13619.630118110235,35.81333600000005,0.0054758200421929,0.0919755846261978,-0.1180487796664238,2025.0,24.85562034359566,66.97573755386338
15549.628149606298,41.53168346000001,0.1074555292725563,0.0789661407470703,-0.1308373212814331,2025.0,25.133199766388596,67.33632130890895
11070.19655511811,29.172123140000025,-0.1795925945043563,0.2201286852359771,-0.1929755061864853,2025.0,24.731113845216694,67.31098881789679
13635.224606299213,38.96133242000002,0.0247315131127834,0.1363142281770706,-0.1658719033002853,2025.0,24.818969080003583,67.44223268090664
15796.081889763782,41.736764660000006,0.0615539848804473,0.0750136896967887,-0.1343515664339065,2025.0,24.941050127115428,67.34629260856268
12969.87027559055,42.88521938000002,-0.0599839650094509,0.1609764397144317,-0.1744545698165893,2025.0,24.96503514520142,67.02074314959776
14717.68375984252,39.491125520000026,0.029438067227602,0.0525005385279655,-0.0881595909595489,2025.0,24.907902293131414,67.0819184204463
15593.379133858263,40.89251372000001,0.0315469615161418,0.0788109824061393,-0.1300670802593231,2025.0,25.03510373736274,67.30829387204442
16498.407677165356,42.74166253999999,0.0752456486225128,0.0886151492595672,-0.1477916985750198,2025.0,25.00195590337873,67.27299008137852
16946.010531496064,42.4272047,0.0657175704836845,0.0777281373739242,-0.1342107504606247,2025.0,24.899008971818635,67.24819657953682
14633.578937007876,39.70987880000001,0.070274069905281,0.1105412915349006,-0.1620149910449981,2025.0,25.143979549798026,67.29347166985644
14784.43375984252,40.976255210000005,0.049556765705347,0.0497311614453792,-0.0903652533888816,2025.0,24.834330271362028,67.42229008159919
13898.43868110236,39.07583609000002,0.0319386608898639,0.05121985450387,-0.0859352275729179,2025.0,24.964765650616183,66.9706171567439
14358.157677165354,36.074814530000026,0.013947763480246,0.1500687450170517,-0.1732396930456161,2025.0,25.104363845768354,66.98166643473857
15489.904724409447,32.17998074000002,0.0727487131953239,0.0463026501238346,-0.0945827364921569,2025.0,24.794984061917592,66.97385109176672
15618.887992125983,39.68595266,0.0569929629564285,0.1420070677995681,-0.190991997718811,2025.0,25.14748297940609,67.14093773461296
13399.577460629922,38.78188637000002,0.0191807486116886,0.0720203518867492,-0.1005642861127853,2025.0,24.88769019923873,67.01966517125682
13779.401771653542,39.19375778,0.0343657284975051,0.1637616902589798,-0.2012967765331268,2025.0,25.13346926097383,67.04904008104752
17526.524311023622,43.18429613000001,0.0878794565796852,0.0728755518794059,-0.1346052289009094,2025.0,25.149638936087975,67.08299639878724
14616.169488188978,40.03971773000004,0.0661380439996719,0.0624578222632408,-0.1104642674326896,2025.0,24.997105000844485,66.90836390755442
14629.262992125983,39.94572218000002,0.0532165616750717,0.0787340328097343,-0.1377656906843185,2025.0,24.826784422975425,67.40638990107027
17155.98346456693,40.704522620000034,0.0772639140486717,0.0931624919176101,-0.1523194462060928,2025.0,25.101129910745527,67.19160271663729
15568.645374015749,40.94720204000004,0.0475004650652408,0.1053262799978256,-0.1587844491004943,2025.0,24.957219802229577,67.25682040626437
17646.610433070866,41.89399358000003,0.0865332186222076,0.0846006199717521,-0.1462294161319732,2025.0,25.08846366523944,67.2134317780414
16286.881102362204,41.82563318000001,0.0686627626419067,0.1240298748016357,-0.1886073946952819,2025.0,25.146674495650384,67.16114982850564
15943.163582677167,38.359760900000026,0.0448180027306079,0.0574201010167598,-0.1044005677103996,2025.0,24.86882557827222,66.86955668728045
14090.659153543304,40.121750210000016,0.0340149402618408,0.0908787250518798,-0.129728764295578,2025.0,24.868286589101743,67.27002564094093
15608.413582677164,37.915418300000056,0.0220320858061313,0.1161089763045311,-0.1619474589824676,2025.0,25.08522973021661,67.01697022540446
17806.637992125983,40.37297468000003,0.0707633793354034,0.0770043060183525,-0.1351289302110672,2025.0,25.097895975722697,67.00107004487555
15024.464763779526,40.46184320000003,0.0677118971943855,0.0959316939115524,-0.1424383968114853,2025.0,24.88688171548302,66.89003827575837
15399.05777559055,40.14909437000003,0.0797254145145416,0.1000916585326194,-0.1520054638385772,2025.0,24.87744940499977,66.93073195812899
14420.602559055118,39.04336490000003,0.0388574264943599,0.0574249476194381,-0.0944664180278778,2025.0,24.866400127005093,66.92507257183904
15675.665059055116,41.45990504000002,0.0872744396328926,0.0708435773849487,-0.1262760609388351,2025.0,24.944014567553022,67.42094260867302
14295.234940944882,37.02331508,0.0113503988832235,0.0968851149082183,-0.1229105964303016,2025.0,24.8025299103042,66.96630524338012
13582.046456692911,38.945951330000014,-0.0345887690782547,0.2093530744314193,-0.2235317379236221,2025.0,25.11110121039925,66.96549675962441
13310.56909448819,38.03504900000004,0.0353830642998218,0.1323508024215698,-0.1639746725559234,2025.0,25.040224134482223,66.96630524338012
13113.896358267715,39.58341206000003,0.0320155024528503,0.0340621098875999,-0.0665561258792877,2025.0,24.881222329193065,66.98543935893187
15402.195078740158,40.76262896000003,0.0849593728780746,0.0889924615621566,-0.1436197608709335,2025.0,25.12430644507581,67.27837997308325
12182.400787401575,37.27283054000003,-0.0121459104120731,0.070457324385643,-0.0940947830677032,2025.0,24.78097034348533,67.41097130901929
16923.48937007874,43.910625380000056,0.0625347942113876,0.0641670227050781,-0.1217634305357933,2025.0,24.999530452111607,67.2818834026913
16300.810236220474,42.030714380000006,0.0606087371706962,0.1107925772666931,-0.16464264690876,2025.0,25.05801077710779,67.27891896225371
13751.977559055118,39.18179471000002,0.0183545406907796,0.0686253532767295,-0.1018440350890159,2025.0,24.97258099358802,66.99675813151177
11640.214763779526,35.82700808000004,-0.0317297838628292,0.1277503818273544,-0.1316263675689697,2025.0,24.830557347168725,67.09242870927051
14144.064173228346,40.77971906000005,0.0266948547214269,0.0737004354596138,-0.1121429800987243,2025.0,24.865322148664152,67.29454964819739
16288.019881889762,39.83292752,0.1074040532112121,0.0850763618946075,-0.1336699724197387,2025.0,25.109753737473078,67.44950903470802
15320.038582677164,38.52895289000003,0.0513215102255344,0.1138756424188613,-0.1665370315313339,2025.0,24.971772509832316,67.42363755452537
17310.565157480316,39.88761584000002,0.0765012428164482,0.0605387613177299,-0.1262463331222534,2025.0,25.012735686788165,67.42633250037773
16007.233464566929,41.111267,0.0794447064399719,0.088403932750225,-0.146519273519516,2025.0,24.879874856266888,67.27945795142419
14164.282677165354,40.82415332000005,0.0783039480447769,0.0815796628594398,-0.1364260762929916,2025.0,25.09547052445557,67.05469946733749
14995.891929133855,39.412511060000014,0.0586853399872779,0.130920723080635,-0.185750275850296,2025.0,25.002225397963965,66.90917239131012
14348.942618110235,40.10807813000002,0.0038080404046922,0.1625936627388,-0.1937528699636459,2025.0,25.063400668812506,67.02748051422866
16214.708366141736,41.736764660000006,0.0786261409521102,0.0883341655135154,-0.1486319899559021,2025.0,24.896314025966277,67.27029513552617
12231.31909448819,38.95107836,-0.0792126730084419,0.2217902094125747,-0.2219151109457016,2025.0,24.99683550625925,66.94717112782837
17194.893897637798,41.42230682000002,0.080770693719387,0.0891812890768051,-0.1519017517566681,2025.0,25.080378827682363,67.16869567689226
14067.819094488188,43.05612038000004,0.0562095344066619,0.0937553271651268,-0.1444647461175918,2025.0,24.81654362873646,67.37270307791579
15197.59566929134,40.93352995999999,0.0529533214867115,0.1134287044405937,-0.1620111763477325,2025.0,25.145596517309443,66.95498647080022
14052.656692913386,38.937406280000005,0.0247507337480783,0.0638583451509475,-0.0935419052839279,2025.0,24.82516745546401,67.0420332218314
15197.923425196848,39.99357445999999,0.0687211230397224,0.1153545677661895,-0.1708971261978149,2025.0,25.062861679642037,67.36246228367683
11151.031692913386,31.499794759999983,-0.1731028854846954,0.2328720539808273,-0.2119846493005752,2025.0,24.74216312321137,67.42552401662202
15083.735433070866,38.61269437999999,0.0405298918485641,0.1296342611312866,-0.1731553822755813,2025.0,24.96611312354236,67.18513484659164
16242.28070866142,41.09075888000001,0.0884655639529228,0.0958722084760665,-0.1531967669725418,2025.0,25.11110121039925,67.33173990095995
16245.531692913388,41.67524030000004,0.0833025351166725,0.0816755816340446,-0.132719874382019,2025.0,25.108406264546893,67.41231878194546
15259.307283464566,42.7860968,0.0679768621921539,0.0979268178343772,-0.1495989561080932,2025.0,24.93835518126307,67.40315596604745
8889.235433070868,27.022188560000014,-0.0333967991173267,-0.0234844349324703,0.045794915407896,2025.0,24.77261601134302,67.18890777078494
10443.56220472441,42.191361320000055,0.0442816317081451,0.0378051027655601,-0.0512796193361282,2025.0,24.847805000623826,67.40989333067834
15717.268897637794,41.07708680000002,0.038071934133768,0.0768598690629005,-0.1326643675565719,2025.0,25.04911745579501,67.3134142691639
15115.5312007874,40.24138091,0.0599182769656181,0.104161612689495,-0.1519732326269149,2025.0,24.92892287077981,67.43199188666767
14665.662598425197,41.04803363000002,0.0561394914984703,0.095692940056324,-0.1489759981632232,2025.0,24.837294711799625,67.41070181443405
14369.03316929134,40.95745610000003,0.04489391669631,0.0992456078529357,-0.1412287503480911,2025.0,25.110292726643543,67.00026156111984
16398.076968503938,38.18544187999999,0.0561305657029151,0.1109048426151275,-0.1627076119184494,2025.0,24.863166191982263,67.16923466606272
14822.660629921258,40.31828636,0.0333948545157909,0.1289703249931335,-0.17560775578022,2025.0,24.899008971818635,67.1247680594988
17051.881102362207,40.96771016000002,0.0632027089595794,0.0728193894028663,-0.1265918165445327,2025.0,24.9205685386375,67.163844774358
15587.523818897636,40.26701606000006,0.078369453549385,0.0993794575333595,-0.1573336869478225,2025.0,24.904937852693823,67.27999694059466
16555.620767716537,39.18350372,0.0779197663068771,0.0884869545698165,-0.1489111334085464,2025.0,25.13912864726378,67.28673430522555
13204.949999999995,37.23523232000002,-0.0342834256589412,0.1825234740972519,-0.1891314089298248,2025.0,24.86289669739703,67.10886787896989
17706.256102362204,37.60608748999999,0.0585300102829933,0.0734025537967681,-0.1291306912899017,2025.0,25.01758658932241,67.01562275247828
15332.62125984252,40.50285944000001,0.0532441064715385,0.1030347049236297,-0.1607191562652588,2025.0,24.959914748081932,67.22259459393942
11423.40374015748,32.251759160000006,-0.1746999770402908,0.2536503970623016,-0.2313955277204513,2025.0,24.764261679200704,67.3516825002674
13544.418503937008,40.3763927,0.0082199443131685,0.0451218634843826,-0.080279104411602,2025.0,24.79767900776995,67.15737690431234
16423.289566929136,41.11468502000002,0.0696948319673538,0.0976843237876892,-0.157949149608612,2025.0,24.93943315960401,67.23256589359315
14080.060236220474,38.42128525999999,-0.0233472157269716,0.1634328514337539,-0.1883539110422134,2025.0,24.87205951329505,67.28700379981079
15858.198523622048,41.728219610000025,0.0759410485625267,0.0797273069620132,-0.131080150604248,2025.0,25.04238009116411,67.03260091134814
14510.77972440945,35.09555180000001,0.0469144806265831,0.074052594602108,-0.1117693111300468,2025.0,24.795523051088065,67.26544423299192
11634.278248031496,31.909957160000005,-0.1851216554641723,0.2802416086196899,-0.261466920375824,2025.0,24.78824669728669,67.3104498287263
14104.590748031496,40.42766300000005,0.0847986564040184,0.0988513976335525,-0.1382282525300979,2025.0,24.952099405110097,66.89461968370739
14114.716732283465,40.31486834000003,0.0329100005328655,0.039971824735403,-0.0712877362966537,2025.0,24.822742004196886,67.12503755408405
17072.9687007874,42.82027700000003,0.0702905356884002,0.0770727917551994,-0.1370703727006912,2025.0,25.07822287100048,67.36973863747819
14292.793503937008,37.37537114000003,-0.0129768373444676,0.2121885567903518,-0.2337479889392852,2025.0,25.051812401647364,66.92210813140144
15501.231496062992,39.340732640000056,0.0786689519882202,0.1022042781114578,-0.1530365943908691,2025.0,25.0520818962326,66.99002076688087
14276.523818897638,38.359760900000026,0.0357286781072616,0.0571325421333313,-0.0932144373655319,2025.0,24.907902293131414,67.02532455754677
14185.964271653542,40.16789348,0.0372527241706848,0.1329423934221267,-0.1730605959892273,2025.0,24.85642882735137,67.3848303342514
14680.860433070868,39.91496000000001,0.0794202908873558,0.1144757941365242,-0.1654606163501739,2025.0,24.90655482020524,66.86982618186569
14546.04399606299,38.71010795000001,0.0331695228815078,0.1354539096355438,-0.1774692833423614,2025.0,25.142901571457084,67.00726842033598
13606.2875984252,42.013624280000045,0.0097119016572833,0.0632544010877609,-0.1002286449074745,2025.0,24.82894037965731,67.28376986478796
14915.045472440945,38.5990223,0.0533075034618377,0.1099195703864097,-0.1563672870397567,2025.0,24.873676480806463,67.43145289749721
16172.153248031496,39.16983164000001,0.0359460823237896,0.081353947520256,-0.1304642260074615,2025.0,25.02809687814661,67.12961896203305
14091.967716535431,38.99551262,-0.0284265894442796,0.218291163444519,-0.240185335278511,2025.0,25.07418045222194,66.95067455743644
8947.114862204722,27.784407020000003,-0.0256215892732143,-0.0714494735002517,0.0981885269284248,2025.0,24.772346516757786,67.20831138092193
13376.907677165354,43.80808478000006,0.0306534301489591,0.0446742177009582,-0.0796159952878952,2025.0,24.839450668481508,67.3058684207773
13740.11929133858,38.28798247999998,0.0134040359407663,0.1414581835269928,-0.1766152530908584,2025.0,24.89281059635821,67.42040361950254
15744.765944881889,41.56928168000002,0.0683552771806716,0.0894424989819526,-0.146377682685852,2025.0,24.93404326789929,67.34575361939221
15713.182283464568,41.18646344000001,0.0514630004763603,0.1003041490912437,-0.1479593515396118,2025.0,24.982821787826985,67.19618412458631
12699.780708661416,36.96520873999998,-0.0725037828087806,0.2081573158502578,-0.2122388035058975,2025.0,24.803068899474667,67.44007672422475
14887.560236220474,41.23773374000001,0.0907055437564849,0.0893881469964981,-0.1475866883993148,2025.0,25.060705722960147,67.44789206719659
14375.012992125983,39.25870015999999,0.0297992378473281,0.0575626865029335,-0.0915188044309616,2025.0,24.88742070465349,67.0773370124973
13040.457874015749,40.78655509999999,0.0345117561519146,0.0918006226420402,-0.1271983683109283,2025.0,24.80684182366797,67.39507112849037
14632.74625984252,39.50137958000005,0.0230045523494482,0.0500474721193313,-0.0850779265165329,2025.0,24.936738213751653,67.09485416053762
16815.096653543307,42.29731994000002,0.078689120709896,0.1020850390195846,-0.1555290520191192,2025.0,25.07795337641524,67.17408556859696
12227.194094488188,36.838742000000025,0.0278794337064027,0.0834130868315696,-0.1107405722141265,2025.0,24.85319489232854,66.97681553220431
15462.891929133855,40.45158914000001,0.0454827062785625,0.1511528044939041,-0.1935898661613464,2025.0,25.08118731143807,67.23040993691126
16818.926870078743,41.15228324000003,0.0868194699287414,0.101489283144474,-0.1631342321634292,2025.0,25.092506084017977,67.22205560476895
11853.705413385827,38.6502926,0.0063875471241772,0.0415868684649467,-0.0596192143857479,2025.0,24.75482936871745,67.31583972043103
13107.761023622048,40.882259660000045,0.0222495570778846,0.0728205144405365,-0.0975379198789596,2025.0,24.803338394059903,67.16330578518753
13977.79842519685,36.319202959999984,0.0370853915810585,0.0501860752701759,-0.0801991969347,2025.0,24.8672086107608,66.96549675962441
15902.205905511812,41.51801138000002,0.1034482792019844,0.0968148633837699,-0.149774745106697,2025.0,25.12511492883152,67.42606300579249
15808.416535433067,42.328082119999976,0.079688437283039,0.1085066199302673,-0.1652306318283081,2025.0,24.96853857480949,66.88114495444559
14040.83779527559,38.28969149000002,0.0396331883966922,0.080569714307785,-0.1191496178507804,2025.0,25.04884796120977,66.8714431493771
11325.87125984252,34.81014713000002,-0.0337585620582103,0.0600227378308773,-0.0724381953477859,2025.0,24.761027744177877,67.30829387204442
15618.619291338582,41.29242206000004,0.0434782616794109,0.1305344551801681,-0.1804440468549728,2025.0,25.0806483222676,67.13420036998205
16399.160629921265,40.130295260000025,0.0344978868961334,0.0930193737149238,-0.1439307928085327,2025.0,24.953985867206747,67.14821408841432
8982.493307086614,28.4304128,-0.0358259193599224,-0.0297749508172273,0.0582304522395134,2025.0,24.74108514487042,67.40531192272933
14583.973622047244,40.959165110000015,0.0270284190773963,0.1551025211811065,-0.1929423809051513,2025.0,24.953985867206747,67.26652221133287
11937.368307086614,38.04188504000001,0.0148466322571039,0.0546208657324314,-0.0810711532831192,2025.0,24.850230451890944,66.9751985646929
16477.892421259847,40.415699930000045,0.0957283526659011,0.1021409481763839,-0.1696736067533493,2025.0,25.149369441502746,67.2277149910589
14142.490354330708,39.52872374000003,0.0156299639493227,0.0833886936306953,-0.1126032322645187,2025.0,24.941858610871133,67.00942437701787
14651.19901574803,42.72457244000003,0.0377141013741493,0.0530834756791591,-0.0961725264787674,2025.0,24.841067635992925,67.33254838471565
16652.22755905512,41.60687990000002,0.0775752812623977,0.0919338017702102,-0.1461140513420105,2025.0,25.022437491856657,67.21909116433136
15460.47066929134,39.07754510000001,0.0118393367156386,0.1400217860937118,-0.1787760108709335,2025.0,24.91113622815425,67.29239369151551
15027.359448818896,40.02433664,0.1063862219452858,0.0996563583612442,-0.1436414122581482,2025.0,25.121342004638212,67.33982473851702
14637.658661417325,39.340732640000056,0.0387779846787452,0.0438718013465404,-0.0788125619292259,2025.0,24.93539074082548,66.96630524338012
17163.24822834646,40.71135866000003,0.0848590657114982,0.1105921268463134,-0.1675063818693161,2025.0,25.07094651719911,67.2029214892172
8025.597637795276,28.312491110000025,-0.0076565402559936,-0.0285253655165433,0.0476798005402088,2025.0,24.773424495098723,67.302095496584
16520.25561023622,41.442814940000005,0.113890916109085,0.0977125018835067,-0.1498078405857086,2025.0,25.133738755559065,67.42175109242872
14166.16998031496,40.99163630000004,0.0386997833847999,0.1073939502239227,-0.1538076698780059,2025.0,24.857237311107077,67.40234748229173
15297.562204724409,39.37149482000001,0.0496060438454151,0.1235428676009178,-0.1718211024999618,2025.0,25.084421246460906,67.23768629071263
14484.493307086614,40.24308991999999,0.0214152950793504,0.1032802835106849,-0.1392019242048263,2025.0,25.00518983840156,67.11129333023702
15586.58681102362,39.231356000000005,0.0640108808875083,0.0841838270425796,-0.1422455757856369,2025.0,24.917334603614677,67.38132690464334
14086.874704724409,40.96087412,0.0388109274208545,0.1345093548297882,-0.1736306399106979,2025.0,24.892541101772974,66.85796842011531
14665.63996062992,34.85287238000001,-0.0435474701225757,0.222632959485054,-0.2339228838682174,2025.0,25.05854976627826,66.96145434084588
15850.858956692911,43.06466543000005,0.058890264481306,0.0858604162931442,-0.1350868493318557,2025.0,25.017317094737173,67.01804820374541
11460.361417322834,32.904600980000055,-0.1324010640382766,0.180284708738327,-0.1705341339111328,2025.0,24.7529429066208,67.28242239186179
13969.197047244095,38.98696757000002,0.066709503531456,0.1139567494392395,-0.15665103495121,2025.0,25.0806483222676,67.44950903470802
15820.777263779526,41.78290793000002,0.0841120183467865,0.0934561789035797,-0.1588440388441085,2025.0,25.037529188629865,67.35410795153452
13518.561220472442,38.40419516000003,0.0035218670964241,0.1542229503393173,-0.1792867332696914,2025.0,25.006267816742504,66.93962527944177
18050.77775590551,41.46674108000002,0.0934294164180755,0.0739671438932418,-0.1507021784782409,2025.0,25.13346926097383,67.37027762664867
13844.761515748032,39.57315800000004,-0.0128818470984697,0.1853106319904327,-0.2059892565011978,2025.0,25.12915734761005,67.01319730121116
15958.346653543307,41.38641761000002,0.070445492863655,0.1142680570483207,-0.1681183725595474,2025.0,25.06178370130109,67.24388466617306
14718.717716535431,42.044386460000055,0.0541181154549121,0.1322981417179107,-0.1908805817365646,2025.0,24.995757527918304,67.26463574923622
11520.53907480315,33.20025971000004,-0.1487807333469391,0.2026184499263763,-0.1891378909349441,2025.0,24.75105644452415,67.30182600199876
13819.849606299213,39.80216533999999,0.0379141978919506,0.0367247015237808,-0.0724007338285446,2025.0,24.824628466293536,67.13123592954446
15832.428346456692,39.27579026000001,0.0521754473447799,0.0879539996385574,-0.1318631768226623,2025.0,24.841876119748637,67.24253719324687
15003.391437007873,38.39223209000002,-0.0221460238099098,0.1566821485757827,-0.1908349990844726,2025.0,24.934851751655003,67.18782979244399
14953.059251968503,39.74064098000002,0.0431963689625263,0.0713293328881263,-0.1165473982691764,2025.0,24.86505265407892,67.28835127273697
16409.976574803153,42.67672016000006,0.0712750628590583,0.0897769182920456,-0.1472394615411758,2025.0,24.997105000844485,67.24226769866164
16697.47165354331,38.09657335999998,0.0505597963929176,0.0915516465902328,-0.145004853606224,2025.0,24.92380247366033,67.28053592976514
13145.282677165353,38.64516557000002,-0.0068438039161264,0.0910193845629692,-0.1140684708952903,2025.0,24.808728285764623,67.04365018934281
14749.418503937008,38.38710506000001,0.0037016875576227,0.1653613448143005,-0.2044476866722107,2025.0,25.10571131869453,67.12557654325451
13338.832874015749,41.089049870000025,0.0051442915573716,0.1145806908607482,-0.1360844671726226,2025.0,24.79013315938335,67.34009423310225
8749.516929133857,27.91770980000001,-0.0360467284917831,-0.0354194678366184,0.0552580617368221,2025.0,24.74701402574561,67.34629260856268
15373.5843503937,39.598793150000034,0.034241396933794,0.1155757308006286,-0.1585111767053604,2025.0,24.945092545893964,67.14120722919819
15324.138976377952,41.91962873,0.0818471685051918,0.0808707699179649,-0.1377104818820953,2025.0,25.088194170654205,67.3886032584447
14313.577952755906,38.899808060000055,0.0369598343968391,0.0388954244554042,-0.0734265744686126,2025.0,24.93943315960401,67.00969387160309
16052.76594488189,41.23260671000003,0.0869806259870529,0.079216182231903,-0.136818528175354,2025.0,25.115413123763027,67.44007672422475
16473.94311023622,42.056349530000034,0.069685511291027,0.058830264955759,-0.1146889179944992,2025.0,25.073371968466237,67.3382077710056
16605.335826771654,40.981382240000016,0.0313794575631618,0.0622842088341712,-0.1047985479235649,2025.0,24.9596452534967,67.14147672378343
16456.750196850397,41.88032150000004,0.0748772323131561,0.1189391016960144,-0.1809943467378616,2025.0,25.143440560627557,67.14174621836867
16723.08188976378,42.58443362000003,0.0435635969042778,0.0871169939637184,-0.1483503878116607,2025.0,25.094931535285102,67.35060452192646
15512.759055118113,40.444753100000014,0.0582779869437217,0.0794187858700752,-0.1254666745662689,2025.0,25.016508610981468,67.044997662269
15203.49872047244,39.926923070000015,0.0552250146865844,0.0619128756225109,-0.1089150235056877,2025.0,25.0197425460043,67.05658592943414
16550.43720472441,42.52803629000002,0.0879255980253219,0.086964301764965,-0.1498573422431945,2025.0,25.05073442330642,67.2029214892172
14057.378641732284,43.978985780000016,0.0659737288951873,0.0839999169111251,-0.1171860918402671,2025.0,25.140206625604726,66.91941318554908
13572.018897637794,40.4789333,0.0516409389674663,0.0596567392349243,-0.1102895885705947,2025.0,24.985247239094107,67.20157401629102
8541.954921259843,28.27660190000006,-0.017330689355731,-0.032614842057228,0.0533025600016117,2025.0,24.7709990438316,67.34656210314792
11461.947047244095,33.63605726000003,-0.1154405549168586,0.1572727710008621,-0.1546202450990677,2025.0,24.751595433694614,67.30344296951017
15525.375196850391,40.17472952000003,0.0489013791084289,0.0721384286880493,-0.1263975203037262,2025.0,25.056124315011136,66.88464838405366
14897.659645669291,41.075377790000005,0.0468166060745716,0.120298147201538,-0.1647842824459076,2025.0,24.96503514520142,67.21073683218904
15934.62618110236,40.73699381,0.0491955801844596,0.1397119164466858,-0.1956614255905151,2025.0,24.95910626432623,67.33470434139754
14722.304330708665,39.76969415000002,0.0412221997976303,0.1262973695993423,-0.1723235696554184,2025.0,24.935929729995944,67.31449224750484
15865.400787401575,40.69426856000001,0.0518895648419857,0.0924747064709663,-0.145681545138359,2025.0,25.022706986441893,67.2570899008496
14022.814173228346,39.99699248000002,0.0356015972793102,0.1203033179044723,-0.1604571342468261,2025.0,24.824628466293536,67.44843105636707
16239.31318897638,41.78119892000001,0.0794067978858947,0.095858484506607,-0.1497230678796768,2025.0,25.115682618348263,67.2013045217058
13305.169488188978,39.09121718000003,-0.026883915066719,0.0447098910808563,-0.0808057412505149,2025.0,24.863166191982263,66.91779621803767
14651.74281496063,39.38516690000003,0.0399214327335357,0.0385863929986953,-0.0717701539397239,2025.0,24.81923857458882,67.17543304152315
15293.138976377952,41.65815020000002,0.0535614155232906,0.0737287700176239,-0.1226169392466545,2025.0,25.032139296925145,67.17327708484126
13296.111417322834,39.15615955999999,0.0139155993238091,0.0991455614566803,-0.1309027671813964,2025.0,24.83783370097009,67.44519712134424
13892.640452755904,39.7782392,0.0290283355861902,0.0576675124466419,-0.0903426632285118,2025.0,24.847535506038582,67.22582852896225
13546.524803149608,38.66396468000005,0.0828360840678215,0.124355673789978,-0.1697381138801574,2025.0,25.10867575913213,66.85069206631394
11694.87618110236,44.37889412000004,0.2222553640604019,0.0614321455359458,-0.0713384896516799,2025.0,24.815735144980756,67.27784098391277
15147.12027559055,40.97454620000002,0.0557958260178566,0.061013963073492,-0.1203131899237632,2025.0,24.86666962159033,67.37782347503527
16338.889960629922,40.23625388000005,0.057752389460802,0.1218599826097488,-0.1779919564723968,2025.0,25.087655181483733,67.27784098391277
11636.584842519684,31.716839030000017,-0.1714427471160888,0.2432161122560501,-0.2241644561290741,2025.0,24.785012762263865,67.21639621847899
8324.912106299213,28.061266640000014,-0.0194298736751079,-0.0258423183113336,0.0491838715970516,2025.0,24.768304097979243,67.35707239197211
14394.40374015748,38.39735912000003,0.0126341683790087,0.0799143984913826,-0.1088207066059112,2025.0,24.87205951329505,67.08326589337248
14544.8092519685,39.80387435,0.0341834388673305,0.1440491676330566,-0.1966510266065597,2025.0,25.000338935867315,67.39102870971183
8856.769881889762,28.348380320000047,-0.023216949775815,0.0069523039273917,-0.0052682263776659,2025.0,24.854811859839952,66.95929838416399
13147.530708661418,39.80216533999999,0.0334175452589988,0.0675334632396698,-0.0975949093699455,2025.0,24.836486228043917,67.31449224750484
12670.69655511811,37.92567236000002,-0.1029126420617103,0.2280164361000061,-0.2228440046310424,2025.0,24.90439886352335,67.06655722908786
14791.395866141733,37.758189379999976,0.0211153216660022,0.1235626488924026,-0.1552485674619674,2025.0,24.944823051308727,67.11668322194173
14301.652263779528,39.11685233000003,-0.0324864201247692,0.1930406987667083,-0.2126019597053527,2025.0,25.00465084923109,67.14309369129484
15111.169488188974,39.77140315999998,0.0255423802882432,0.1751056909561157,-0.2075115591287613,2025.0,25.03375626443656,67.22960145315555
14253.70492125984,36.99938894000002,-0.0206108763813972,0.1888491213321685,-0.2127023935317993,2025.0,25.11703009127444,67.27784098391277
14759.717224409447,37.70862808999999,0.0149985887110233,0.1647063344717025,-0.2030045539140701,2025.0,25.06555662549439,67.35761138114259
15554.369783464568,40.93865699,0.0427918173372745,0.1174724251031875,-0.168163850903511,2025.0,24.92137702239321,66.9248030772538
17975.42834645669,41.82905119999998,0.0725025981664657,0.0920935273170471,-0.1470020413398742,2025.0,25.0911586110918,67.16034134474994
14798.250196850397,38.968168460000015,0.0195610411465168,0.1559899300336837,-0.1902046948671341,2025.0,25.066095614664864,67.02182112793871
14579.3062992126,41.89228457000005,0.0473523288965225,0.1188406646251678,-0.1592810600996017,2025.0,24.90385987435288,66.92588105559474
16117.15275590551,42.669884120000006,0.0949073508381843,0.072195790708065,-0.1344814449548721,2025.0,25.096817997381752,67.37405055084197
16433.97165354331,42.53316332000003,0.0889026075601577,0.0995197668671608,-0.1610997468233108,2025.0,24.96692160729807,67.44088520798046
15880.29153543307,40.30461428000001,0.0795949324965477,0.1013951897621154,-0.1550710797309875,2025.0,25.126462401757696,67.04661462978041
14993.37125984252,39.90470593999999,0.063449278473854,0.0809773504734039,-0.1324785500764846,2025.0,24.908441282301887,67.33847726559084
8618.797933070866,31.35281990000001,-0.0272629000246524,-0.0272147059440612,0.0425943508744239,2025.0,24.779353375973912,67.32203809589146
14909.135039370078,38.17176979999999,-0.1035279631614685,0.3357990980148315,-0.3237033486366272,2025.0,24.84645752769764,67.273529070549
14717.925393700789,40.99505432000001,0.0383640602231025,0.1284258663654327,-0.1715662330389022,2025.0,24.922993989904622,67.41447473862735
14208.809744094488,39.02627480000004,0.0371005125343799,0.0359352119266986,-0.0679839998483657,2025.0,24.817082617906934,67.14039874544248
10841.357972440945,32.178271730000034,-0.1125816106796264,0.2009360492229461,-0.1892404854297638,2025.0,24.78959417021288,67.29239369151551
15547.08877952756,40.86004253000005,0.0571813620626926,0.0870999693870544,-0.1387688666582107,2025.0,24.987942184946466,67.19726210292725
15303.025787401575,41.35394642000006,0.0843903645873069,0.0705665647983551,-0.1261908560991287,2025.0,24.965843628957124,66.89138574868456
17022.877165354334,41.594916830000045,0.075166180729866,0.0836087018251419,-0.1445551067590713,2025.0,25.05908875544873,67.20049603795007
14112.370767716537,40.43962607,-0.0188100803643465,0.1219190210103988,-0.1387139707803726,2025.0,24.81411817746934,67.17839748196074
16087.216732283465,41.20013552,0.0747959986329078,0.0850193127989769,-0.142760083079338,2025.0,25.071216011784344,67.11237130857795
14300.244291338584,37.31042876000004,2.704383769014385e-05,0.1860025078058242,-0.2102849632501602,2025.0,25.0911586110918,66.93746932275988
15537.989862204722,39.80729237000003,0.0699014216661453,0.105476900935173,-0.1652033776044845,2025.0,24.979587852804155,67.40288647146221
13405.487401574805,36.493521980000025,-0.1021740436553955,0.2479927390813827,-0.2445014864206314,2025.0,24.948326480916798,67.11803069486791
15781.142913385826,42.98775998000002,0.0697695016860961,0.0880273655056953,-0.1434445679187774,2025.0,24.897392004307218,67.39561011766084
12395.326476377952,41.02068947000004,0.0008324262453243136,0.0889819040894508,-0.1250315755605697,2025.0,24.80495536157132,67.354646940705
9995.316141732284,28.160389220000013,-0.0421609207987785,-0.0637636110186576,0.0869260057806968,2025.0,24.773424495098723,67.24496264451399
14073.934251968503,42.20161538000002,0.0509185381233692,0.0777314603328704,-0.1224816516041755,2025.0,24.98686420660552,66.95579495455593
15238.255118110235,44.97362959999998,0.0507770031690597,0.1135560795664787,-0.1695301830768585,2025.0,24.943745072967783,67.2856563268846
13720.020866141733,37.033569140000026,0.0802160128951072,0.1218708828091621,-0.1667516976594925,2025.0,25.124036950490574,66.86578376308715
14795.610433070866,37.70350106000001,-0.0012358393287286,0.1078735813498497,-0.1494605988264084,2025.0,24.89793099347769,67.09350668761145
13255.75364173228,40.121750210000016,0.0120602250099182,0.1064274162054061,-0.1465358883142471,2025.0,24.79983496445184,67.34656210314792
11887.19557086614,30.65212580000002,-0.2063438445329666,0.2955918312072754,-0.2698057889938354,2025.0,24.75617684164363,67.3600368324097
14820.551870078742,36.05943344000002,-0.1490495949983596,0.3274783790111542,-0.3149172663688659,2025.0,24.84726601145335,67.27676300557182
15723.212303149605,41.34198335000002,0.0912309437990188,0.069429725408554,-0.1242192909121513,2025.0,25.10086041616029,66.90917239131012
14126.98248031496,35.673197180000045,-0.0385589301586151,0.2234581261873245,-0.241697147488594,2025.0,25.075258430562883,66.96657473796536
16764.620275590554,42.11958290000001,0.0602927915751934,0.0932704955339431,-0.1429347693920135,2025.0,25.04561402618694,67.18136192239834
13984.54842519685,42.38277044000006,0.1024695485830307,0.1251807212829589,-0.1836004555225372,2025.0,24.998452473770666,66.87090416020662
14560.325492125983,37.49329283,0.0156320016831159,0.1806687712669372,-0.2095212787389755,2025.0,25.07822287100048,66.93693033358942
16090.148326771654,41.66498624000002,0.0640128850936889,0.0950842946767807,-0.1537202596664428,2025.0,25.034834242777507,67.19375867331918
18055.2688976378,40.64470727,0.0746142342686653,0.0701835006475448,-0.1249716728925705,2025.0,24.969616553150427,67.22232509935418
14581.567125984251,40.77971906000005,0.0844334512948989,0.0879247263073921,-0.1322356015443802,2025.0,25.121880993808688,67.38914224761518
18057.24429133859,42.03755042,0.0890557691454887,0.067466028034687,-0.1406628042459488,2025.0,25.13670319599666,67.37243358333056
16713.64192913386,41.032652540000015,0.0925857573747634,0.062954805791378,-0.1157900989055633,2025.0,25.092775578603213,66.88626535156507
13173.803346456692,37.81287770000006,0.033881489187479,0.0326292552053928,-0.0608702078461647,2025.0,24.857776300277543,67.00026156111984
8656.46968503937,26.74191092000001,-0.0223638098686933,-0.0182460267096757,0.0277453958988189,2025.0,24.847805000623826,66.9495965790955
13827.841732283465,37.15319984000001,-0.0420040339231491,0.2284422814846038,-0.2447255849838256,2025.0,25.08091781685284,67.01912618208635
14664.871259842515,38.37685099999999,0.0308605339378118,0.0439241379499435,-0.0778090506792068,2025.0,24.873406986221227,66.99055975605135
14428.617322834649,41.38641761000002,0.1014512553811073,0.1145799532532692,-0.1694167256355285,2025.0,24.93512124624024,66.86955668728045
12859.947047244092,43.83542894000004,0.0529732257127761,0.0334956645965576,-0.0529485121369361,2025.0,25.134816733900006,66.91617925052626
16090.02283464567,42.00678823999999,0.0714691951870918,0.0970306545495987,-0.1534729450941085,2025.0,25.14182359311614,67.02667203047295
15278.128149606298,40.60198202000004,0.0150636741891503,0.1622031927108764,-0.2065059095621109,2025.0,25.016239116396232,67.23633881778645
16201.144881889766,43.685036060000016,0.0680307447910308,0.0920989289879798,-0.1555392295122146,2025.0,25.11002323205831,67.09108123634432
11357.320078740158,33.0447398,-0.1329860538244247,0.1607665419578552,-0.1576654314994812,2025.0,24.765070162956413,67.29562762653833
13217.329921259843,39.55264988000002,0.0060824430547654,0.0484788864850997,-0.0718849897384643,2025.0,24.79363658899141,67.06655722908786
14686.634055118113,41.75385476000002,0.0343339629471302,0.1423259973526001,-0.1925376504659652,2025.0,24.977162401537036,67.31125831248201
17476.47165354331,42.78780581000001,0.1000021025538444,0.0793559253215789,-0.1535454243421554,2025.0,25.13993713101949,67.24145921490593
14805.66309055118,43.34494307000003,0.0714213252067565,0.1033087968826294,-0.1574648022651672,2025.0,24.91086673356901,66.8992010916564
15671.652755905514,41.60346188000005,0.0840734615921974,0.1012945920228958,-0.1558743268251419,2025.0,25.136433701411423,66.97546805927814
9571.75561023622,31.846723790000027,-0.0050908923149108,-0.019599549472332,0.0364306159317493,2025.0,24.803877383230372,66.98058845639763
14846.45,39.06387302000002,0.0307886116206645,0.0743167847394943,-0.1077472269535064,2025.0,24.863166191982263,67.1449801533915
13315.481496062992,40.24992596000004,0.0471164472401142,0.0927668139338493,-0.1272374987602234,2025.0,24.983899766167927,66.90782491838394
11290.515944881889,31.889449040000045,-0.1631221622228622,0.2161033600568771,-0.2028000503778457,2025.0,24.73785120984759,67.4381902621281
13944.477066929134,38.20082297000002,-0.0146134411916136,0.1944633424282074,-0.2193236500024795,2025.0,25.09897395406364,67.025594052132
15872.255118110235,40.20549170000004,0.0466568879783153,0.1066761314868927,-0.1608545482158661,2025.0,24.93700770833689,67.36461824035872
16089.817125984251,42.70406432000004,0.0851443856954574,0.108201690018177,-0.1724831014871597,2025.0,25.14371005521279,67.10644242770276
17210.010531496067,42.78951482000002,0.0777071341872215,0.0941338837146759,-0.1510726660490036,2025.0,25.10948424288784,67.10401697643564
15846.957874015749,38.40590417000004,0.0442510470747947,0.116391398012638,-0.1682990938425064,2025.0,24.846188033112405,67.44789206719659
12164.18622047244,35.14340407999998,-0.0774380713701248,0.1791285276412964,-0.178112655878067,2025.0,24.75186492827985,67.41070181443405
13586.572047244092,40.11662318000003,0.0245742909610271,0.0480448454618454,-0.0717466250061988,2025.0,24.775310957195376,67.3298534388633
16921.78661417323,41.34711038,0.0592333413660526,0.0857356861233711,-0.1524925231933593,2025.0,25.056124315011136,67.37189459416008
10604.442125984251,43.79441270000001,0.0766174420714378,0.0521515347063541,-0.0636601746082305,2025.0,24.846996516868117,67.38186589381381
15682.995767716537,43.33810703000003,0.0904952138662338,0.0777625441551208,-0.1301715970039367,2025.0,25.02836637273185,67.05362148899654
14236.336811023622,38.52040784000002,0.040436964482069,0.0414407290518283,-0.078340008854866,2025.0,24.938085686677837,66.96199333001634
14702.457874015749,40.62932618000002,0.0437442474067211,0.0850116461515426,-0.1349073648452758,2025.0,24.99602702250354,67.11883917862362
14107.63503937008,39.90812396000001,-0.0031804486643522,0.146894484758377,-0.1775117516517639,2025.0,24.880144350852124,67.10698141687324
12054.95590551181,34.545250580000015,-0.0297863520681858,0.1555276960134506,-0.1682996898889541,2025.0,25.0806483222676,66.99460217482988
8397.862401574803,28.274892890000014,-0.014912630431354,-0.031570766121149,0.0543053448200225,2025.0,24.76372269003023,67.3382077710056
15230.580905511812,39.73722296000005,0.0366186313331127,0.069617360830307,-0.1084296777844429,2025.0,24.874754459147407,66.86928719269521
16092.468700787402,40.22941784,0.0532841980457305,0.1042907312512397,-0.1517944037914276,2025.0,24.94563153506444,67.2886207673222
16655.941141732284,40.13371328000005,0.068939633667469,0.0749717876315116,-0.1390568763017654,2025.0,25.02809687814661,67.35356896236405
14816.82992125984,40.12004120000006,0.0482892505824565,0.063090294599533,-0.1088958978652954,2025.0,25.04561402618694,67.06790470201403
15322.820078740157,40.62932618000002,0.0258830692619085,0.0568174384534359,-0.0939458608627319,2025.0,24.90763279854618,67.12665452159546
15581.024803149605,42.53999936000002,0.072614312171936,0.0954220071434974,-0.1541690230369568,2025.0,24.971233520661844,67.30398195868065
15293.471653543304,39.93717713000001,0.0263409037142992,0.0962098240852356,-0.1366634666919708,2025.0,24.90628532562,67.28511733771414
13993.217716535431,39.957685250000026,0.056495901197195,0.1347624510526657,-0.1869098395109176,2025.0,24.91868207654085,66.91159784257724
14615.072539370078,40.08757001000004,0.0492550022900104,0.1213770285248756,-0.166372463107109,2025.0,24.94967395384297,67.34063322227273
13088.909645669291,37.559944220000034,-0.0450759418308734,0.1755082756280899,-0.1963686197996139,2025.0,24.820316552929764,67.34467564105127
16209.834842519684,41.26849592000002,0.0475778318941593,0.1409142166376114,-0.1878839582204818,2025.0,25.138320163508077,67.12584603783975
14820.324015748032,40.21916378000003,0.0393614396452903,0.1372549086809158,-0.1865439116954803,2025.0,25.017856083907645,66.854195495922
14523.328937007876,38.80239449000004,0.0392331816256046,0.0376357920467853,-0.0720883756875991,2025.0,25.008962762594862,67.07679802332682
16836.403740157482,40.25334398000001,0.072472371160984,0.118524245917797,-0.1895699948072433,2025.0,25.110292726643543,67.25843737377579
15551.515452755906,40.61223608,0.0599070154130458,0.1061556413769722,-0.1618749946355819,2025.0,24.990637130798824,67.4125882765307
14915.809251968503,39.03994688,0.0086236828938126,0.0600160919129848,-0.0907170921564102,2025.0,24.877718899585,67.01211932287022
15355.08188976378,41.16937333999999,0.0441967993974685,0.137054905295372,-0.181061252951622,2025.0,24.96503514520142,66.88060596527512
16218.0375984252,42.0854027,0.0867595374584198,0.0802303925156593,-0.1449970006942749,2025.0,25.0987044594784,67.32958394427806
13803.345177165356,40.164475460000006,0.0303283277899026,0.0530891679227352,-0.0870533436536789,2025.0,24.925419441171748,67.13824278876059
13936.3062992126,39.44498225000004,0.034302394837141,0.0612704195082187,-0.0987373292446136,2025.0,24.957219802229577,66.94232022529413
14035.718700787402,39.17666768000004,0.000713563640601933,0.1522633731365203,-0.1937470436096191,2025.0,24.98686420660552,67.2231335831099
13329.568602362204,36.484976930000016,-0.027395986020565,0.1877343505620956,-0.2092492878437042,2025.0,24.87259850246552,67.2848478431289
16133.356496062994,42.5810156,0.082908771932125,0.0775877237319946,-0.1385465115308761,2025.0,25.07983983851189,67.06520975616168
11532.904724409447,32.66533958000002,-0.1543050706386566,0.2274713218212127,-0.2103716284036636,2025.0,24.7319223289724,67.29454964819739
14563.07155511811,40.48235132000002,0.0794935971498489,0.0845821350812912,-0.1308946758508682,2025.0,25.016508610981468,67.4344173379348
13960.43818897638,39.83292752,0.0343811735510826,0.0440018214285373,-0.0798225402832031,2025.0,24.953985867206747,66.9827444130795
14128.437696850397,39.88077980000003,0.0402978770434856,0.0395444706082344,-0.072802186012268,2025.0,24.8806833400226,67.18729080327353
14595.14094488189,40.30803230000004,0.0238251630216836,0.0966764613986015,-0.132603257894516,2025.0,25.045075037016467,67.05766390777508
9489.96377952756,29.64893693000002,-0.0404645837843418,-0.0309769231826066,0.0447200834751129,2025.0,24.74674453116037,67.42040361950254
13398.175885826771,39.64322741000001,0.0479144640266895,0.0914986059069633,-0.1325504034757614,2025.0,24.808728285764623,67.4020779877065
14313.47559055118,38.46401051000004,-0.075498029589653,0.2527603209018707,-0.2538065910339355,2025.0,24.884186769630663,67.23229639900791
14174.358464566929,39.06729103999999,0.0288242641836404,0.040453340858221,-0.0711966380476951,2025.0,24.90898027147236,66.9827444130795
15620.255118110235,40.59856400000001,0.0412864610552787,0.1312097907066345,-0.1759678572416305,2025.0,25.091967094847508,67.15441246387475
14267.29842519685,40.803645200000005,0.0795599445700645,0.084963746368885,-0.1382638961076736,2025.0,25.11190969415496,67.3373992872499
13270.451968503938,39.90470593999999,0.0118142310529947,0.0705535858869552,-0.0934635698795318,2025.0,24.81465716663981,67.03664333012668
14569.191633858269,38.93057024000001,-0.0618090219795703,0.2437494397163391,-0.2602394223213196,2025.0,25.07202449554005,67.29293268068598
15290.6094488189,42.56050748000001,0.04065553098917,0.0770099312067031,-0.1191182434558868,2025.0,24.96180121017859,67.02343809545012
14275.56368110236,39.73551395000001,0.0267133172601461,0.1006519868969917,-0.1424534320831298,2025.0,24.999799946696843,66.90809441296918
15628.555807086614,41.48895821000002,0.0565644204616546,0.1311037093400955,-0.1749683022499084,2025.0,25.089272148995143,66.98948177771041
12844.977066929132,40.065352880000006,0.0008529328042641282,0.1262242347002029,-0.150822713971138,2025.0,24.92919236536505,67.14659712090291
14651.129133858269,41.83246922000001,-0.0037426482886075,0.1043137237429618,-0.1339742541313171,2025.0,24.88688171548302,67.1201866515498
13444.286614173228,39.00576668000002,0.0467337258160114,0.0548605136573314,-0.0853922143578529,2025.0,24.883378285874954,67.14471065880626
14824.947047244092,43.16549702000003,0.044008232653141,0.0705799683928489,-0.1174694821238517,2025.0,24.848613484379527,67.1239595757431
12259.025787401572,43.585913480000045,-0.0141670117154717,0.1210211813449859,-0.1491545736789703,2025.0,24.80765030742368,67.35222148943787
13701.590748031496,39.39542096000002,-0.0409481637179851,0.2071848511695861,-0.2246293425559997,2025.0,24.873676480806463,67.2570899008496
12945.19311023622,34.51790642000003,-0.0695540681481361,0.2036614865064621,-0.2110133469104766,2025.0,25.072563484710525,66.97870199430098
15709.256102362206,42.310992020000015,0.0611780993640422,0.0859452784061431,-0.1426848173141479,2025.0,25.037529188629865,67.29508863736787
14263.961811023622,39.607338200000015,0.0334834270179271,0.0491981506347656,-0.077590525150299,2025.0,24.927575397853637,67.1360868320787
17157.045964566933,41.28387701,0.0467327274382114,0.0452846474945545,-0.0894671827554702,2025.0,24.900086950159576,67.1495615613405
14169.803346456692,39.932050100000026,0.0353501215577125,0.0380974113941192,-0.0728610828518867,2025.0,24.937277202922125,67.0045734744836
17383.02578740158,40.34221250000002,0.1038612276315689,0.0705025345087051,-0.1442372053861618,2025.0,25.062861679642037,67.3554554244607
12545.386515748032,38.84170172,0.02528334595263,0.0374718680977821,-0.0652578845620155,2025.0,24.88553424255684,66.98301390766474
16175.139960629922,43.52438912000002,0.078802540898323,0.0824802219867706,-0.1410190910100937,2025.0,25.05315987457354,67.05308249982606
14217.097637795276,35.509132220000026,-0.1309361159801483,0.3007133603096008,-0.2923623025417328,2025.0,25.075797419733355,66.97762401596003
9364.508070866144,27.23410580000001,-0.0493381060659885,-0.0404596999287605,0.054245252162218,2025.0,24.73057485604622,67.32257708506192
14605.292027559057,41.66498624000002,0.0697040036320686,0.118033155798912,-0.1697006821632385,2025.0,24.909249766057595,67.24469314992876
13713.49429133858,34.89730664000001,-0.0465839430689811,0.2069071680307388,-0.219821497797966,2025.0,25.0987044594784,66.9450151711465
14977.3092519685,38.77334131999999,0.0424109660089015,0.0589484870433807,-0.1015496924519538,2025.0,25.017047600151937,67.06197582113884
13720.160629921262,39.44669126000002,0.0286935903131961,0.0427904389798641,-0.0750341042876243,2025.0,24.978779369048446,67.04984856480324
16265.446062992129,41.330020280000014,0.0208195000886917,0.0935962423682212,-0.1404766291379928,2025.0,25.000877925037788,67.16600073103989
14367.641437007876,39.28262630000003,0.0307581815868616,0.0532883293926715,-0.0856184437870979,2025.0,24.81789110166264,67.159263366409
12693.332874015749,37.607796500000006,-0.04372363910079,0.184968963265419,-0.1937020719051361,2025.0,24.79013315938335,67.33389585764183
16162.794488188978,41.74018268000003,0.101588636636734,0.0899582877755165,-0.1409976184368133,2025.0,25.119994531712035,67.39587961224608
12369.614862204726,38.03163098000002,-0.0414854027330875,0.1736565828323364,-0.1937489509582519,2025.0,24.86235770822656,67.33605181432371
15638.5218503937,40.56780182,0.0587190426886081,0.0911153331398963,-0.1385910212993621,2025.0,24.98309128241222,67.10024405224235
14188.522834645668,35.92954868000001,-0.0327262207865715,0.2178572416305542,-0.2395673394203186,2025.0,25.05666330418161,66.94043376319748
14795.51496062992,40.80706322000003,0.0198869220912456,0.1357784122228622,-0.1832282543182373,2025.0,24.998721968355905,67.39480163390513
16401.275787401577,41.72992862000001,0.109059952199459,0.0823847204446792,-0.1450181901454925,2025.0,25.141284603945667,67.44600560509994
13166.492322834643,39.47232641,-0.0293214172124862,0.1583949327468872,-0.1701097935438156,2025.0,24.896314025966277,67.00484296906885
16752.83877952756,42.14009102,0.0529444180428981,0.0746698155999183,-0.1360953897237777,2025.0,24.99656601167401,67.29266318610074
14378.642913385826,37.862438990000015,0.026475965976715,0.1054593622684478,-0.14241424202919,2025.0,25.03833767238557,66.88842130824696
8197.893897637796,26.475305359999997,-0.0040404042229056,-0.0346908010542392,0.0545411556959152,2025.0,24.83567774428821,66.96199333001634
13483.023818897638,38.95107836,-0.0293378569185733,0.1457240730524063,-0.1678857505321502,2025.0,24.817082617906934,67.4381902621281
14014.55433070866,39.11001629000003,-0.0577754154801368,0.1942117363214492,-0.2082039266824722,2025.0,24.99737449542972,67.31314477457867
14055.682283464566,40.43108102000002,0.0744452178478241,0.1258265525102615,-0.1644719392061233,2025.0,24.86289669739703,67.28915975649268
15969.83090551181,40.59856400000001,0.0727540925145149,0.0701788514852523,-0.1122378706932067,2025.0,24.80576384532703,67.14336318588008
15180.192125984251,34.704188509999994,0.0704047083854675,0.0534341521561145,-0.0975151434540748,2025.0,25.01570012722576,66.89138574868456
14389.91062992126,37.737681260000045,-0.0038099936209619,0.0916844382882118,-0.1170088574290275,2025.0,24.81789110166264,67.06035885362743
16320.077952755908,43.03219424000002,0.0721388459205627,0.1170961558818817,-0.1789109259843826,2025.0,25.107597780791185,67.15360398011904
14839.60059055118,38.40419516000003,0.0459587015211582,0.0398837514221668,-0.0789152532815933,2025.0,24.91356167942137,66.97465957552244
15168.835826771652,39.20059382,0.0477099232375621,0.1192071586847305,-0.1694527715444564,2025.0,24.9777013907075,67.40073051478032
16523.89881889764,41.711129510000006,0.056616898626089,0.0698413476347923,-0.1275066584348678,2025.0,25.04372756409029,67.32096011755051
14530.374704724409,40.32854042,0.0483406297862529,0.1103221774101257,-0.1554961204528808,2025.0,25.063400668812506,67.12934946744781
14905.33188976378,42.33491816,0.0772247910499572,0.0708757415413856,-0.1253562569618225,2025.0,24.85642882735137,67.40477293355886
15503.097145669291,42.88351037000004,0.0797100290656089,0.0952127948403358,-0.151050180196762,2025.0,25.04426655326076,67.00538195823933
13709.518897637796,38.81777557999999,0.0104523058980703,0.0860487073659896,-0.108598805963993,2025.0,24.820316552929764,66.97465957552244
14138.320078740157,38.68959983000002,0.0311234593391418,0.0417373143136501,-0.0738530457019805,2025.0,25.011927203032457,67.07679802332682
14101.059251968503,38.68789082000001,0.1056253015995025,0.1264015585184097,-0.1799379885196685,2025.0,25.14371005521279,66.85958538762672
15911.707874015749,39.61075621999999,0.0602729432284832,0.1303135454654693,-0.18580162525177,2025.0,25.14990843067321,67.18836878161447
13183.190649606298,40.302905270000025,0.0246035810559988,0.0670954659581184,-0.0930004864931106,2025.0,24.813848682884103,67.31179730165249
13428.117322834649,39.54923186000002,-0.0960430949926376,0.2410162687301635,-0.2434779852628708,2025.0,24.885264747971604,67.21531824013805
15607.49625984252,40.10978713999998,0.0599342361092567,0.0997800529003143,-0.1535733938217163,2025.0,24.97258099358802,67.44897004553754
15948.158661417325,41.10784898000003,0.0427383929491043,0.0634758695960044,-0.1075476557016372,2025.0,24.91086673356901,67.10698141687324
14058.851082677164,36.74303744000002,0.0026319331955164,0.1452597081661224,-0.1728390902280807,2025.0,25.017047600151937,66.96037636250493
10345.731496062992,32.05522301000002,-0.0650218799710273,0.0775909945368766,-0.0705605819821357,2025.0,24.801451931963253,67.17273809567078
14672.58877952756,40.42937201000004,0.0461684465408325,0.1250876486301422,-0.1683253347873687,2025.0,24.953985867206747,67.26786968425904
13856.15029527559,40.294360220000016,-0.0296043381094932,0.227790430188179,-0.2444700449705124,2025.0,25.1340082501443,67.03960777056427
14939.941141732284,40.40031884000004,0.0388780087232589,0.129957228899002,-0.1774843484163284,2025.0,25.0054593329868,67.25412546041201
16239.66850393701,40.86175154000006,0.0707797184586525,0.0911391079425811,-0.1475373655557632,2025.0,25.062053195886325,67.00241751780173
15127.278248031496,38.863918850000005,0.0424405708909034,0.04058089107275,-0.0752649307250976,2025.0,24.852655903158063,67.08515235546913
15535.144881889762,41.74701872000003,0.0557966046035289,0.0757321417331695,-0.1175189763307571,2025.0,25.024593448538543,67.05469946733749
14600.308267716537,39.48428948000003,0.0323423892259597,0.0602055788040161,-0.0977634936571121,2025.0,25.024323953953303,67.06628773450262
8651.871259842519,28.356925370000027,-0.0272434744983911,-0.0378768108785152,0.0544707141816616,2025.0,24.7672261196383,67.35815037031306
14147.97066929134,38.10682742000006,0.0252005811780691,0.1299913823604583,-0.1617313623428344,2025.0,24.98363027158269,67.10778990062894
14056.604527559057,34.514488400000005,-0.0346963852643966,0.2218081504106521,-0.2346549183130264,2025.0,25.085499224801847,66.95660343831163
15920.924901574805,41.77948991000002,0.0661517232656478,0.0929348170757293,-0.1506647765636444,2025.0,25.003842365475386,67.27972744600942
14535.045964566929,41.85468635000001,0.0974440574645996,0.0876002311706543,-0.1397250443696975,2025.0,25.149369441502746,67.07033015328116
9896.065649606298,27.96898010000001,-0.1191338375210762,0.1145126223564148,-0.1007485464215278,2025.0,24.82112503668547,66.95121354660691
15709.599606299213,40.18498358,0.0174709651619195,0.1490482091903686,-0.1885773241519928,2025.0,25.07364146305147,67.0029565069722
16617.997244094488,41.326602260000016,0.0767551660537719,0.1137433797121048,-0.1781162023544311,2025.0,25.087655181483733,67.27083412469663
16970.8781496063,40.65325231999998,0.0670133009552955,0.1094425618648529,-0.1713501363992691,2025.0,25.136433701411423,67.18055343864263
14881.243799212598,43.64231081,0.1095766127109527,0.0650851801037788,-0.1108093038201332,2025.0,25.13185229346241,66.96846120006201
14953.352559055118,41.723092580000014,0.0537800751626491,0.1172714978456497,-0.1607922166585922,2025.0,25.138320163508077,66.93531336607799
17176.41161417323,41.46332305999999,0.0783555880188942,0.0869091302156448,-0.1460456699132919,2025.0,25.097895975722697,67.16977365523319
15293.320570866144,36.95324567,0.0443037003278732,0.1495926976203918,-0.1881603598594665,2025.0,25.036990199459392,66.9180657126229
15171.602559055118,40.989927290000026,0.035564836114645,0.103279523551464,-0.1404727101325988,2025.0,24.86693911617557,67.14228520753913
14091.974606299213,40.164475460000006,-0.0112795857712626,0.1650491803884506,-0.1968486756086349,2025.0,24.99171510913977,66.90405199419064
8417.876181102361,28.04588555000001,-0.0214747246354818,-0.0223847795277833,0.0445940792560577,2025.0,24.78016185972962,67.29374116444168
13822.441633858269,39.73551395000001,0.0064151305705308,0.1057840585708618,-0.1404738128185272,2025.0,24.859393267788963,67.27918845683895
15305.051377952756,42.143509040000026,0.0650119110941886,0.1007183715701103,-0.1563423871994018,2025.0,24.984169260753163,67.16330578518753
13525.534645669291,38.77334131999999,0.0234927181154489,0.0681735053658485,-0.0929426625370979,2025.0,24.86074074071514,67.02155163335347
15985.530708661416,41.870067440000014,0.0641964673995971,0.1311505138874054,-0.1892354488372802,2025.0,25.029713845658023,67.25008304163347
14553.277755905512,40.80022717999998,0.0440068058669567,0.0926993265748024,-0.136541485786438,2025.0,24.80711131825321,67.40935434150786
14074.1906496063,38.54262497000002,0.0448235720396041,0.1192986518144607,-0.1593050956726074,2025.0,25.04884796120977,67.18729080327353
12540.232972440945,37.74964433,-0.0175459645688533,0.05839404463768,-0.0755670443177223,2025.0,24.83998965765198,66.97412058635196
13574.24724409449,37.93934444000001,0.0334889777004718,0.0424449369311332,-0.0738070458173751,2025.0,24.89820048806293,67.02424657920584
14241.38405511811,40.52336756,0.0250889621675014,0.0818260088562965,-0.110193021595478,2025.0,24.910597238983776,67.11695271652697
16731.68818897638,40.75921094,0.072690762579441,0.0870356261730194,-0.1447127014398574,2025.0,24.93916366501877,67.35491643529022
14456.018897637794,39.53555978000003,0.0655682235956192,0.1131650581955909,-0.1568512320518493,2025.0,25.07471944139241,67.22421156145083
16516.51791338583,40.12004120000006,0.0800649151206016,0.1011884957551956,-0.1601389497518539,2025.0,25.035912221118448,66.90728592921347
14019.774311023622,40.14396734000002,-0.0062348758801817,0.1548833549022674,-0.1876523792743683,2025.0,24.9663826181276,67.16519224728418
16255.956397637798,41.403507710000014,0.0840367451310157,0.1125864386558532,-0.1727950721979141,2025.0,25.14856095774704,67.23391336651933
16617.101082677167,40.88396867,0.0606994144618511,0.1163933873176574,-0.1745788604021072,2025.0,25.080378827682363,67.14417166963578
16407.128149606302,40.66692440000003,0.0605482868850231,0.0912801697850227,-0.1442440003156662,2025.0,24.98120482031557,67.17705000903456
15104.256102362204,38.58876824000001,0.0724168643355369,0.0812725722789764,-0.1367687135934829,2025.0,25.018664567663357,67.2773019947423
13364.60748031496,40.06022585000002,0.037988469004631,0.0684521123766899,-0.0850489512085914,2025.0,24.827053917560654,66.98247491849428
14466.704921259843,40.44304409000006,0.0834636315703392,0.077402651309967,-0.1221769750118255,2025.0,24.96287918851953,66.90566896170205
13540.986417322836,39.32706056000001,0.0296250265091657,0.0397646725177764,-0.0677293762564659,2025.0,24.81034525327604,67.03556535178573
15740.708366141733,41.38470860000001,0.0626469701528549,0.1124915480613708,-0.1744532287120819,2025.0,24.96341817769,67.29347166985644
15567.617322834643,39.22451996000004,0.0311890803277492,0.0742992609739303,-0.116541102528572,2025.0,25.043458069505053,66.87009567645092
16536.320078740162,42.950161760000015,0.0794340670108795,0.0954759195446968,-0.1548385173082351,2025.0,25.101129910745527,67.13177491871494
17112.582381889766,41.21551661000001,0.0893771648406982,0.0804458335041999,-0.1467618346214294,2025.0,25.147213484820856,67.38294387215475
16189.455413385826,41.00701739000005,0.0830534324049949,0.0913031548261642,-0.151406705379486,2025.0,24.90655482020524,67.35868935948353
10541.418503937008,33.75226994000002,-0.0447092019021511,0.0803728252649307,-0.0722137838602066,2025.0,24.80360788864514,67.17004314981843
15946.07992125984,40.80706322000003,0.0506531745195388,0.0910591334104538,-0.1399633884429931,2025.0,24.96341817769,67.24334567700258
16199.637007874016,40.557547760000034,0.072366751730442,0.0856752842664718,-0.1397192627191543,2025.0,25.05854976627826,67.14174621836867
8573.82155511811,26.73336587000003,-0.0183746069669723,-0.0135277342051267,0.0292586833238601,2025.0,24.83783370097009,66.95094405202168
14710.431299212598,40.14567635,0.0513318590819835,0.1037242636084556,-0.1523051410913467,2025.0,25.00653731132774,66.97412058635196
15098.63061023622,41.205262550000015,0.0763174369931221,0.1024598479270935,-0.1517828702926635,2025.0,25.055585325840667,67.18648231951782
16401.88011811024,42.310992020000015,0.091280423104763,0.0874074101448059,-0.1495141834020614,2025.0,25.1234979613201,67.29131571317457
17012.12322834646,37.63514066000002,0.0682098716497421,0.0592548735439777,-0.1135436445474624,2025.0,25.06420915256821,67.40396444980315
15040.506102362204,37.77527948,0.04625840857625,0.0951053351163864,-0.1442513912916183,2025.0,24.922993989904622,67.44897004553754
16320.806299212603,41.86835843000006,0.065321460366249,0.0742067471146583,-0.1271605193614959,2025.0,24.980126841974627,67.14390217505056
15683.654724409447,40.75921094,0.0108746346086263,0.1297043859958648,-0.1798630654811859,2025.0,25.005998322157268,67.3201516337948
14995.638484251966,40.116623180000005,0.0646156892180442,0.1227516084909439,-0.1803453713655471,2025.0,24.96018424266717,67.3487180598298
13588.666535433073,40.80022717999998,0.0444849915802478,0.0895155668258667,-0.1355452984571457,2025.0,24.813848682884103,67.39210668805278
21559.30334645669,38.14100762000001,0.0163847114890813,0.0230986438691616,-0.055054560303688,2025.0,24.827862401316366,67.42902744623008
16220.493307086614,40.24992596000004,0.0604633167386055,0.0952679216861724,-0.152605652809143,2025.0,25.03025283482849,67.12180361906121
14356.363385826771,42.53487232999999,0.0850149616599083,0.1079188659787178,-0.1591455936431884,2025.0,24.93619922458118,66.89084675951408
13870.792519685036,39.25870015999999,0.0277822390198707,0.0414739735424518,-0.0733977556228637,2025.0,24.83271330385061,67.02155163335347
15892.782677165356,43.26803762000003,0.0604845844209194,0.1034852191805839,-0.1653082370758056,2025.0,25.123228466734865,67.09242870927051
15700.75905511811,42.929653640000026,0.0773836448788642,0.1066959202289581,-0.1645207405090332,2025.0,25.121342004638212,67.29023773483362
16523.596653543307,41.323184240000046,0.0942614376544952,0.081143632531166,-0.1432463526725769,2025.0,24.97069453149137,66.86551426850191
15879.56909448819,37.65223076000001,0.0307832658290863,0.0523918010294437,-0.092946819961071,2025.0,24.96368767227524,67.03745181388238
13572.92687007874,35.43222677000003,0.0895668715238571,0.1065205708146095,-0.1495974063873291,2025.0,25.14047612018996,66.87090416020662
14794.809744094488,40.12345922000003,0.0215142033994197,0.1421359032392501,-0.1845748871564865,2025.0,24.97338947734373,67.29859206697593
14637.608956692917,41.11639403000004,0.036865372210741,0.092167392373085,-0.134304329752922,2025.0,25.04803947745406,67.00996336618833
16177.869783464568,41.555609600000025,0.0834337025880813,0.0719679072499275,-0.1396106779575348,2025.0,25.020281535174767,67.43145289749721
15192.550393700789,41.65815020000002,0.0293705835938453,0.1448943465948104,-0.1864391714334488,2025.0,25.00141691420826,67.3907592151266
15827.932283464565,40.20890972000001,0.0436904095113277,0.0679719373583793,-0.1125349923968315,2025.0,25.028905361902314,67.15225650719286
15655.514468503938,38.778468350000026,0.0384117364883422,0.1149424090981483,-0.1593098044395446,2025.0,24.91113622815425,67.29347166985644
16553.61289370079,39.67057157000002,0.0938876345753669,0.1024099960923194,-0.1546064615249633,2025.0,25.141284603945667,67.28269188644701
13826.80433070866,39.629555330000045,-0.021394595503807,0.1500466614961624,-0.1658260524272918,2025.0,24.935929729995944,67.2058859296548
13470.664566929134,42.686974220000025,0.0254132580012083,0.0822641029953956,-0.1194377839565277,2025.0,24.91463965776231,66.93531336607799
15450.59566929134,42.43062272000003,0.0198465473949909,0.1821663677692413,-0.2246187776327133,2025.0,24.86990355661316,67.12638502701022
15195.257086614172,40.51311350000003,0.0566294305026531,0.0985340476036071,-0.1516864746809005,2025.0,25.03052232941373,67.3983050635132
11593.309251968503,32.89776494,-0.1799535900354385,0.2752720415592193,-0.255315750837326,2025.0,24.7815093326558,67.27379856513423
8589.716732283463,28.29711001999999,-0.0282493121922016,-0.0341820940375328,0.0753689780831337,2025.0,24.740815650285185,67.30559892619206
16000.578937007876,40.19181962000005,0.0425920225679874,0.0859592333436012,-0.1350136250257492,2025.0,24.950212943013447,67.16303629060229
16340.66850393701,40.46184320000003,0.0855862274765968,0.0985541567206382,-0.1686724722385406,2025.0,25.111370704984488,67.2638272654805
14077.99035433071,38.60927636000002,0.0073670819401741,0.1686178296804428,-0.1987745612859726,2025.0,25.06690409842057,67.41285777111594
8837.263976377953,27.55539968000005,-0.0270508993417024,-0.024210337549448,0.0663777291774749,2025.0,24.82651492839019,66.93046246354375
15183.280708661416,40.619072120000055,0.0707538872957229,0.0772997811436653,-0.1382954567670822,2025.0,24.94994344842821,67.44870055095231
14268.113385826771,40.53020359999999,0.0506434738636016,0.0838173627853393,-0.1135579869151115,2025.0,24.795523051088065,67.12961896203305
9438.558267716531,29.6096297,-0.0788503885269165,0.0386248975992202,-0.0208371095359325,2025.0,24.78312630016721,67.29293268068598
14133.170472440945,40.557547760000034,0.0185499377548694,0.1759842783212661,-0.2102102041244506,2025.0,24.98632521743505,67.34602311397744
14699.974606299214,41.52826544000004,0.0474197268486022,0.1268853694200515,-0.1669927835464477,2025.0,24.948865470087267,67.4365732946167
15647.662598425197,45.02489990000001,0.0870769098401069,0.1232814490795135,-0.1906846165657043,2025.0,25.073371968466237,67.13473935915253
15615.112893700783,37.20617915,0.0471018850803375,0.0874687656760215,-0.1294179558753967,2025.0,25.031061318584204,66.89974008082686
17535.6562007874,43.94138756000001,0.0975567772984504,0.0824183151125907,-0.1454017907381057,2025.0,25.111370704984488,67.10563394394705
13765.296456692911,39.78849326,0.0127232475206255,0.1104860305786132,-0.1402110755443573,2025.0,24.83783370097009,67.2638272654805
14850.949015748032,38.13075356000002,0.0294071976095438,0.0534039698541164,-0.087535560131073,2025.0,24.86154922447085,67.06440127240597
15107.941141732284,41.69574842000003,0.1104408204555511,0.085295096039772,-0.1343725323677063,2025.0,25.125653918001987,67.44438863758853
13665.547933070866,43.15524296000001,0.0322652831673622,0.0689237713813781,-0.0985992476344108,2025.0,24.795523051088065,67.33308737388612
8481.799901574803,28.235585660000027,-0.0281094200909137,-0.0335418097674846,0.0513477958738803,2025.0,24.758332798325515,67.34171120061367
14500.505118110235,46.38185384000002,0.0619350522756576,0.0707268491387367,-0.1169584766030311,2025.0,25.026479910635192,67.03394838427432
14415.683267716537,39.754313060000015,-0.0026537310332059,0.1751822382211685,-0.209570899605751,2025.0,24.9663826181276,67.39264567722324
15035.50561023622,41.37616355,0.0843667164444923,0.0970789343118667,-0.1492728143930435,2025.0,24.923263484489866,66.85150055006964
16658.5562992126,42.30073795999999,0.0770666524767875,0.073407657444477,-0.1294706463813781,2025.0,24.908710776887123,67.16034134474994
13691.669488188976,41.7436007,0.0058229486458003,0.156293123960495,-0.1840969771146774,2025.0,24.867747599931278,67.29993953990211
13812.362401574805,40.37297468000003,0.0520017407834529,0.113345131278038,-0.160762533545494,2025.0,24.832443809265374,67.24900506329253
15632.03464566929,41.45819603000004,0.0683144330978393,0.0708883181214332,-0.1289028078317642,2025.0,24.903320885182406,67.32877546052235
14935.546456692911,38.56484210000002,-0.00031673969351686537,0.1588578224182129,-0.1984539330005645,2025.0,24.88041384543736,67.3621927890916
14522.29251968504,42.46822094000004,0.077571764588356,0.099754124879837,-0.1422796845436096,2025.0,25.030791823998968,67.03691282471192
14309.420472440946,39.32706056000001,0.0067430883646011,0.0843170881271362,-0.1133309379220008,2025.0,24.848613484379527,66.99406318565941
15238.315649606298,40.88396867,0.0738809779286384,0.1078177168965339,-0.1666039675474167,2025.0,24.981474314900805,67.41878665199113
14396.63405511811,40.80706322000003,0.0800322070717811,0.0493955574929714,-0.0847536921501159,2025.0,24.825436950049244,67.25035253621871
14650.086811023622,40.02775466000003,0.0461713150143623,0.0464712679386138,-0.0857614576816558,2025.0,24.96099272642288,66.95633394372639
14322.367322834643,37.412969360000034,0.0187810715287923,0.077173575758934,-0.1164182871580123,2025.0,25.015161138055287,67.02262961169441
16073.187204724409,41.66498624000002,0.0858822911977768,0.1120152920484542,-0.1768185943365097,2025.0,25.068521065931986,67.25035253621871
14110.106496062992,39.58683008000003,0.0292671807110309,0.0696039646863937,-0.1058861091732978,2025.0,24.85454236525472,67.18136192239834
15681.395866141733,41.61371594000002,0.0622948370873928,0.0994538962841034,-0.1494791954755783,2025.0,25.121342004638212,67.01238881745546
15984.21968503937,40.01408258000004,0.067897617816925,0.0734594389796257,-0.1270866394042968,2025.0,25.04965644496548,67.0953931497081
12581.288582677164,37.21814222,-0.023530876263976,0.1833239495754242,-0.2040128856897354,2025.0,24.883917275045427,67.34144170602843
13101.18031496063,42.48531104000003,0.0468364953994751,0.0848086550831794,-0.1237124726176261,2025.0,24.823550487952595,67.28161390810607
15893.207874015749,38.22645812000002,0.0182970836758613,0.0936518236994743,-0.1300597935914993,2025.0,25.025671426879487,67.13042744578875
15719.934251968503,41.408634740000025,0.0859337225556373,0.0882362052798271,-0.1401419639587402,2025.0,25.07606691431859,67.41743917906494
14529.00807086614,38.83144766000004,0.0289813037961721,0.0439512990415096,-0.0770145431160926,2025.0,24.876101932073585,67.16815668772178
15578.9780511811,38.40761318000003,0.0491080544888973,0.0594932436943054,-0.106685847043991,2025.0,25.013813665129103,67.16734820396607
13610.71033464567,38.12904455000003,0.0225702431052923,0.0534732602536678,-0.088316261768341,2025.0,24.782317816411503,67.3659657132849
13783.529724409447,38.619530420000046,0.0249865744262933,0.069845974445343,-0.0956699699163436,2025.0,24.87448496456217,67.06979116411068
14300.564173228346,39.62784632,0.0269219744950532,0.0594254247844219,-0.096267782151699,2025.0,24.95614182388864,66.98382239142045
14473.76742125984,42.828822050000014,0.0775343924760818,0.0737670809030532,-0.1199691668152809,2025.0,24.90116492850052,66.9668442325506
16749.878149606302,42.14692706000005,0.070706158876419,0.0752863734960556,-0.1392828822135925,2025.0,25.055585325840667,67.14983105592574
15662.544488188976,41.22747967999999,0.0641911700367927,0.1219165623188018,-0.1708181202411651,2025.0,25.0520818962326,67.17920596571645
15321.606003937006,42.00678824000002,0.0909156948328018,0.1086649745702743,-0.1670435070991516,2025.0,24.96746059646854,66.8706346656214
14944.83779527559,40.30461428000001,0.093618594110012,0.0952603816986084,-0.1418086439371109,2025.0,24.96826908022425,67.19968755419437
13473.9312992126,41.62226099,0.0296174008399248,0.0638237372040748,-0.0913927033543586,2025.0,24.925419441171748,67.03125343842196
11177.576968503938,37.43689549999999,-0.076033279299736,0.1257936358451843,-0.1154330298304557,2025.0,24.779892365144384,67.33039242803376
13921.301377952756,39.54239582000002,0.0886055678129196,0.1081836074590683,-0.1550236195325851,2025.0,24.95371637262151,66.8954281674631
14117.12125984252,39.88077980000003,0.0230717789381742,0.0715234652161598,-0.1070413663983345,2025.0,24.903590379767643,67.20561643506956
14069.79498031496,41.55219158000003,0.0392674654722213,0.0735712796449661,-0.1111448183655738,2025.0,24.98659471202029,66.97600704844861
13303.331889763778,38.58535022000001,0.0235894862562418,0.1458392143249511,-0.1782451122999191,2025.0,24.83675572262915,67.28592582146985
11914.257086614172,28.42699478000003,-0.2234324663877487,0.3121009469032287,-0.2930638790130615,2025.0,24.843493087260047,66.91375379925913
15884.552362204724,42.47163896000001,0.0541136376559734,0.0889051705598831,-0.1445874273777008,2025.0,24.942397600041605,67.1781279873755
15867.606988188978,41.73847367000002,0.0543298348784446,0.0854812115430831,-0.1336477547883987,2025.0,25.04911745579501,67.17543304152315
13960.215748031496,39.35782274000002,0.0277553983032703,0.0493601895868778,-0.0835480093955993,2025.0,24.989289657872646,67.05146553231465
14549.075984251967,40.68401449999999,0.0375550501048564,0.1466882228851318,-0.2126353085041046,2025.0,24.93296528955835,67.2764935109866
12308.21377952756,39.63126434000003,-0.0247963536530733,0.1381793320178985,-0.1607018560171127,2025.0,24.81762160707741,67.4381902621281
12376.412598425197,40.07389793000005,-0.0019107168773189,0.0679830908775329,-0.0921648070216178,2025.0,24.93377377331406,67.07248610996305
15317.697047244092,43.54489724000001,0.0817810967564582,0.0791662782430648,-0.138920858502388,2025.0,25.131313304291943,67.10132203058329
16329.46131889764,40.441335080000016,0.1084945425391197,0.0941188260912895,-0.1444464325904846,2025.0,25.135086228485243,67.41124080360451
14487.675393700789,41.74360070000003,0.0368062555789947,0.038569338619709,-0.0764607116580009,2025.0,24.995218538747835,67.08811679590673
14458.11092519685,40.14909437,0.0406687557697296,0.0524674914777278,-0.0906258672475814,2025.0,24.956411318473872,66.95633394372639
13223.223622047242,38.15809772,-0.0318334549665451,0.1427767276763916,-0.1573638170957565,2025.0,24.83810319555533,67.03125343842196
12281.610433070866,29.81812892000005,-0.2373739182949066,0.3394578099250793,-0.3173809647560119,2025.0,24.832982798435847,66.93423538773705
12401.944586614172,39.92350505000002,0.0244746729731559,0.0423976927995681,-0.0662843510508537,2025.0,24.82732341214589,67.03556535178573
14445.111417322834,39.016020740000044,0.028688782826066,0.0689890682697296,-0.1072551235556602,2025.0,25.011927203032457,67.14902257217003
10641.013484251967,32.13725549000003,-0.127183586359024,0.2017004936933517,-0.1880834847688675,2025.0,24.79983496445184,67.27164260845235
16266.677362204726,42.10932883999999,0.0697355419397354,0.109334722161293,-0.1676727086305618,2025.0,25.0911586110918,67.130696940374
13686.853543307088,40.017500600000005,-0.0519839338958263,0.1992004960775375,-0.2097975015640258,2025.0,24.946979007990617,67.21855217516088
16061.02529527559,42.32295509000002,0.0581786558032035,0.1065105199813842,-0.1556795537471771,2025.0,25.076605903489064,67.14066824002772
14887.44311023622,38.75796023000004,-0.0041024154052138,0.1605765968561172,-0.2018824219703674,2025.0,24.92784489243887,67.03098394383673
15489.466732283465,41.31976622000002,0.1098538860678672,0.0986305773258209,-0.1461008340120315,2025.0,25.116760596689204,67.41582221155353
14063.15029527559,38.03846701999999,0.0227438677102327,0.1437288522720337,-0.1776044368743896,2025.0,24.965843628957124,67.37054712123391
15395.166535433073,41.13861115999998,0.0705164298415184,0.1299459934234619,-0.184952974319458,2025.0,25.142901571457084,67.22070813184277
14054.647834645668,39.4364372,0.0359540171921253,0.042920883744955,-0.0806170180439949,2025.0,24.84672702228288,67.08596083922484
13619.471653543307,40.31486834000003,0.0605980344116687,0.0871115997433662,-0.1277455538511276,2025.0,24.82220301502641,67.28619531605509
15166.794488188974,39.64835444000005,0.0587981902062892,0.1139634847640991,-0.1628767848014831,2025.0,25.00734579508345,66.88437888946842
15416.320078740157,40.690850540000014,0.0252750422805547,0.0939028561115264,-0.1374856084585189,2025.0,24.906015831034765,67.21558773472329
14402.23937007874,39.27579026000001,0.0092252474278211,0.1746125221252441,-0.213976502418518,2025.0,24.9663826181276,67.26840867342952
16877.063188976383,43.023649190000015,0.070298433303833,0.0902785435318946,-0.1468748748302459,2025.0,25.001686408793496,67.20831138092193
16055.81417322835,40.916439860000025,0.0961447060108184,0.0831182226538658,-0.1404361426830291,2025.0,24.99414056040689,66.86093286055291
11609.948031496064,36.35851019,-0.0301379058510065,0.0750545412302017,-0.0934259817004203,2025.0,24.7852822568491,67.44870055095231
14807.398326771654,42.83565809000001,0.0443631038069725,0.1066774651408195,-0.1543484032154083,2025.0,24.99737449542972,67.14093773461296
12966.187696850391,39.41422007,0.0404063165187835,0.0811038538813591,-0.1029404178261756,2025.0,24.780700848900093,67.38186589381381
15611.108464566929,40.01066456000001,0.0716814622282981,0.1108986586332321,-0.1619589328765869,2025.0,25.11271817791067,67.26490524382145
17250.847145669293,42.4272047,0.0898029133677482,0.0792402401566505,-0.1392922550439834,2025.0,24.935929729995944,67.14228520753913
14243.0218503937,38.61269437999999,0.0754045769572258,0.1095123365521431,-0.159762442111969,2025.0,24.872867997050754,67.4373817783724
15321.07057086614,40.98821828000001,0.0622515678405761,0.0777814611792564,-0.1280917525291443,2025.0,25.03914615614128,67.18270939532451
14608.465748031496,41.78461693999998,0.0231690015643835,0.1468484848737716,-0.1935790330171585,2025.0,24.89820048806293,67.13015795120351
16918.735433070866,41.295840080000005,0.0725675970315933,0.0652471408247947,-0.1248348951339721,2025.0,25.11325716708114,67.36165379992113
14268.323031496062,39.11856134000004,0.0172336008399724,0.1130721271038055,-0.1477796584367752,2025.0,24.91949056029656,67.24765759036636
16738.783661417325,40.79339114000004,0.0541343241930007,0.1008610054850578,-0.1541649997234344,2025.0,25.00653731132774,67.19941805960913
14560.031692913384,41.25482384000003,0.060388833284378,0.1384453624486923,-0.193035677075386,2025.0,24.931348322046937,66.85689044177437
11806.021850393698,31.923629240000025,-0.2050406038761139,0.2925101220607757,-0.2692025005817413,2025.0,24.743241101552307,67.43630380003145
14300.163582677164,39.53555978000003,0.0403433926403522,0.0482832938432693,-0.0907293260097503,2025.0,24.979587852804155,66.98867329395469
14251.63307086614,40.77630104000002,0.0384322442114353,0.0396184101700782,-0.0743878334760665,2025.0,24.846996516868117,67.11075434106654
15387.4155511811,41.70942050000002,0.0311913583427667,0.159418523311615,-0.2085991352796554,2025.0,25.09358406235892,67.08973376341814
14947.644881889762,38.74087013000002,0.0115701677277684,0.0794549658894538,-0.112671323120594,2025.0,24.932156805802645,67.04661462978041
13949.532677165353,39.02969282000004,-0.0302519537508487,0.1482611745595932,-0.1618722379207611,2025.0,24.83001835799825,67.03852979222333
14242.535629921262,40.28068814000005,0.0335630886256694,0.0547599606215953,-0.0966670960187912,2025.0,24.85373388149901,67.22744549647366
13560.823031496064,39.09463520000003,0.0002846218703780323,0.1596013009548187,-0.1828074157238006,2025.0,24.956680813059105,67.1285409836921
11674.137992125983,33.71808973999998,-0.0337820872664451,0.1165514439344406,-0.1276415884494781,2025.0,24.84511005477146,66.90809441296918
15999.705905511812,39.22110194000004,0.0556005388498306,0.0873886495828628,-0.1305523812770843,2025.0,25.0054593329868,67.0458061460247
11417.39438976378,29.33789711,-0.1727780848741531,0.2522581219673157,-0.2285019010305404,2025.0,24.746475036575134,67.33200939554519
13356.15127952756,42.06660359000003,0.0428376123309135,0.0843555256724357,-0.1331792920827865,2025.0,24.81923857458882,67.416361200724
13920.179822834643,37.58216135000001,0.0090857194736599,0.1170171797275543,-0.150929182767868,2025.0,25.00734579508345,67.03313990051862
14949.640944881889,41.18988146000004,0.0422813892364501,0.0523108802735805,-0.089313805103302,2025.0,24.983360776997458,67.22367257228036
16229.07942913386,41.28045899,0.0709758996963501,0.0740060359239578,-0.1338714808225631,2025.0,25.05396835832925,67.3487180598298
14828.665551181102,42.83736710000005,0.0692869499325752,0.1046808511018753,-0.1543098092079162,2025.0,24.91329218483613,66.8970451349745
15203.762992125983,40.49944142000004,0.0205892156809568,0.1123303100466728,-0.1532934457063675,2025.0,24.883378285874954,67.11183231940748
15259.32746062992,39.18692174,0.0194936394691467,0.1063873022794723,-0.1554789841175079,2025.0,25.008962762594862,67.10186101975376
13395.575,39.019438760000014,-0.0270901750773191,0.1538526564836502,-0.1696978360414505,2025.0,24.87825788875547,67.09350668761145
14632.624212598424,39.57657602000003,0.0221013594418764,0.0760364383459091,-0.1103569716215133,2025.0,24.990367636213588,67.11641372735649
15671.530708661416,40.18498358,0.0589454844594001,0.1078892946243286,-0.1681549847126007,2025.0,25.020551029760004,67.39722708517226
15637.753149606298,43.11764474,0.0744755491614341,0.0881827175617218,-0.1456979662179947,2025.0,24.93889417043354,67.26032383587244
13400.933267716537,40.57463786000005,0.0207242779433727,0.048386488109827,-0.0777698382735252,2025.0,24.91329218483613,67.09081174175908
15965.59025590551,41.08734086000004,0.0815220698714256,0.0844031870365142,-0.1448562890291214,2025.0,25.136972690581896,67.10240000892423
15527.117322834643,39.97648436000003,0.0174695868045091,0.1694207042455673,-0.1920514106750488,2025.0,25.106250307865007,67.38375235591046
15201.971653543307,40.41228191000002,0.0533097758889198,0.0611836090683937,-0.1055028885602951,2025.0,24.948326480916798,66.96361029752777
15266.948031496064,41.57953573999998,0.0697087347507476,0.108799897134304,-0.1604121476411819,2025.0,24.971233520661844,66.8676702251838
14456.331397637794,39.78507524,0.0404329039156436,0.0473515875637531,-0.0838568359613418,2025.0,24.94293658921208,66.97385109176672
13971.752657480312,39.53555978000003,0.0611064657568931,0.1081088334321975,-0.151320993900299,2025.0,25.01489164347005,67.44061571339523
14485.925393700789,40.38322874000005,0.0395662821829319,0.0874036774039268,-0.1261324882507324,2025.0,24.98120482031557,67.2104673376038
13916.473622047244,38.77334131999999,0.0335460938513278,0.0811479613184928,-0.1225465685129165,2025.0,24.801182437378017,67.4133967602864
15396.94212598425,40.10466011,0.0655272826552391,0.1179419383406639,-0.1693167686462402,2025.0,24.993062582065946,66.85096156089918
14970.171948818896,40.74553886000001,-0.0137732895091176,0.1944511234760284,-0.2209236621856689,2025.0,25.09439254611463,67.27811047849801
14175.761023622048,39.016020740000044,-0.0969147756695747,0.2781149446964264,-0.2709135115146637,2025.0,24.8596627623742,67.18270939532451
13025.859448818896,35.88511442000001,-0.0507206432521343,0.2162190228700637,-0.230420634150505,2025.0,25.072563484710525,66.97924098347144
14476.921456692911,39.96623030000001,0.0627999454736709,0.1166980639100074,-0.1635287851095199,2025.0,25.127270885513404,67.31395325833438
15358.37125984252,42.008497250000005,0.065421737730503,0.0639173313975334,-0.1175499334931373,2025.0,25.02216799727142,67.05092654314419
8556.36092519685,27.198216590000012,-0.0196544844657182,-0.0712330117821693,0.1022123917937278,2025.0,24.77261601134302,67.24011174197975
14571.07598425197,39.15957758000002,0.0315930545330047,0.0556352324783802,-0.0888168439269065,2025.0,24.838372690140567,67.18809928702923
14227.730511811023,39.94914019999999,0.035312034189701,0.0734376981854438,-0.1129701137542724,2025.0,24.87825788875547,67.20399946755815
13965.963287401575,40.017500600000034,0.02990004979074,0.0428889095783233,-0.0714670568704605,2025.0,24.79714001859948,67.04607564060993
15813.031692913384,42.28706588,0.0582025423645973,0.0815273448824882,-0.139450117945671,2025.0,24.871520524124577,67.29697509946452
13584.935236220472,41.54877356,0.0656726285815239,0.0884841531515121,-0.1252669990062713,2025.0,25.04696149911312,67.03664333012668
16706.322047244095,42.449421830000034,0.0728967115283012,0.097500555217266,-0.1611109972000122,2025.0,25.05315987457354,67.27029513552617
13171.168996062992,36.946409630000005,-0.0596864558756351,0.2102142572402954,-0.221998706459999,2025.0,24.984708249923635,67.20453845672861
14226.349114173228,38.159806730000014,0.0510915629565715,0.1079786121845245,-0.1459705084562301,2025.0,24.80414687781561,67.44223268090664
13001.93868110236,40.92156689000001,-0.0116514004766941,0.1347752660512924,-0.157836303114891,2025.0,24.83810319555533,67.3344348468123
14333.125196850391,40.99505432000001,0.0716149285435676,0.096174843609333,-0.1467244774103164,2025.0,25.032947780680853,67.36192329450635
14008.806299212598,36.57213644000001,-0.0054279519245028,0.1351496577262878,-0.1615459769964218,2025.0,25.02405445936807,66.98085795098285
16548.512992125987,43.054411370000025,0.0818371102213859,0.0720188245177269,-0.1311203837394714,2025.0,25.077683881830005,67.07598953957111
15714.13307086614,42.10932883999999,0.0624062083661556,0.0698918476700782,-0.12163957208395,2025.0,25.029444351072787,67.08730831215102
14391.045472440945,39.98844743000004,0.0372444577515125,0.0498286858201026,-0.0829075649380683,2025.0,24.833791282191555,67.14659712090291
13995.165059055118,35.676615200000015,-0.0142788281664252,0.1763222366571426,-0.1927938610315323,2025.0,25.105172329524063,66.98813430478423
17133.249212598428,41.870067440000014,0.0741205513477325,0.0908134132623672,-0.1469757407903671,2025.0,25.089272148995143,67.15953286099423
14617.284153543307,41.80512506000002,0.0685050413012504,0.092275284230709,-0.1397643387317657,2025.0,24.86693911617557,67.25789838460531
14166.56122047244,39.64835444000005,0.034563060849905,0.0417937114834785,-0.0749077871441841,2025.0,24.9167956144442,67.14902257217003
13889.1468503937,36.57213644000001,0.0166749209165573,0.1276255249977111,-0.1585869193077087,2025.0,24.852655903158063,67.09781860097522
13406.32746062992,34.96224902000003,-0.0354152210056781,0.2145289182662964,-0.2169026136398315,2025.0,24.92703640868316,67.32284657964716
14619.958858267715,39.06387302000002,0.0535854361951351,0.1183526962995529,-0.1577656716108322,2025.0,25.134277744729538,66.98651733727282
18108.129133858267,42.28364786,0.0788410976529121,0.0693136602640152,-0.1417727917432785,2025.0,25.13535572307048,67.36542672411443
14251.010531496062,37.81971374,0.0035735464189201,0.1866834461688995,-0.2197510451078415,2025.0,24.892541101772974,67.42498502745156
15489.268897637794,41.77436288000001,0.0650774464011192,0.1232825964689254,-0.1826047450304031,2025.0,25.122689477564396,67.12719351076592
16979.366338582677,41.94355487000004,0.0852232500910759,0.0911264345049858,-0.1524666100740432,2025.0,25.11945554254156,67.15090903426669
16095.421456692911,41.37274553000003,0.0737482234835624,0.0727993547916412,-0.1302902847528457,2025.0,25.07795337641524,67.08030145293489
14857.924901574805,39.56803097000002,0.0429561659693717,0.043005283921957,-0.0834006816148758,2025.0,24.952368899695333,67.07464206664494
15268.106496062992,39.00234866000005,-0.0493287071585655,0.2744666635990143,-0.2879382073879242,2025.0,25.0806483222676,67.32149910672098
18259.02234251969,39.99357446000002,-0.0036706384271383,0.0715921744704246,-0.1107061058282852,2025.0,24.8739459753917,67.0999745576571
14653.298425196848,40.916439860000025,0.0324669331312179,0.0840369910001754,-0.1254969090223312,2025.0,25.04184110199364,67.06952166952546
16307.136023622048,41.391544640000006,0.0642359480261802,0.0928874239325523,-0.1510023176670074,2025.0,25.12026402629727,67.28430885395844
14839.57992125984,34.463218100000006,0.0393828190863132,0.1397332996129989,-0.1853039115667343,2025.0,25.04884796120977,66.91456228301483
16719.293503937006,39.38516690000003,0.0764543190598487,0.0723558813333511,-0.131564974784851,2025.0,25.046422509942648,67.20777239175145
13503.200984251967,36.32603900000004,-0.1309698224067688,0.2681609094142914,-0.2642038464546203,2025.0,24.90817178771665,67.20184351087626
15537.936712598424,40.18327456999998,0.0489603504538536,0.0817295312881469,-0.1323430836200714,2025.0,24.862627202811797,67.27999694059466
9390.357480314962,29.50708910000003,-0.0686724856495857,0.0195674560964107,-0.0041234041564166,2025.0,24.747283520330846,67.33847726559084
13900.871751968503,38.54262497000002,-0.0568285770714283,0.2399305701255798,-0.2494745552539825,2025.0,25.12861835843958,66.98355289683522
15657.763976377952,38.959623410000006,0.0626139566302299,0.0841625556349754,-0.1349068582057953,2025.0,24.89658352055151,67.28942925107792
15701.691141732284,41.63080604000004,0.0674502551555633,0.1042263731360435,-0.1617566794157028,2025.0,25.02297648102713,67.3382077710056
16091.005118110234,40.03117268000005,0.0505988486111164,0.0681639090180397,-0.1102770417928695,2025.0,24.861818719056085,67.14066824002772
10444.155708661416,41.58637178000004,0.0558521747589111,0.0358070582151412,-0.0484801828861236,2025.0,24.84807449520905,67.4080068685817
15434.067125984251,43.34323405999999,0.0749829933047294,0.0999936982989311,-0.1583775579929351,2025.0,25.12538442341675,67.10428647102088
16655.276771653545,41.72992862000001,0.0619589947164058,0.0806280076503753,-0.1360884308815002,2025.0,25.021359513515712,67.0315229330072
14458.262992125983,39.93888614000002,0.0340185351669788,0.0922172889113426,-0.1216609999537468,2025.0,24.830557347168725,67.01319730121116
12201.271358267715,36.71227526000004,0.0098757660016417,0.0400293134152889,-0.0579820834100246,2025.0,24.79525355650283,67.17543304152315
14278.752657480312,38.84682875000004,0.0484301969408988,0.104344330728054,-0.1556557416915893,2025.0,24.887151210068257,67.43495632710527
8666.16653543307,26.912811920000024,-0.0221794787794351,-0.0225408598780632,0.0288411118090152,2025.0,24.848613484379527,66.94851860075455
14870.775787401572,40.24308991999999,0.0350131690502166,0.0690052956342697,-0.1068851128220558,2025.0,24.838642184725803,67.26032383587244
14199.121751968503,38.75796023000004,0.0358438678085804,0.0414026603102684,-0.0756660997867584,2025.0,24.95290788886581,67.02128213876824
15289.706397637794,41.64960515000001,0.087479330599308,0.1029333844780922,-0.1603648662567138,2025.0,25.05854976627826,66.99837509902319
15206.105511811022,41.381290579999984,0.0234872102737426,0.0372864790260791,-0.071393571794033,2025.0,24.96422666144571,67.0811099366906
15940.8437007874,43.95505964000006,0.0880689844489097,0.0666897296905517,-0.1245332732796669,2025.0,24.90951926064283,66.87979748151942
15410.99527559055,41.65815020000002,0.080951876938343,0.0647105351090431,-0.1106465905904769,2025.0,25.04049362906746,66.98220542390904
15927.301377952756,40.57634687000001,0.0634348392486572,0.0807438492774963,-0.131383940577507,2025.0,25.07040752802864,67.01535325789305
14562.02283464567,40.28068814000005,0.0367411337792873,0.1274486631155014,-0.1667164415121078,2025.0,24.925419441171748,67.26517473840669
15383.993799212598,40.74724787000002,0.0380014367401599,0.079195499420166,-0.1204731166362762,2025.0,24.99279308748071,67.07086914245163
14506.27874015748,38.74941518000003,-0.0052619795314967,0.1697498708963394,-0.2086497545242309,2025.0,24.955602834718164,67.41420524404211
15071.30777559055,39.81071039,0.0283488631248474,0.0635879635810852,-0.1084010377526283,2025.0,25.02109001893048,67.1231510919874
13535.092716535431,38.50844477000004,0.0196185931563377,0.1333405375480651,-0.1702301949262619,2025.0,25.008154278839157,66.98921228312517
14568.000196850391,39.08779916000003,0.0469330735504627,0.1343494951725006,-0.1755124777555465,2025.0,25.08792467606897,67.10805939521418
16275.28169291339,42.85445720000001,0.0529820136725902,0.0655581280589103,-0.1210166066884994,2025.0,25.03564272653321,67.30182600199876
15952.040551181102,41.85639536000002,0.0722870379686355,0.0816714391112327,-0.1419069319963455,2025.0,24.93916366501877,66.92965397978804
13439.061220472438,39.901287920000016,-0.0187901500612497,0.1780983060598373,-0.2010349929332733,2025.0,24.884995253386368,67.34359766271032
14343.801377952756,41.95209992000002,0.0757178738713264,0.0586969368159771,-0.1019537672400474,2025.0,25.13805066892284,66.94986607368074
14339.253149606298,40.056807830000025,0.0525033846497535,0.0670938119292259,-0.103588730096817,2025.0,24.831904820094906,67.01508376330781
13636.406692913386,38.46230150000002,0.02978515625,0.0471509955823421,-0.0782724171876907,2025.0,24.889037672164907,67.03044495466625
16054.3875,43.14157088000002,0.0771759301424026,0.0852193087339401,-0.1484484821557998,2025.0,24.89011565050585,67.38213538839905
16896.96377952756,41.71283851999999,0.0916571319103241,0.0702783018350601,-0.1360187828540802,2025.0,24.944823051308727,67.29805307780546
15663.53366141732,39.21084788000002,0.0368349961936473,0.0457482039928436,-0.0877707675099372,2025.0,24.902512401426694,67.20265199463196
16785.23494094488,40.78826411,0.0722042098641395,0.0926010385155677,-0.1462611407041549,2025.0,24.941589116285897,67.3735115616715
13883.061712598424,39.29800739000001,0.0251991972327232,0.0889450013637542,-0.1152383014559745,2025.0,24.93889417043354,67.1848653520064
14244.5592519685,40.31828636,0.0939320400357246,0.0935686901211738,-0.1416445225477218,2025.0,25.09520102987034,67.43630380003145
16663.565157480316,40.23283586000002,0.0716824233531951,0.1148987635970115,-0.1733474433422088,2025.0,25.095740019040807,67.21693520764947
14770.467716535431,39.487707500000056,0.0333449952304363,0.0520480461418628,-0.0896795839071273,2025.0,24.94266709462684,67.15656842055664
14839.16653543307,40.44133508000005,0.1109859496355056,0.095335878431797,-0.1447415649890899,2025.0,25.14856095774704,67.43630380003145
15403.642913385826,43.438938620000016,0.0909539088606834,0.0841109901666641,-0.1410177797079086,2025.0,25.13293027180336,67.06547925074692
16707.920472440946,41.42914286000001,0.0693675726652145,0.0773491188883781,-0.1413248181343078,2025.0,25.018664567663357,67.18917726537018
8775.308267716535,27.521219480000013,-0.0235796626657247,-0.0038216561079025,0.0159225724637508,2025.0,24.843762581845283,66.93800831193036
14649.14931102362,39.41080205,0.0207253042608499,0.1265296936035156,-0.1681436747312545,2025.0,24.892541101772974,67.25843737377579
14569.736417322836,39.96964832000003,0.0254196375608444,0.1143488362431526,-0.1619742065668106,2025.0,24.91706510902944,67.25304748207107
8898.731496062994,29.302007900000035,-0.0229328349232673,-0.0300448182970285,0.0465237833559513,2025.0,24.81088424244651,67.21181481052999
13887.823031496064,37.63514066000005,-0.0461502447724342,0.1437737196683883,-0.159192681312561,2025.0,24.942397600041605,67.13905127251631
13322.938188976375,39.26895422000001,0.0276917181909084,0.1339914351701736,-0.1627072095870971,2025.0,24.81843009083311,67.34656210314792
16825.885039370078,41.87348545999998,0.0779195725917816,0.0715051665902137,-0.1348940879106521,2025.0,24.973119982758494,67.0067294311655
12779.985433070864,41.88032150000004,-0.0130817210301756,0.1145844534039497,-0.1415699571371078,2025.0,24.94805698633156,67.18217040615404
14129.801377952756,39.25870015999999,0.0318349637091159,0.0498589463531971,-0.0864429846405983,2025.0,24.84133713057816,67.1856738357621
14245.4155511811,39.72696890000003,0.0415799282491207,0.0411356464028358,-0.076437659561634,2025.0,24.926227924927456,66.99568015317082
16197.533169291342,38.27943743,0.0529761053621768,0.0916627645492553,-0.1383962035179138,2025.0,24.88230030753401,67.10051354682757
9561.803346456692,30.631617679999977,-0.0675308406352996,-0.0252004582434892,0.0219725593924522,2025.0,24.80738081283844,67.19780109209772
15026.520866141733,42.50752817,0.0306720864027738,0.1411296427249908,-0.1857327669858932,2025.0,24.945901029649672,67.26571372757715
14030.529724409447,41.48041316000001,0.0404110737144947,0.0794393196702003,-0.1232705563306808,2025.0,24.79444507274712,67.38429134508094
14998.313188976375,39.309970460000045,-0.00048081547720357776,0.1040803492069244,-0.1351368725299835,2025.0,24.866400127005093,67.08596083922484
14454.860433070866,44.47459868000004,0.0541035458445549,0.0950723811984062,-0.1399630606174469,2025.0,24.88472575880113,67.38240488298429
15391.65127952756,39.05361896000002,0.0299720577895641,0.0576003342866897,-0.0957031846046447,2025.0,24.91086673356901,67.09808809556046
14291.262992125983,41.07708680000002,0.0183719620108604,0.0856438726186752,-0.1203694716095924,2025.0,24.852116913987597,67.18082293322786
15069.902263779528,39.25357313000004,0.0654918178915977,0.1123960688710212,-0.1615094989538192,2025.0,25.10598081327977,66.88896029741743
14336.98937007874,39.456945320000045,0.0326063893735408,0.0684117004275322,-0.1042983755469322,2025.0,25.003033881719677,67.05092654314419
14747.87125984252,42.32124608000004,0.0529093667864799,0.1206422448158264,-0.1733873635530471,2025.0,24.93916366501877,67.2592458575315
12216.513976377952,29.40796652000006,-0.2382054030895233,0.3308493196964264,-0.312796026468277,2025.0,24.83001835799825,66.93854730110083
15557.391929133855,41.19500849000002,0.0407338105142116,0.1236738786101341,-0.1627544611692428,2025.0,24.9453620404792,67.16815668772178
14889.523818897638,42.01020626000002,0.0850675851106643,0.0864409655332565,-0.1383039653301239,2025.0,25.02917485648755,67.00430397989838
14169.642913385826,38.99551262000003,-0.0561665147542953,0.2553312480449676,-0.2671012878417969,2025.0,25.04291908033458,67.37027762664867
14858.974606299213,39.508215620000016,0.0343334376811981,0.1062747985124588,-0.1493345201015472,2025.0,24.85103893564665,67.14659712090291
16266.198031496066,40.42595399000001,0.0831783860921859,0.100077636539936,-0.1618189066648483,2025.0,25.080378827682363,67.00322600155744
15049.031692913384,39.785075240000026,0.0492771379649639,0.1345853954553604,-0.1844432502985,2025.0,24.974467455684675,67.41663069530924
13830.148818897638,40.53874865000003,0.0823317244648933,0.0808760672807693,-0.1242339760065078,2025.0,25.12861835843958,67.05928087528649
13279.7718503937,39.90812396000001,0.0886989310383796,0.1006210222840309,-0.1451718211174011,2025.0,25.09547052445557,66.86066336596767
11751.039566929132,35.96031086000005,-0.0411937348544597,0.0712150409817695,-0.0900867879390716,2025.0,24.785821246019573,67.44816156178183
13599.748228346456,39.47061740000004,0.0531222075223922,0.067153550684452,-0.1022644490003585,2025.0,24.782317816411503,67.38348286132522
14304.811220472442,38.12733553999999,0.0383630208671093,0.0675465315580368,-0.1087136939167976,2025.0,24.82247250961165,67.42660199496297
14383.786614173228,38.45888348000005,-0.0849815607070922,0.2712048888206482,-0.265290766954422,2025.0,24.870442545783632,67.1231510919874
13493.561220472442,39.08779916000003,0.0109951719641685,0.1573054790496826,-0.1780202090740203,2025.0,24.813040199128395,67.33632130890895
9651.175393700789,30.90164126000002,-0.0682541280984878,0.0425331331789493,-0.0275470055639743,2025.0,24.800643448207545,67.22933195857031
13820.86683070866,41.96748101,0.0558156073093414,0.0706894397735595,-0.1021476611495018,2025.0,24.8025299103042,67.34548412480697
14996.794488188976,38.26747436000005,-0.0454533547163009,0.2333452552556991,-0.2550327479839325,2025.0,24.96341817769,67.30613791536254
15269.06614173228,39.89445188000002,0.054155521094799,0.0876430720090866,-0.1381502896547317,2025.0,24.81843009083311,67.27191210303758
14869.66062992126,39.23819204000006,0.0272717047482728,0.1253951489925384,-0.1724986732006073,2025.0,24.91167521732472,67.411779792775
14353.122244094488,37.313846780000006,0.0425715781748294,0.071213312447071,-0.1124349012970924,2025.0,24.857776300277543,66.9277675176914
18213.606496063,42.88521938000002,0.0451930612325668,0.0462639033794403,-0.1155178025364875,2025.0,25.034834242777507,67.32715849301093
14725.57155511811,42.25117667000001,0.0602939911186695,0.0896015986800193,-0.1471361070871353,2025.0,24.895775036795804,67.36731318621108
17682.890452755906,42.05293151000004,0.0885955318808555,0.0822523534297943,-0.1499576717615127,2025.0,25.13077431512147,67.15063953968145
17204.051870078743,41.87348546000001,0.0802340805530548,0.1011425256729126,-0.1656349450349807,2025.0,25.097087491966988,67.12719351076592
14952.650787401572,39.25186412000005,0.0428423322737216,0.0593182481825351,-0.1008525043725967,2025.0,25.020281535174767,67.06062834821267
14169.7093503937,40.665215390000014,0.0675299242138862,0.0852595195174217,-0.1256573945283889,2025.0,24.818969080003583,67.32257708506192
16288.002165354334,41.23431572000004,0.0365925729274749,0.1373434662818908,-0.1864406764507293,2025.0,25.10948424288784,67.18809928702923
14069.000196850391,42.03925943000005,0.0986822694540023,0.1121604666113853,-0.1627470254898071,2025.0,24.94563153506444,66.87845000859323
14864.50118110236,39.69278870000005,0.0638739019632339,0.0847254395484924,-0.1331063359975814,2025.0,25.01758658932241,67.42417654369584
14446.542027559051,37.27453955000004,-0.0112734707072377,0.1857314556837082,-0.2183396518230438,2025.0,25.045075037016467,66.90782491838394
11403.440157480316,32.00224370000001,-0.1678984612226486,0.2416792064905166,-0.221862256526947,2025.0,24.761836227933586,67.36434874577348
17229.92588582677,41.55902762,0.0641086846590042,0.0898664444684982,-0.1513763070106506,2025.0,25.04803947745406,67.23930325822404
13459.495767716537,40.35588458000004,0.064951367676258,0.0533181764185428,-0.0833468586206436,2025.0,24.800643448207545,67.13500885373777
15620.879133858269,42.59810570000002,0.0697456151247024,0.0854729861021041,-0.1455402076244354,2025.0,24.936468719166417,67.42094260867302
15872.926377952756,41.06854175000001,0.0654276087880134,0.1205462887883186,-0.1746468842029571,2025.0,25.083073773534725,67.1554904422157
11670.468700787402,31.841596760000016,-0.1869782358407974,0.2797479629516601,-0.2572517096996307,2025.0,24.78339579475245,67.31503123667532
15982.608464566929,39.99699248000002,0.0445180721580982,0.112794205546379,-0.1633438467979431,2025.0,25.043458069505053,67.09404567678192
15484.83188976378,39.663735530000025,0.0603189878165721,0.1028145626187324,-0.1603810340166092,2025.0,25.082265289779016,67.1104848464813
14483.348622047244,41.61884297000003,0.0378551892936229,0.0835597738623619,-0.1204720288515091,2025.0,24.97069453149137,66.96846120006201
12225.543503937008,30.41286439999999,-0.221141442656517,0.3092779517173767,-0.2939209043979645,2025.0,24.849960957305708,66.89515867287786
16734.592716535433,41.07708680000002,0.0828084871172905,0.0779154896736145,-0.1364391297101974,2025.0,25.100051932404583,67.38887275302994
14702.229527559057,43.96531370000002,0.0609805770218372,0.1181513965129852,-0.1643295884132385,2025.0,24.917334603614677,66.89273322161073
15076.109448818896,41.44965098,0.0788187459111213,0.1004084721207618,-0.1538830697536468,2025.0,25.02324597561236,67.00241751780173
15373.64094488189,40.22941784,0.0628337636590004,0.1157362014055252,-0.1683901995420456,2025.0,25.073371968466237,67.22475055062131
16038.04350393701,41.60687990000002,0.0834273397922515,0.117051362991333,-0.179121732711792,2025.0,25.113526661666373,67.24900506329253
14620.359940944883,38.995512620000056,0.0245867613703012,0.0722098648548126,-0.1085027754306793,2025.0,24.950212943013447,67.05011805938847
14441.57992125984,40.10295110000004,0.0174605138599872,0.0874030068516731,-0.1187769994139671,2025.0,24.832443809265374,67.21504874555282
15587.014468503936,39.28433531000002,0.0791971236467361,0.0868908986449241,-0.133767619729042,2025.0,25.0092322571801,66.878180514008
15285.06466535433,39.35098669999999,0.036797109991312,0.0473504066467285,-0.084475390613079,2025.0,24.92380247366033,67.073564088304
15802.866338582677,41.45990504000002,0.068583533167839,0.0869197770953178,-0.1371150463819503,2025.0,25.08846366523944,67.12234260823168
13979.422933070866,38.139298610000026,0.0291848480701446,0.0998910516500473,-0.1341467797756195,2025.0,25.02405445936807,67.159263366409
14479.676377952756,39.00405767000001,0.0202229097485542,0.0582326091825962,-0.0863603204488754,2025.0,24.897392004307218,67.0323314167629
16039.689173228346,39.412511060000014,0.0486668683588504,0.0516821034252643,-0.0917323604226112,2025.0,24.80522485615656,67.19645361917154
13467.288582677164,41.69745743000004,0.0725010707974433,0.0726712048053741,-0.1129945889115333,2025.0,25.141284603945667,66.91159784257724
15135.310236220472,38.91006212000002,0.0486024096608161,0.0439070463180542,-0.0839459970593452,2025.0,24.95452485637722,66.98624784268758
14261.58188976378,38.82802964000001,0.0596765503287315,0.0807627215981483,-0.1254487335681915,2025.0,24.907902293131414,67.3735115616715
15879.022342519684,41.870067440000014,0.0139027023687958,0.1551711112260818,-0.2017485946416854,2025.0,25.05908875544873,67.28350037020273
13407.614862204722,40.682305490000005,0.0469541288912296,0.0717365220189094,-0.1122237518429756,2025.0,25.031869802339912,67.02262961169441
15028.082381889764,40.86516956,0.0440233014523983,0.0996801182627677,-0.1369894444942474,2025.0,24.884995253386368,66.93100145271423
16494.749212598428,41.80512506000002,0.0977464243769645,0.0857779011130333,-0.1482534706592559,2025.0,25.0987044594784,67.31934315003909
14565.309251968503,41.13006611,0.0664044022560119,0.1022730469703674,-0.1458298712968826,2025.0,24.930809332876464,67.4020779877065
14564.744291338584,38.26747436000005,0.061609748750925,0.0890059396624565,-0.1286477297544479,2025.0,24.81654362873646,67.08596083922484
15077.01003937008,41.11468502000002,0.0786999017000198,0.1103584021329879,-0.16220323741436,2025.0,24.90763279854618,66.86928719269521
15098.615354330708,39.78165722,0.0592894703149795,0.1214314550161361,-0.1832055449485778,2025.0,25.071755000954816,67.02316860086489
14784.335826771654,40.37297468000003,0.0515486262738704,0.062979020178318,-0.1058788374066352,2025.0,24.969077563979955,66.97977997264191
8518.751673228347,26.69064062000001,-0.0297765862196683,-0.0341794826090335,0.0747262984514236,2025.0,24.733539296483816,67.37997943171716
16107.08779527559,46.37501780000002,0.0939861685037612,0.1449771672487259,-0.205533355474472,2025.0,24.99737449542972,67.16788719313654
15042.55531496063,40.12687724,0.0510084293782711,0.1237588748335838,-0.168387308716774,2025.0,24.9777013907075,66.86147184972337
13085.421456692911,39.098053220000025,0.0194605737924575,0.0346726886928081,-0.0535397417843341,2025.0,24.81735211249217,66.97627654303385
17912.187696850393,43.28170970000002,0.0852983370423317,0.0846690833568573,-0.138738602399826,2025.0,25.08469074104614,67.1457886371472
13091.290551181102,38.77675934000001,-0.0342518836259841,0.1901408433914184,-0.2055324018001556,2025.0,24.813579188298867,67.34548412480697
8845.442125984253,28.151844170000004,-0.0212385393679142,-0.0330407582223415,0.0550448410212993,2025.0,24.771538033002077,67.35868935948353
14078.373228346458,40.58660093,-0.0517997741699218,0.1880771368741989,-0.204451099038124,2025.0,24.92649741951269,67.08245740961678
16761.507086614176,43.08688256000005,0.079066127538681,0.0808218419551849,-0.1435437500476837,2025.0,25.07229399012529,67.25331697665631
14467.651771653544,40.93011194000002,0.0409254729747772,0.0437636040151119,-0.0751475393772125,2025.0,24.81034525327604,67.273529070549
13574.28562992126,35.314305080000054,-0.1127780005335807,0.2504011690616607,-0.2587208151817322,2025.0,25.08091781685284,66.95013556826596
14850.920472440945,40.48918736000002,0.0516016110777854,0.1245561316609382,-0.1753197461366653,2025.0,25.13805066892284,66.96873069464725
12463.851574803148,36.54821030000005,-0.0351937673985958,0.1886002868413925,-0.2026573270559311,2025.0,25.087385686898497,67.04230271641663
13492.018405511812,40.74553886000001,0.0485841333866119,0.0768064185976982,-0.1088911816477775,2025.0,24.797948502355187,67.32392455798811
14242.795472440945,34.94515892000004,0.0311030019074678,0.1211938261985778,-0.1541615575551986,2025.0,25.025671426879487,66.93342690398134
15674.265944881889,38.72890705999998,0.030386671423912,0.09722301363945,-0.1387667655944824,2025.0,24.963957166860475,67.1554904422157
16633.854527559055,43.74997844000001,0.074849933385849,0.0955744385719299,-0.158828318119049,2025.0,25.1121791887402,67.15306499094856
14429.15127952756,40.02946367000001,0.06339081376791,0.0877348110079765,-0.1356237381696701,2025.0,24.953985867206747,66.86281932264956
13350.367322834643,41.54193752000003,0.0276050250977277,0.1078206896781921,-0.14474618434906,2025.0,24.815735144980756,67.39399315014943
15047.821062992123,41.82563318000001,0.0659169033169746,0.0934138968586921,-0.1400491446256637,2025.0,25.121342004638212,66.91267582091818
12074.942618110235,39.85001762000002,-0.0374233722686767,0.1134739071130752,-0.1221535578370094,2025.0,24.941050127115428,67.26328827631004
15843.490354330708,40.77288302,0.0625462681055069,0.0881603509187698,-0.1451759487390518,2025.0,24.97365897192897,67.24118972032069
16693.806791338582,42.760461650000025,0.0739762410521507,0.0896175876259803,-0.1463751196861267,2025.0,25.05450734749972,67.29589712112357
15420.09812992126,40.20549169999998,0.0521385446190834,0.0773191452026367,-0.132580429315567,2025.0,24.854003376084247,67.31772618252768
14906.8968503937,39.20230283000004,0.0327736027538776,0.138100266456604,-0.1860844045877456,2025.0,25.031061318584204,67.37270307791579
15989.075,41.57953573999998,0.055562499910593,0.1228551790118217,-0.1785065978765487,2025.0,25.09142810567704,67.08649982839532
16154.588287401572,36.75500051,0.0953451991081237,0.0572959445416927,-0.1079552844166755,2025.0,25.010040740935807,66.8647057847462
12106.668503937006,29.698498220000037,-0.2296472191810608,0.3265682756900787,-0.3090081512928009,2025.0,24.832982798435847,66.93693033358942
16385.240354330712,41.56244564000002,0.0871257483959198,0.0896786078810691,-0.1528456807136535,2025.0,24.98309128241222,67.41743917906494
14203.060728346456,39.09121718,-0.0080743581056594,0.1050081476569175,-0.1292071044445037,2025.0,24.88957666133538,67.06871318576975
13361.513976377952,35.96031086000005,-0.0710294470191001,0.2358884811401367,-0.2367496937513351,2025.0,25.05666330418161,66.96226282460158
13822.972637795276,40.66863341000001,0.068506620824337,0.1205302327871322,-0.1681868582963943,2025.0,24.99171510913977,66.91186733716248
13546.107972440946,39.28946234000003,-0.0056654247455298,0.1649688929319381,-0.1938800513744354,2025.0,25.106519802450244,66.99837509902319
14973.767913385826,42.0512225,0.0703999996185302,0.0860002934932708,-0.1372719407081604,2025.0,24.90197341225623,66.93585235524847
15325.741338582677,40.70110460000004,0.0460425168275833,0.0950350016355514,-0.1420505940914154,2025.0,25.043188574919817,67.07491156123017
16997.88405511811,42.276811820000034,0.0843877047300338,0.0715132802724838,-0.1238267049193382,2025.0,25.116760596689204,66.90054856458258
16041.003149606298,39.91837801999998,0.0553389377892017,0.1090945675969123,-0.1575645804405212,2025.0,25.099243448648878,67.00484296906885
16013.175393700789,40.571219840000026,0.0816141068935394,0.1209152340888977,-0.1719048172235489,2025.0,25.065017636323923,67.18082293322786
14879.983464566929,40.34221250000002,0.0284461714327335,0.1156048998236656,-0.1557451784610748,2025.0,24.91706510902944,66.95310000870356
14472.24822834646,36.807979820000014,0.0287763234227895,0.1337272077798843,-0.1766611635684967,2025.0,25.10894525371737,66.96172383543112
16129.373228346458,39.84318158000002,0.0699353367090225,0.1064171120524406,-0.1611119657754898,2025.0,25.083612762705197,67.21073683218904
14888.66062992126,39.262118180000016,0.0302019640803337,0.0449884533882141,-0.0766141936182975,2025.0,24.81250120995792,67.1134492869189
15759.187204724409,38.31190862000005,0.0349761135876178,0.1484690904617309,-0.1916961073875427,2025.0,24.94859597550203,67.40180849312127
13736.524803149608,39.59024810000005,0.0350242741405963,0.042899627238512,-0.075331263244152,2025.0,24.85454236525472,67.07679802332682
14705.405708661418,40.35246656000004,0.0499002002179622,0.0602850466966629,-0.1004581153392791,2025.0,24.88742070465349,67.2066944134105
14019.767913385824,42.61861382000001,0.0398127846419811,0.0558876693248748,-0.0892402604222297,2025.0,24.947248502575853,67.08730831215102
16989.853543307087,40.557547760000034,0.0734345912933349,0.0748576521873474,-0.1374560892581939,2025.0,25.020281535174767,67.16869567689226
14626.00905511811,40.92327590000002,0.1103907376527786,0.0905467569828033,-0.135551705956459,2025.0,25.146674495650384,67.42471553286632
14269.05777559055,38.97158647999999,0.0628062412142753,0.0918536111712455,-0.1272253543138504,2025.0,24.955333340132928,67.12422907032833
15054.514468503936,41.55390059000001,0.0502775460481643,0.0823177769780159,-0.1217631176114082,2025.0,24.82974886341302,67.01427527955211
13760.094192913384,41.39325365000002,0.0328632295131683,0.084015779197216,-0.128023475408554,2025.0,24.88634272631255,67.30479044243636
15637.207874015749,40.49944142000004,0.0653893202543258,0.0953571200370788,-0.1456248611211776,2025.0,24.944823051308727,67.35410795153452
13720.343208661416,36.09361364000003,-0.0748732909560203,0.2704126238822937,-0.2714780271053314,2025.0,25.08981113816562,66.96280181377206
14285.055314960628,39.73722296000005,0.0208712629973888,0.0797403454780578,-0.1075909435749054,2025.0,24.83567774428821,67.0962016334638
13349.613385826771,36.44566970000005,0.044912327080965,0.1174791455268859,-0.1514526903629303,2025.0,24.945092545893964,67.39992203102462
14182.099606299214,40.81048124000006,0.0365185476839542,0.0837413445115089,-0.1267161667346954,2025.0,24.79201962148,67.37674549669433
14806.971653543307,42.17427122000004,0.0288149025291204,0.1425725370645523,-0.1964736431837082,2025.0,25.04049362906746,67.36758268079632
12314.10059055118,40.21916378000003,0.0033274337183684,0.1188110932707786,-0.1424629688262939,2025.0,24.80684182366797,67.38833376385948
14391.565157480316,39.270663230000025,0.0444615893065929,0.1283333748579025,-0.176622211933136,2025.0,24.969616553150427,67.43199188666767
15899.30433070866,42.604941740000015,0.0858288779854774,0.0797225981950759,-0.1369109451770782,2025.0,24.933504278728822,66.93504387149277
14969.537598425197,42.75875264000001,0.0613280609250068,0.1100247651338577,-0.1580428779125213,2025.0,25.13670319599666,66.93962527944177
14451.393897637796,38.18885990000001,0.0100042754784226,0.1263805627822876,-0.1628089696168899,2025.0,25.04076312365269,67.02074314959776
12641.964763779526,40.14054931999999,-0.001033769804053,0.107140265405178,-0.1325977593660354,2025.0,24.98713370119076,66.93612184983371
15148.92244094488,39.61075621999999,0.0098518384620547,0.132062554359436,-0.1677449941635131,2025.0,24.97365897192897,67.25978484670196
15715.728051181102,40.57292885000004,0.067727118730545,0.0859085246920585,-0.1398302912712097,2025.0,24.98659471202029,67.3630012728473
14120.082874015749,40.05168079999999,0.056438323110342,0.1108185797929763,-0.1543432474136352,2025.0,24.999530452111607,67.40019152560986
14810.881102362202,39.689370680000025,0.0627007186412811,0.1020805388689041,-0.1478802412748336,2025.0,24.92892287077981,67.38159639922857
12933.183267716537,38.83486568000001,-0.0350947305560112,0.1412981301546096,-0.156188428401947,2025.0,24.83998965765198,67.0323314167629
15202.994783464565,39.14761451000001,-0.0100270174443721,0.1099088490009307,-0.1334472149610519,2025.0,24.81223171537269,67.0705996478664
13872.832874015745,38.821193600000015,0.0758402422070503,0.102899245917797,-0.1426068842411041,2025.0,24.94778749174632,67.41501372779783
16393.368307086617,42.881801360000026,0.0750754103064537,0.0872485414147377,-0.1463163644075393,2025.0,25.081726300608544,67.37566751835338
13969.696062992129,39.36636779000003,0.0417180098593235,0.1386297792196273,-0.1802323311567306,2025.0,24.88876817757967,67.4080068685817
11122.966732283468,32.25859520000006,-0.1430878490209579,0.1776983737945556,-0.1691012680530548,2025.0,24.74054615569995,67.41663069530924
15614.73690944882,39.909832970000025,0.0377643071115016,0.079305000603199,-0.1369783878326416,2025.0,25.03375626443656,67.12234260823168
16419.736417322834,41.48041316000001,0.0875871255993843,0.1159324049949646,-0.1776879578828811,2025.0,25.125653918001987,67.21585722930853
15264.101082677164,41.64447812000003,0.0582284554839134,0.110694795846939,-0.1678454428911209,2025.0,24.89146312343203,67.27918845683895
14668.080413385826,40.16789348000003,0.0394922234117984,0.1386150866746902,-0.1890271753072738,2025.0,25.03052232941373,67.38941174220041
14624.10600393701,39.49796156000002,0.0425061844289302,0.0563543178141117,-0.0979994535446167,2025.0,25.011927203032457,67.08245740961678
13103.694094488188,37.05749528000001,0.0790895149111747,0.1121148243546485,-0.1584277600049972,2025.0,25.12915734761005,66.85608195801865
15264.802854330708,42.55196243000003,0.0621791258454322,0.1001406237483024,-0.1470167189836502,2025.0,24.912483701080426,66.88545686780937
14843.004133858269,39.870525740000005,0.0667335167527198,0.1223339512944221,-0.1770678162574768,2025.0,24.962070704763825,67.335243330568
14336.42440944882,41.67865832000001,0.0363920778036117,0.1168831139802932,-0.1591114252805709,2025.0,24.94940445925774,66.93100145271423
16004.534645669291,40.87200560000002,0.0376667603850364,0.1357097774744033,-0.1877139508724212,2025.0,25.081726300608544,67.27433755430471
15109.339271653542,39.403966010000005,0.0342986322939395,0.1410644799470901,-0.1880645155906677,2025.0,24.981474314900805,67.31610921501627
15901.136023622048,41.31634819999999,0.0690629109740257,0.1108414009213447,-0.1705997586250305,2025.0,25.079300849341426,67.01858719291587
15337.143897637794,40.18498358,0.0469965450465679,0.1050663888454437,-0.1573279798030853,2025.0,25.03860716697081,67.15090903426669
16183.29251968504,42.57759758000003,0.0692364871501922,0.0773684978485107,-0.1376107484102249,2025.0,25.08522973021661,67.4012695039508
13649.071062992129,40.73699381,0.0386048182845115,0.0445740446448326,-0.0771859437227249,2025.0,24.822742004196886,67.26355777089528
11569.340748031496,31.841596760000016,-0.1813666522502899,0.2614002227783203,-0.2397665530443191,2025.0,24.745936047404665,67.34790957607409
16224.409645669291,42.522909260000006,0.0757451951503753,0.08589818328619,-0.1485687792301178,2025.0,24.90385987435288,67.34764008148886
13484.32401574803,41.032652540000015,0.0398346856236457,0.0990190505981445,-0.1398825794458389,2025.0,24.81277070454316,67.40531192272933
14897.347637795276,38.07264722000002,0.0067401961423456,0.077784962952137,-0.101878635585308,2025.0,24.87583243748835,67.05362148899654
14451.472637795276,38.05555712,0.030234009027481,0.1478205323219299,-0.1756326109170913,2025.0,25.05989723920444,66.90189603750875
15302.120767716537,39.91496000000004,0.0215689036995172,0.1623341739177703,-0.211202934384346,2025.0,24.89604453138104,67.27568502723088
12253.3781496063,31.09646840000005,-0.2287577241659164,0.3169348537921905,-0.3011574447154999,2025.0,24.848882978964763,66.91240632633296
14309.66062992126,41.26849592000002,0.047199685126543,0.0733165740966796,-0.1070814207196235,2025.0,24.7815093326558,67.3314704063747
12636.1124015748,35.12289596000005,0.0762594863772392,0.0960297435522079,-0.1309098303318023,2025.0,25.101129910745527,66.8676702251838
16140.796456692911,41.36420048000002,0.0638941824436187,0.0854363664984703,-0.1425623595714569,2025.0,25.0235154701976,67.21073683218904
13481.082381889764,39.23477402000003,-0.0104594267904758,0.2050005346536636,-0.237179160118103,2025.0,24.932695794973117,66.92156914223096
14182.32992125984,37.63172264000002,0.0304797571152448,0.0980525687336921,-0.1419106274843216,2025.0,24.850230451890944,67.28376986478796
14200.78661417323,40.43108102000002,0.0287519749253988,0.0516381524503231,-0.0822109058499336,2025.0,24.876101932073585,66.9714256404996
12125.24970472441,34.86825347000001,0.0226961150765419,0.0195057094097137,-0.0347109884023666,2025.0,24.81196222078745,67.21154531594475
14962.999212598424,39.672280580000006,0.0352899767458438,0.0423700846731662,-0.079078622162342,2025.0,24.93754669750736,67.0571249186046
16132.887992125983,42.25288568000002,0.0820379108190536,0.073430523276329,-0.1289220005273819,2025.0,24.985516733679344,67.02370759003536
16526.616338582677,40.05168079999999,0.0575925931334495,0.1214265003800392,-0.1724754273891449,2025.0,25.092506084017977,67.25520343875296
14578.728051181102,40.718194700000026,0.0342131555080413,0.0893532037734985,-0.1337760984897613,2025.0,24.98767269036123,66.96091535167541
16096.508070866144,41.34198335000002,0.0794390887022018,0.0957376286387443,-0.1538784652948379,2025.0,25.03833767238557,67.19753159751248
14197.747736220474,40.55925677000005,0.0393604226410388,0.0472416914999485,-0.0863330066204071,2025.0,24.964765650616183,66.97951047805668
15146.247244094488,40.13200426999998,0.0697732791304588,0.1246348172426223,-0.1791567355394363,2025.0,25.092775578603213,67.17624152527885
15183.097145669291,41.14032017000002,0.0848802700638771,0.088486224412918,-0.1439184695482254,2025.0,24.9273059032684,66.8954281674631
14060.970669291337,38.70839894000005,0.0210589822381734,0.0612029321491718,-0.0900667682290077,2025.0,24.89146312343203,67.05577744567843
15014.623228346456,42.38277044000006,0.0482110604643821,0.1107549592852592,-0.1647814065217971,2025.0,25.120803015467743,67.08084044210536
14361.411614173228,40.178147540000055,0.0290769059211015,0.1776684820652008,-0.213299348950386,2025.0,25.084421246460906,66.98301390766474
15453.745275590552,39.603920180000046,0.0521122403442859,0.135329782962799,-0.197351336479187,2025.0,25.14047612018996,67.13204441330018
15656.320078740158,40.50627745999998,0.0637397095561027,0.1030678674578666,-0.1632386296987533,2025.0,24.896314025966277,67.41312726570118
14970.04940944882,42.06489457999999,0.0586819313466548,0.1038602069020271,-0.1534752398729324,2025.0,25.118916553371093,66.95390849245928
14381.53562992126,40.97112818000005,0.0821713730692863,0.0748756453394889,-0.120112121105194,2025.0,25.127270885513404,66.9000095754121
17447.925393700785,40.51653152000006,0.0920484215021133,0.0831407532095909,-0.1426908671855926,2025.0,25.07795337641524,67.21154531594475
14895.5218503937,38.209368020000056,0.0288517642766237,0.0599655732512474,-0.0922367423772811,2025.0,24.96234019934906,67.05011805938847
12302.562204724409,40.889095699999984,0.1082191318273544,0.0446411147713661,-0.0755346417427063,2025.0,24.850230451890944,67.31583972043103
14381.264960629922,40.02775466000003,0.0589398965239524,0.1035753265023231,-0.1530001610517501,2025.0,24.95614182388864,67.36084531616541
17128.11043307087,41.81537911999999,0.0890225991606712,0.0514212176203727,-0.1016582921147346,2025.0,24.945901029649672,66.97870199430098
15310.50807086614,44.40282026000003,0.0614627972245216,0.0937396585941314,-0.151972159743309,2025.0,24.987403195775997,67.27299008137852
15408.886023622046,41.136902150000026,0.0625902563333511,0.0979954004287719,-0.1492644399404525,2025.0,25.1159521129335,66.88842130824696
13957.722637795274,38.911771130000005,0.023146279156208,0.1053044199943542,-0.1327985972166061,2025.0,24.788785686457167,67.06628773450262
13436.25807086614,40.35930259999998,0.0164542142301797,0.0380807295441627,-0.0673313066363334,2025.0,24.86505265407892,66.97627654303385
13801.666535433067,41.04632462000001,0.0173700097948312,0.0956991389393806,-0.1365328729152679,2025.0,25.019473051419062,67.37000813206343
15743.810728346456,41.45648702,0.0808660686016082,0.0887456163764,-0.1427336037158966,2025.0,25.0272883943909,66.98166643473857
13510.01496062992,38.619530420000046,0.0004920049104839563,0.1642923355102539,-0.1919027715921402,2025.0,24.8416066251634,67.35868935948353
14548.913582677164,39.463781359999984,0.0025919887702912,0.093824990093708,-0.1205266714096069,2025.0,24.91463965776231,67.13420036998205
15850.430807086614,42.36226232000001,0.0439363531768322,0.0961401984095573,-0.1490167528390884,2025.0,24.9701555423209,67.14390217505056
14419.938188976375,41.26849592000002,0.071432389318943,0.0709132403135299,-0.1232457235455513,2025.0,25.042649585749345,67.16950416064796
14804.78316929134,39.29971640000002,0.0664004310965538,0.0974417701363563,-0.144679993391037,2025.0,25.098165470307933,67.03340939510385
13857.515944881889,39.74747702000002,-0.0173356868326663,0.1393958479166031,-0.1682906299829483,2025.0,25.037529188629865,67.44977852929324
14290.799901574805,38.50673576,0.0165097583085298,0.0552436895668506,-0.090481013059616,2025.0,24.849960957305708,67.19726210292725
11583.497244094488,32.82256849999999,-0.1605940908193588,0.2503496408462524,-0.23135507106781,2025.0,24.777466913877262,67.27757148932754
13714.505118110234,37.48132976,0.0155355362221598,0.1462580114603042,-0.1682224422693252,2025.0,24.924071968245567,67.43603430544621
13591.12027559055,39.81583741999998,-0.0034546751994639,0.1771471202373504,-0.1956160962581634,2025.0,25.05801077710779,66.98436138059093
14704.512992125983,39.54581384000005,0.0254346504807472,0.1440259218215942,-0.1872925013303756,2025.0,24.894966553040096,67.34764008148886
11400.43031496063,32.55596294000003,-0.128136470913887,0.1737552732229232,-0.1651030331850052,2025.0,24.73785120984759,67.41393574945688
11070.83533464567,30.32057786000001,-0.1725343018770218,0.2400031238794326,-0.2194810807704925,2025.0,24.7739634842692,67.42741047871867
16688.65177165354,41.53168346000001,0.0741039365530014,0.0777453556656837,-0.1340277194976806,2025.0,24.94455355672349,67.29859206697593
16090.243307086615,42.75533461999999,0.0640264526009559,0.0694469884037971,-0.1271906048059463,2025.0,25.01893406224859,67.25062203080395
10807.952952755904,32.17143569000001,-0.1192849427461624,0.213470846414566,-0.2009857296943664,2025.0,24.804685866986084,67.26813917884428
15508.575,41.0087264,0.0804639309644699,0.1021031290292739,-0.1601087898015976,2025.0,25.029713845658023,67.36057582158018
16369.43622047244,40.69426856000001,0.0583581142127513,0.073118157684803,-0.1276824325323104,2025.0,25.071216011784344,67.34278917895462
15599.721653543307,41.16937334000002,0.0908681973814964,0.0875831097364425,-0.1428809314966201,2025.0,25.07283297929576,67.43792076754286
14736.61190944882,41.70429347000001,0.0228233020752668,0.1004247292876243,-0.1376680731773376,2025.0,24.98875066870217,67.12827148910687
14112.042027559057,39.231356000000005,0.0344053171575069,0.0642981752753257,-0.1008568108081817,2025.0,24.83540824970297,67.16977365523319
15550.105511811023,40.3763927,0.022982832044363,0.0837244540452957,-0.1263223737478256,2025.0,24.920838033222736,66.93396589315182
15952.194094488188,40.16789348000003,0.0418877825140953,0.1065776944160461,-0.1642848551273346,2025.0,24.88041384543736,67.3667741970406
14562.644881889762,39.50308859000003,-0.0322774536907672,0.1712120473384857,-0.2001913487911224,2025.0,24.89712250972198,67.14039874544248
15256.37125984252,41.86664942000005,0.055229015648365,0.0771763250231742,-0.1344460695981979,2025.0,24.87125102953934,67.30182600199876
14587.51496062992,40.63274420000005,0.0329788923263549,0.0593532770872116,-0.0921529680490493,2025.0,24.975545434025616,67.07006065869592
16308.06909448819,42.47334797000002,0.0656035616993904,0.0971536338329315,-0.1589851826429367,2025.0,24.944823051308727,67.27568502723088
17105.309744094488,42.02900536999999,0.0806867703795433,0.0622108690440654,-0.12069583684206,2025.0,25.04696149911312,67.15737690431234
14197.39340551181,35.93809373000002,-0.0023392371367663,0.1379251480102539,-0.1666334420442581,2025.0,25.02109001893048,66.93504387149277
13669.17933070866,41.03948858000001,0.0096351290121674,0.1463106125593185,-0.1726560443639755,2025.0,24.908710776887123,66.95687293289687
15969.892913385826,41.48724920000001,0.084941990673542,0.0951894149184227,-0.1521190702915191,2025.0,25.11002323205831,67.43792076754286
16340.977066929134,40.043135750000005,0.0670617371797561,0.1037138476967811,-0.1543296724557876,2025.0,25.094123051529397,66.92722852852093
14487.687696850391,39.33389660000003,-0.0949693173170089,0.28692227602005,-0.2842394411563873,2025.0,24.902512401426694,67.38644730176281
14684.00462598425,41.442814940000005,0.04413628205657,0.1121227219700813,-0.1637829691171646,2025.0,24.88580373714208,67.36919964830773
16119.248228346456,41.84443229000004,0.0771941244602203,0.1137031987309455,-0.1788837313652038,2025.0,25.12026402629727,67.2608628250429
14395.527755905512,41.79828902000003,0.0679348558187484,0.0858291611075401,-0.1272952705621719,2025.0,25.136972690581896,66.96010686791969
15008.921456692911,41.54193752000003,0.0756196603178978,0.1018778756260871,-0.150795504450798,2025.0,25.13185229346241,67.30263448575447
15893.965748031498,42.03755042,0.0741975903511047,0.0829444304108619,-0.1367840319871902,2025.0,25.060705722960147,67.41878665199113
13203.361417322834,37.25232242000004,-0.0705174505710601,0.2635498642921448,-0.2658192813396454,2025.0,25.057741282522557,66.9751985646929
14265.941633858269,38.88784499000002,-0.0168199185281991,0.1748161911964416,-0.20721136033535,2025.0,25.003033881719677,67.1420157129539
13692.182283464568,37.38391619000004,0.0246464218944311,0.0944921821355819,-0.131740540266037,2025.0,25.10948424288784,66.963879792113
15672.471653543307,40.22599982000003,0.0645742937922477,0.0924481451511383,-0.1389561891555786,2025.0,25.01570012722576,67.37378105625673
13958.765944881889,41.49579425000002,0.0789767876267433,0.0693282485008239,-0.1107592582702636,2025.0,25.13185229346241,66.94690163324314
15886.976082677164,44.32762382000004,0.0184255298227071,0.1586952954530716,-0.2047794759273529,2025.0,25.058280271693025,67.0856913446396
15646.05777559055,41.68891238000003,0.0684896856546402,0.095341183245182,-0.1491719037294387,2025.0,25.032947780680853,67.2013045217058
11289.401771653544,29.423347610000008,-0.1979473829269409,0.2575478851795196,-0.2341140061616897,2025.0,24.823550487952595,66.94097275236795
13441.236417322834,38.48110061000003,0.0424046739935874,0.1263521611690521,-0.1619881242513656,2025.0,25.00950175176533,66.99433268024465
13789.75216535433,39.42618313999998,-0.0120875677093863,0.1603780835866928,-0.1938873827457428,2025.0,24.9273059032684,67.23984224739452
14671.014960629922,40.540457660000015,0.0177141595631837,0.1771548688411712,-0.2115944027900695,2025.0,25.14856095774704,67.15387347470428
14153.38307086614,38.998930640000026,0.0008088277536444366,0.1160253062844276,-0.1400013715028762,2025.0,24.941589116285897,67.13959026168678
14399.9937992126,40.25334398000001,0.0256490893661975,0.0550167299807071,-0.0863200426101684,2025.0,24.95290788886581,67.05901138070125
14286.422440944882,40.00724653999998,0.038360346108675,0.0677514597773552,-0.111400730907917,2025.0,24.8920021126025,67.21397076721188
14065.784645669291,36.85583210000004,-0.0343236215412616,0.1917032152414322,-0.1926194131374359,2025.0,24.95344687803628,67.12234260823168
15772.329921259843,38.53749793999998,0.038670040667057,0.118134506046772,-0.1688981354236602,2025.0,24.881222329193065,67.22151661559847
9882.788582677164,29.223393439999995,-0.0610338374972343,0.0046650315634906,0.0118167595937848,2025.0,24.734078285654288,67.43172239208245
11430.001673228347,32.27910332000005,-0.0896654427051544,0.061594508588314,-0.0716440379619598,2025.0,24.78609074060481,67.4042339443884
15840.68622047244,43.38595931000003,0.0909735783934593,0.1132982671260833,-0.173194333910942,2025.0,25.08388225729043,66.89569766204832
15713.137992125983,41.46503207000001,0.0603906065225601,0.1020144522190094,-0.157969668507576,2025.0,25.01057973010628,67.23984224739452
11535.837303149605,31.793744479999987,-0.1795190572738647,0.2544652819633484,-0.2377005368471145,2025.0,24.80495536157132,67.22475055062131
16086.525787401572,41.69574842000003,0.091053158044815,0.0764668136835098,-0.1264188736677169,2025.0,25.07741438724477,67.42848845705961
14736.260039370078,41.45648702000005,0.0400883741676807,0.110102541744709,-0.1489876806735992,2025.0,24.85157792481712,67.15144802343715
15287.585826771656,40.62932618000002,0.0615116022527217,0.151131272315979,-0.2046563774347305,2025.0,25.05369886374401,67.40288647146221
9601.194586614172,30.065935370000037,-0.0402003489434719,0.0538297817111015,-0.0522881783545017,2025.0,24.857237311107077,66.96657473796536
16749.029724409447,42.71431838000001,0.0784803703427314,0.1045925319194793,-0.1621104180812835,2025.0,25.126462401757696,67.16600073103989
13911.188188976375,39.17666768000001,0.0355647765100002,0.0447955690324306,-0.0803063064813613,2025.0,24.903590379767643,67.05442997275225
13355.215748031496,40.81048124000006,0.0714445412158966,0.1153257861733436,-0.1501126587390899,2025.0,25.062861679642037,67.44546661592948
16606.190157480316,41.93842784000003,0.0867419987916946,0.0845405161380767,-0.1492583304643631,2025.0,25.08873315982468,67.35491643529022
10207.409153543307,30.36159410000002,-0.098298542201519,0.1021688580513,-0.0862682908773422,2025.0,24.79255861065047,67.26113231962815
15759.685236220474,40.198655660000014,0.0548668056726455,0.066848523914814,-0.117871768772602,2025.0,25.017317094737173,67.01616174164876
13971.206889763778,40.94036600000004,-0.0285861007869243,0.1978932619094848,-0.2218101918697357,2025.0,24.989828647043115,67.34683159773316
16101.450984251967,40.755792919999976,0.0671725124120712,0.0871535316109657,-0.1399525552988052,2025.0,25.028905361902314,67.3983050635132
17451.915551181104,42.013624280000045,0.0876455008983612,0.074521817266941,-0.1395208537578582,2025.0,25.096817997381752,67.13015795120351
14341.325984251966,39.88761584000002,0.0263670943677425,0.0895106568932533,-0.1172519251704216,2025.0,24.802799404889434,67.06979116411068
17416.554330708663,42.14009102,0.097058892250061,0.074403777718544,-0.1335489749908447,2025.0,24.984169260753163,66.87575506274088
10318.47657480315,30.17360300000001,-0.1294595301151275,0.1535356193780899,-0.1337998062372207,2025.0,24.785012762263865,67.18163141698356
12323.336318897636,42.97066988000003,0.0289072226732969,0.0513051338493824,-0.0855932310223579,2025.0,24.99683550625925,66.95202203036263
12410.139960629922,38.34267080000001,0.0033530774526298,0.0930986776947975,-0.0951617658138275,2025.0,24.86208821364132,67.01885668750111
16414.48346456693,41.136902150000026,0.0529478192329406,0.0593657344579696,-0.116802379488945,2025.0,25.051812401647364,67.32122961213574
15526.570078740158,42.15376309999999,0.0520540960133075,0.0831726193428039,-0.1423774808645248,2025.0,24.97904886363368,67.14767509924386
14485.379133858269,38.83486568000001,0.0043481700122356,0.1036074161529541,-0.1363349258899688,2025.0,24.863166191982263,67.06898268035498
9480.631102362206,29.315679980000027,-0.0563762113451957,0.0168576575815677,-0.0044905976392328,2025.0,24.777466913877262,67.44061571339523
14558.447047244092,40.99505432000001,0.055057480931282,0.1238536909222602,-0.1702765971422195,2025.0,24.950212943013447,67.29347166985644
13663.988877952754,38.91348014000002,0.0187729224562644,0.1554979383945465,-0.1916487067937851,2025.0,24.83567774428821,67.35114351109692
14400.852066929134,41.62226099,0.0592283271253109,0.1111472770571708,-0.1601471006870269,2025.0,24.97985734738939,67.24954405246301
11559.694094488188,34.84603634000001,0.0602592825889587,0.0853397846221923,-0.1160054951906204,2025.0,25.12996583136576,66.88033647068988
11017.021358267715,29.751477530000017,-0.1551157981157302,0.1962822824716568,-0.1811165362596511,2025.0,24.7424326177966,67.43253087583815
13792.451476377952,39.22281095000002,-0.0317894890904426,0.1486222743988037,-0.1747534573078155,2025.0,24.939702654189247,67.12261210281692
17079.393897637794,42.73482650000005,0.0955936014652252,0.079658642411232,-0.150642842054367,2025.0,25.101129910745527,67.3012870128283
12649.62125984252,37.14465479000003,0.0978745818138122,0.1175632327795028,-0.1585639119148254,2025.0,25.136972690581896,66.86120235513813
16445.43818897638,40.89251372000001,0.065239779651165,0.068884290754795,-0.1266053915023803,2025.0,25.118647058785857,67.09054224717386
15268.59468503937,39.92521406000003,0.063535675406456,0.058994997292757,-0.1022017076611518,2025.0,24.964496156030947,67.1029389980947
9231.103543307088,30.27101657000003,-0.0550177209079265,-0.0098265009000897,0.03462590649724,2025.0,24.73030536146099,67.30020903448735
14241.156692913384,40.13200427000001,-0.012664945796132,0.1805687397718429,-0.2040520906448364,2025.0,24.925688935756984,67.24846607412206
14229.176377952756,40.70110460000001,0.0233554244041442,0.0627642050385475,-0.0876785814762115,2025.0,24.809536769520328,67.1360868320787
8909.149803149605,25.878860869999983,-0.0164245702326297,-0.0263585373759269,0.0495411492884159,2025.0,24.79687052401424,66.97870199430098
15988.445078740158,43.03390325000001,0.0729975327849388,0.0722729936242103,-0.1305209696292877,2025.0,25.060166733789675,67.05496896192271
16370.97411417323,41.227479680000016,0.0786458626389503,0.0711884647607803,-0.126089721918106,2025.0,25.00060843045255,66.91617925052626
12419.09911417323,36.87121319000002,-0.0332229249179363,0.2024930417537689,-0.2128765434026718,2025.0,25.017047600151937,67.00107004487555
14235.333858267715,38.36659694000002,0.0346427708864212,0.0624284595251083,-0.101265825331211,2025.0,24.85184741940236,67.42309856535489
14652.282677165354,39.95939426000001,0.0695703104138374,0.1216481178998947,-0.1686355173587799,2025.0,25.09951294323411,67.19348917873394
14357.016929133855,38.12049950000005,0.004703864455223,0.1657024919986724,-0.1879933476448059,2025.0,25.093314567773685,67.02613304130249
14391.93622047244,38.74257914000003,0.0111394030973315,0.0899771675467491,-0.1274947524070739,2025.0,25.00195590337873,67.0323314167629
15210.74625984252,39.00747569000001,0.0416217036545276,0.1166423633694648,-0.1705825626850128,2025.0,24.85831528944802,67.38078791547287
16481.963287401573,41.28558602000004,0.070262923836708,0.0978378728032112,-0.1558126807212829,2025.0,25.077144892659533,67.14120722919819
13834.391929133855,40.28410616000002,-0.007004577666521,0.1758871674537658,-0.1986607164144516,2025.0,24.833791282191555,67.41204928736023
14616.733464566929,39.802165340000016,0.0444435849785804,0.040518082678318,-0.074072889983654,2025.0,24.92919236536505,66.99460217482988
19691.321062992127,40.29094220000002,0.0320519879460334,0.0395506769418716,-0.091932825744152,2025.0,25.057741282522557,67.21235379970045
16213.42440944882,42.82027700000003,0.0744820833206176,0.0728773400187492,-0.1280863583087921,2025.0,25.02809687814661,67.0105023553588
14772.149803149608,39.32022452000001,0.0450246408581733,0.0574271380901336,-0.098752424120903,2025.0,24.866130632419857,66.9248030772538
13914.458858267715,37.918836320000025,0.0339841097593307,0.0806502997875213,-0.113782413303852,2025.0,24.8672086107608,67.21558773472329
14495.427362204724,38.65371062000003,0.0328519195318222,0.0663254559040069,-0.1057901605963707,2025.0,25.011118719276748,67.13473935915253
16547.754625984253,40.70964965000002,0.0759053528308868,0.07310102134943,-0.1386010944843292,2025.0,24.799295975281368,67.44897004553754
15089.616338582677,40.30461428000001,0.0273439604789018,0.148994579911232,-0.1860955506563186,2025.0,25.086577203142788,67.24657961202541
14603.923425196852,40.91302184,0.0570780746638774,0.0784518495202064,-0.126245692372322,2025.0,24.81196222078745,67.43306986500862
14924.0218503937,43.03561225999999,0.0819900333881378,0.116876408457756,-0.1655312627553939,2025.0,25.073102473881,66.86174134430861
15023.58779527559,41.42059781000003,0.0569646097719669,0.082513116300106,-0.1347758322954177,2025.0,24.900086950159576,67.33039242803376
13301.088287401575,38.71523498000002,0.0962391123175621,0.1111608743667602,-0.1543421894311905,2025.0,25.135625217655715,66.85527347426294
13549.195078740158,39.279208280000034,-0.0066707418300211,0.1886501908302307,-0.2056600451469421,2025.0,24.886612220897785,67.23391336651933
13833.623228346456,38.00941385000005,0.0380539558827877,0.037372887134552,-0.0696132332086563,2025.0,24.86801709451651,66.98921228312517
16067.12125984252,40.38664676000002,0.0460624061524868,0.043372306972742,-0.0802704542875289,2025.0,24.84672702228288,67.10078304141281
13843.90374015748,39.750895040000046,0.0935602113604545,0.0768469050526619,-0.1184296011924743,2025.0,25.104363845768354,66.8752160735704
15815.831397637796,41.270204930000006,0.0470255799591541,0.1351300776004791,-0.1921222358942031,2025.0,25.08792467606897,67.18243990073928
11308.295472440945,30.58718342000003,-0.1530468463897705,0.2043597400188446,-0.1888071447610855,2025.0,24.733000307313347,67.25655091167914
14143.437204724409,39.02969282000004,0.0832767188549041,0.1295779347419738,-0.1896692514419555,2025.0,25.14236258228661,66.85311751758105
14612.13503937008,41.09075888000001,0.0652398318052291,0.1226879805326461,-0.1677128225564956,2025.0,25.066095614664864,67.23175740983744
12575.92440944882,39.262118180000016,0.0005807200795970857,0.0735532715916633,-0.0950429514050483,2025.0,24.86289669739703,67.0579334023603
10582.110925196848,41.76410882000002,0.0004988854634575546,0.0374952442944049,-0.0573562644422054,2025.0,24.99387106582165,66.94555416031696
14805.412598425197,42.78267878,0.0510762520134449,0.1113983988761901,-0.1621213555335998,2025.0,24.99171510913977,67.29293268068598
16097.671948818896,41.06854175000004,0.0962647646665573,0.0849072709679603,-0.1347349137067794,2025.0,25.14478803355373,67.33227889013041
16366.260531496064,43.546606250000025,0.0842698365449905,0.092123806476593,-0.1505197435617447,2025.0,24.97527593944038,67.30991083955584
15285.286614173228,39.576576020000005,0.0134519869461655,0.1930724382400512,-0.2244528830051422,2025.0,25.04184110199364,67.3802489263024
16475.433267716537,40.99847234000004,0.0727471187710762,0.1120748966932296,-0.1749193221330642,2025.0,25.142093087701376,67.14012925085724
10930.277263779528,30.790555610000013,-0.070821575820446,0.0749659389257431,-0.0691001936793327,2025.0,24.7739634842692,67.19375867331918
15640.406692913386,41.47528613000003,0.106431744992733,0.0997695550322532,-0.1497753262519836,2025.0,25.14478803355373,67.33578231973848
16526.268897637794,44.467762640000046,0.0809366405010223,0.055832240730524,-0.1185341700911521,2025.0,25.03860716697081,67.16869567689226
13491.46624015748,39.42618314000004,0.0459597930312156,0.0913396030664444,-0.1386825740337371,2025.0,25.020281535174767,67.27622401640136
15631.841732283465,42.26997577999998,0.0821467712521553,0.0785657837986946,-0.1334900707006454,2025.0,25.086307708557552,67.0579334023603
15162.137007874016,41.75385476000002,0.0846787989139556,0.0833131670951843,-0.1326295882463455,2025.0,25.045075037016467,67.044997662269
11261.712795275587,34.91439674000003,-0.0397392399609088,0.0632620006799697,-0.062559887766838,2025.0,24.80360788864514,67.16815668772178
14104.098622047244,39.17324966000001,0.0352004393935203,0.0540373288094997,-0.0887797027826309,2025.0,24.96368767227524,66.96549675962441
14586.997244094488,38.25038426000003,-0.0280751902610063,0.1806144714355468,-0.2155257910490036,2025.0,24.889846155920612,67.10051354682757
13863.918011811023,39.83976356000002,0.0392806157469749,0.0795864090323448,-0.1187879741191864,2025.0,25.002225397963965,66.98328340224998
15444.341732283465,38.28456446000001,0.0170612279325723,0.1461963802576065,-0.1835414618253708,2025.0,25.094662040699863,66.93854730110083
13759.44311023622,39.00747569000004,0.0055610365234315,0.1177535653114318,-0.1493271589279174,2025.0,24.876101932073585,67.25304748207107
16021.534645669291,41.44965098,0.0707738175988197,0.0968834459781646,-0.157757893204689,2025.0,25.025671426879487,67.24280668783211
13580.488385826771,41.10784898000003,0.0359693877398967,0.0674068182706832,-0.1054568588733673,2025.0,24.80172142654849,67.32554152549952
13137.817618110235,39.15786857000003,0.0399788543581962,0.0368500128388404,-0.069000095129013,2025.0,24.83621673345868,67.2134317780414
15520.155216535431,41.31634820000005,0.046568214893341,0.1276731789112091,-0.1752811223268509,2025.0,25.079570343926655,67.38725578551853
14580.07992125984,37.344608960000016,-0.0145616345107555,0.1774094104766845,-0.2107279747724533,2025.0,24.918143087370375,67.31880416086862
15006.177362204724,40.605400040000006,0.0458543971180915,0.1068573296070098,-0.163409873843193,2025.0,25.021359513515712,67.24361517158782
14904.296948818896,44.32933283000003,0.0735786631703376,0.1031818762421608,-0.1569966524839401,2025.0,24.906015831034765,66.89435018912215
15830.167027559057,39.44840027000001,0.0524291843175888,0.1070778891444206,-0.1518589854240417,2025.0,24.97204200441755,67.17947546030169
8970.288090551181,27.17941748000004,-0.0246443897485733,-0.0273278187960386,0.0543941296637058,2025.0,24.781239838070565,67.16600073103989
14875.460826771654,40.74382985000005,0.0526185594499111,0.1182377934455871,-0.1637998670339584,2025.0,24.994679549577363,67.25601192250866
14724.86437007874,43.90720736000003,0.1031308993697166,0.0804013386368751,-0.127567633986473,2025.0,25.136433701411423,66.90135704833828
11793.641929133855,32.036423900000045,-0.2076307535171508,0.2873421013355255,-0.2658606767654419,2025.0,24.762105722518815,67.41070181443405
15731.669488188976,40.02946367000001,0.0381730310618877,0.0599244944751262,-0.1017494276165962,2025.0,24.99737449542972,67.17624152527885
13843.19409448819,38.81435756000002,0.0365180671215057,0.0423949398100376,-0.0760655328631401,2025.0,24.949134964672503,67.01319730121116
15892.644881889762,42.24946766000002,0.0663849338889122,0.0792110040783882,-0.1387943029403686,2025.0,24.91086673356901,67.37081661581914
14056.433267716537,38.28627347,0.056494940072298,0.1191916987299919,-0.1598857045173645,2025.0,24.965304639786652,67.22232509935418
14439.99527559055,38.14271663,0.0412938147783279,0.0422432869672775,-0.0775966271758079,2025.0,24.912753195665665,66.9743900809372
13690.637992125989,40.0687709,0.0185086634010076,0.1572784334421157,-0.1869551837444305,2025.0,24.910597238983776,66.94636264407266
11727.303346456692,31.957809440000005,-0.1885939389467239,0.2719977796077728,-0.250580757856369,2025.0,24.76264471168929,67.38240488298429
13469.253641732284,39.63126434000003,0.0290629267692565,0.1051420047879219,-0.1448482125997543,2025.0,24.906015831034765,67.18243990073928
14798.444586614172,40.30803230000001,0.0532393120229244,0.1039987206459045,-0.152974396944046,2025.0,24.971233520661844,67.41016282526358
13282.781692913386,39.79532930000005,0.0368407107889652,0.1177963241934776,-0.1623498350381851,2025.0,24.828131895901603,67.35788087572782
17306.179330708666,42.69381026000002,0.0907214134931564,0.073957473039627,-0.1393156796693802,2025.0,25.105172329524063,66.89596715663356
11991.299409448817,31.561319120000007,-0.188842624425888,0.2728804647922516,-0.2497144043445587,2025.0,24.792828105235703,67.23499134486028
15781.402263779528,40.984800260000014,0.061249054968357,0.1091564372181892,-0.1690209358930587,2025.0,24.99818297918543,67.30047852907258
15403.822047244092,39.38003987000002,0.0976603552699089,0.0976709723472595,-0.1514305919408798,2025.0,25.14371005521279,66.89974008082686
12912.00807086614,41.50775732,0.0543125979602336,0.1068124920129776,-0.1362272202968597,2025.0,24.848882978964763,67.38429134508094
15054.078937007873,42.26313974000004,0.0591221340000629,0.1132750138640403,-0.1658993661403656,2025.0,25.146674495650384,67.08515235546913
13379.17440944882,38.93057024000001,0.053661972284317,0.0417853035032749,-0.0630567446351051,2025.0,24.75860229291075,67.31152780706725
14818.613385826771,41.96406299000003,0.0938880890607833,0.0945352092385292,-0.1454626321792602,2025.0,25.04426655326076,66.99352419648895
13017.004625984251,40.01066456000001,0.0344645455479621,0.0398688688874244,-0.0714529976248741,2025.0,24.852925397743302,67.20480795131385
14145.307283464566,39.22451996000001,0.0355103462934494,0.0534278973937034,-0.0932991579174995,2025.0,24.880952834607832,67.1360868320787
13334.813188976375,35.36899340000002,-0.0359089002013206,0.1964239627122879,-0.2109094709157943,2025.0,25.066095614664864,66.98247491849428
15341.983956692911,40.01920961000002,0.0168033260852098,0.1389863491058349,-0.1814547032117843,2025.0,25.059358250033966,67.3953406230756
15766.572047244095,42.31611905,0.1083746775984764,0.0819932743906974,-0.1388144493103027,2025.0,25.13589471224095,67.4411547025657
12850.012992125983,34.92806882000002,-0.070889264345169,0.234645664691925,-0.2469140589237213,2025.0,25.07983983851189,66.93854730110083
15639.442618110235,44.68138889000002,0.0696866139769554,0.0869011804461479,-0.1407687962055206,2025.0,24.883917275045427,67.39264567722324
15421.10059055118,40.82757134000002,0.0566876232624053,0.1125504001975059,-0.1632027775049209,2025.0,24.9453620404792,67.32581102008476
15529.671456692911,40.20207368000001,0.0262833796441555,0.0629542022943496,-0.1028491854667663,2025.0,24.95452485637722,67.0458061460247
14541.25561023622,39.28433531000002,0.023174038156867,0.163188487291336,-0.2042317241430282,2025.0,25.084421246460906,66.91590975594102
14787.868307086614,39.36807680000004,0.0381231680512428,0.0612017177045345,-0.0935603082180023,2025.0,24.84834398979429,67.00430397989838
14074.73248031496,35.38950152000001,0.0409930720925331,0.1382453441619873,-0.1770707368850708,2025.0,25.022437491856657,66.9285760014471
12792.081889763778,38.851955780000026,0.0285631325095891,0.0367935448884964,-0.0650732442736625,2025.0,24.901703917670996,67.06628773450262
13820.826968503938,39.22110194000004,0.0181467588990926,0.0615796521306037,-0.0901296734809875,2025.0,24.855889838180897,67.01912618208635
15376.918503937008,41.34711038,0.0672724768519401,0.0676279217004776,-0.1279699057340622,2025.0,25.07094651719911,67.31233629082296
15984.757086614174,39.6415184,0.0639679804444313,0.1093689426779747,-0.1738952100276947,2025.0,24.920838033222736,67.30613791536254
14056.713779527558,40.277270120000026,0.0524366162717342,0.0849224925041198,-0.1365073025226593,2025.0,24.813848682884103,67.41582221155353
15328.458858267715,42.83053106,0.0680507495999336,0.0843715146183967,-0.1348763555288314,2025.0,25.0520818962326,67.00511246365409
15784.062204724409,42.11103785000003,0.0848636701703071,0.09068214148283,-0.1486152708530426,2025.0,24.899278466403867,66.91267582091818
11976.940157480314,29.75831357000004,-0.2139095515012741,0.2978048324584961,-0.2695305943489074,2025.0,24.73488676941,67.30047852907258
13505.356496062994,39.58683008000003,-0.0106188207864761,0.1657373160123825,-0.1955930441617965,2025.0,24.935929729995944,67.13123592954446
14063.55777559055,37.905164240000005,-0.0375221371650695,0.2225451618432998,-0.2371541410684585,2025.0,25.09627900821128,66.98840379936946
13315.312204724409,37.22156024000003,-0.0669926032423973,0.2422060817480087,-0.24967822432518,2025.0,25.12484543424628,67.00430397989838
10792.29251968504,43.015104140000005,0.0637487322092056,0.0547910705208778,-0.0698723420500755,2025.0,24.81250120995792,67.29320217527122
16408.998228346456,41.136902150000026,0.06125358492136,0.0913467034697532,-0.1545931547880172,2025.0,25.04372756409029,67.33039242803376
14897.871751968503,40.63445321000003,0.0853852778673172,0.1033255979418754,-0.1537887305021286,2025.0,25.08469074104614,67.42848845705961
11519.83188976378,32.12529242000002,-0.1673405021429062,0.2350627481937408,-0.2168420106172561,2025.0,24.76857359256448,67.27299008137852
14095.072047244095,38.69130884000003,-0.013997821137309,0.1790555715560913,-0.203009620308876,2025.0,24.818699585418347,67.25331697665631
8992.179330708661,29.178959179999996,-0.0418078750371933,0.0094755943864583,0.0072148400358855,2025.0,24.75051745535368,67.42552401662202
11541.22657480315,32.80889642,-0.1610323786735534,0.2382842153310775,-0.2171085029840469,2025.0,24.748630993257024,67.32931444969282
15285.737893700783,41.43256088000004,0.049997191876173,0.1115309223532676,-0.1659256815910339,2025.0,24.90520734727906,67.41231878194546
14809.502657480316,40.458425180000006,0.0578993111848831,0.1173071265220642,-0.1667064130306244,2025.0,24.991984603725005,66.91968268013431
13588.525787401572,40.687432520000016,0.0114219402894377,0.1367866545915603,-0.1704512536525726,2025.0,24.878796877925943,67.32042112838003
17598.36437007874,41.34369235999998,0.0977238938212394,0.065775029361248,-0.1449716985225677,2025.0,25.13724218516713,67.3794404425467
13382.85748031496,38.74599716,0.030101167038083,0.0464005842804908,-0.0801291465759277,2025.0,24.87232900788028,67.00538195823933
15579.962303149605,41.75385476000002,0.0772480070590972,0.084440104663372,-0.1351269483566284,2025.0,24.97365897192897,66.89273322161073
8288.072047244093,28.02025040000001,-0.0201055947691202,-0.0234843641519546,0.0561002492904663,2025.0,24.75994976583693,67.33632130890895
15484.571062992123,38.27089238000002,0.0457604303956031,0.1495921909809112,-0.1989946365356445,2025.0,25.08496023563137,66.91159784257724
14993.105511811023,42.04096844000003,0.062525987625122,0.0709756091237068,-0.1184311211109161,2025.0,24.991984603725005,66.98409188600569
13379.05433070866,39.39542096000002,0.0246616844087839,0.0459974408149719,-0.0801881626248359,2025.0,24.929461859950283,67.05308249982606
14208.481496062992,41.18304541999999,0.0326955392956733,0.0894771516323089,-0.1244359388947486,2025.0,24.80765030742368,67.33955524393178
14597.406692913386,39.12539737999998,0.0096682868897914,0.0885413363575935,-0.123595505952835,2025.0,24.81762160707741,67.1420157129539
9723.04153543307,31.646769619999983,-0.0307737234979867,0.0768887102603912,-0.0817173868417739,2025.0,24.807919802008914,67.29347166985644
14374.613877952756,40.33879448000002,-0.0217117723077535,0.195933386683464,-0.2242501378059387,2025.0,25.000338935867315,67.35410795153452
14497.452952755906,39.89103385999999,0.0222704149782657,0.0653791055083274,-0.104037806391716,2025.0,24.917604098199902,67.15279549636334
15831.537598425197,39.75773107999999,0.0701693743467331,0.1021021008491516,-0.163146510720253,2025.0,24.967999585639014,67.42875795164485
16080.276771653544,43.42868456000002,0.0789164900779724,0.0827221274375915,-0.1354793459177017,2025.0,25.144249044383265,66.99082925063658
14836.884547244095,39.57999404000003,-0.0081329504027962,0.1870883107185363,-0.2121240049600601,2025.0,25.11056222122878,67.17166011732985
13945.606496062992,39.04336490000003,0.0016893342835828,0.1205888018012046,-0.1513978689908981,2025.0,24.9596452534967,67.16114982850564
15104.781692913384,43.62522071000001,0.066523864865303,0.0919918641448021,-0.1486350148916244,2025.0,24.88957666133538,67.39668809600178
15573.056299212598,39.84318158000002,0.0477564856410026,0.1221104934811592,-0.1723285913467407,2025.0,24.841876119748637,67.44007672422475
15267.95344488189,41.78632594999999,0.0303432568907737,0.1624433398246765,-0.2082643210887909,2025.0,24.95129092135439,67.24657961202541
16394.009547244095,42.17939825000002,0.0502215549349784,0.0823988541960716,-0.1363693177700042,2025.0,25.0272883943909,67.10159152516852
14066.51692913386,39.26553620000004,0.0245753116905689,0.0680590346455574,-0.1122299581766128,2025.0,25.04291908033458,67.01939567667158
15266.12027559055,41.589789800000005,0.0818441361188888,0.0876068994402885,-0.1386789381504058,2025.0,24.985516733679344,66.85446499050724
13060.78661417323,39.03652886000003,-0.0306864697486162,0.1192075908184051,-0.135964423418045,2025.0,24.78959417021288,67.37297257250103
16050.517421259843,41.377872560000014,0.0547791831195354,0.0899522006511688,-0.1475020498037338,2025.0,24.981474314900805,67.44142419715094
16140.683267716537,41.45477801000001,0.0739673972129821,0.1320529133081436,-0.1892103850841522,2025.0,25.11056222122878,67.27757148932754
14105.196062992129,42.24946766000005,0.0990898460149765,0.0694123208522796,-0.1067781522870063,2025.0,24.813040199128395,67.27891896225371
8629.218208661418,28.575678650000043,-0.0302130468189716,-0.0313888750970363,0.0515087135136127,2025.0,24.75860229291075,67.33254838471565
14502.881102362204,40.48235132000002,0.0262399520725011,0.0760661587119102,-0.1087346225976944,2025.0,24.865322148664152,67.04553665143946
12768.108464566929,41.45990504000002,0.012606918811798,0.1140688881278038,-0.1383351385593414,2025.0,24.792828105235703,67.35141300568216
14999.192125984251,41.28216800000001,0.0613970682024955,0.0921490490436554,-0.1458395719528198,2025.0,24.993601571236415,67.43495632710527
13135.73248031496,40.22941784,0.026555435732007,0.0484181344509124,-0.0767427012324333,2025.0,24.895505542210568,66.99002076688087
14972.988385826771,40.23625388000005,0.0559947304427623,0.0615942031145095,-0.0987153798341751,2025.0,24.779892365144384,67.07006065869592
16154.608956692917,40.95574709000002,0.0600500293076038,0.1013398841023445,-0.1651138365268707,2025.0,24.909788755228067,67.42767997330391
13306.405708661418,38.246966240000006,-0.0360977910459041,0.1523656547069549,-0.1652410328388214,2025.0,24.818699585418347,67.03125343842196
14796.709842519684,38.54091596000001,0.0074412641115486,0.0881678164005279,-0.1245919838547706,2025.0,24.80495536157132,67.04230271641663
15771.330905511812,37.57874333000001,0.0607861317694187,0.0523364171385765,-0.1028203889727592,2025.0,24.87313749163599,66.87494657898516
14879.165551181102,40.77288302,0.0058054365217685,0.1598857790231704,-0.208907663822174,2025.0,24.98902016328741,67.38132690464334
15870.22657480315,40.458425180000006,0.0351485759019851,0.104682371020317,-0.1513161808252334,2025.0,25.02809687814661,67.19106372746683
15758.95590551181,41.57611772000001,0.0962318405508995,0.0804452747106552,-0.1278609037399292,2025.0,25.101668899916,67.42471553286632
16028.662598425197,42.22554151999998,0.05251320078969,0.1270737498998642,-0.1862508058547973,2025.0,25.098434964893165,67.07329459371876
14876.90275590551,39.66886255999998,0.0053634280338883,0.1522954404354095,-0.1852776408195495,2025.0,25.034834242777507,67.28996824024838
12796.293996062992,37.04895023000003,0.0795862823724746,0.1106633991003036,-0.155369833111763,2025.0,25.132391282632884,66.8533870121663
16026.608464566929,43.61325764000003,0.0930631309747695,0.0644503310322761,-0.116471916437149,2025.0,25.149638936087975,67.03287040593338
15086.81811023622,38.29481852000004,-0.0314064361155033,0.1534440368413925,-0.1716746240854263,2025.0,24.90898027147236,67.06898268035498
14262.237401574805,36.72252932000004,0.0197919104248285,0.1649078428745269,-0.1918933391571045,2025.0,25.05908875544873,66.9037824996054
11727.864862204726,33.771069049999994,-0.0157184284180402,0.0246707554906606,-0.0387394540011882,2025.0,24.759680271251696,67.163844774358
14464.189173228347,39.11856134000004,0.0443812794983387,0.0520510599017143,-0.0946817696094513,2025.0,24.949134964672503,66.93881679568607
14394.900787401572,37.28992063999999,-0.0421367213129997,0.2251702845096588,-0.24900983273983,2025.0,24.92002954946703,67.30155650741352
16430.62765748032,42.22212350000001,0.0940149202942848,0.0718689486384391,-0.1328678727149963,2025.0,24.935929729995944,67.28754278898126
14017.465748031496,42.21870548000004,0.0487092360854148,0.0720011070370674,-0.1072706058621406,2025.0,24.83028785258349,67.26786968425904
15670.50807086614,43.06979246000003,0.0603980645537376,0.0986834019422531,-0.154045969247818,2025.0,25.000338935867315,67.26544423299192
15464.665059055118,42.82369502,0.0605036616325378,0.0879977941513061,-0.1381832957267761,2025.0,24.94994344842821,67.2382252798831
11160.378149606298,38.35634288000006,0.0106012783944606,0.0514705888926982,-0.0673538297414779,2025.0,24.847805000623826,67.09377618219668
15888.91407480315,39.63297335000004,-0.0124236121773719,0.1054748818278312,-0.147504985332489,2025.0,24.983899766167927,67.23957275280928
14117.388976377952,38.25038426000003,-0.0427198968827724,0.1609472632408142,-0.1859238594770431,2025.0,24.895775036795804,67.17624152527885
15033.783661417325,40.26701606000006,0.0045773275196552,0.1878930032253265,-0.2123025804758072,2025.0,25.120533520882507,67.27325957596376
11247.781692913386,42.293901920000025,-0.0554269067943096,0.1460670232772827,-0.1529582291841507,2025.0,24.808458791179387,67.3554554244607
15611.920964566929,42.71773640000001,0.0435003414750099,0.0353389494121074,-0.074109748005867,2025.0,24.87960536168165,67.11452726525984
12338.426377952756,40.00724653999998,0.0109228854998946,0.0666196420788765,-0.0915262028574943,2025.0,24.99737449542972,66.963879792113
17205.271850393703,42.338336180000056,0.0813890919089317,0.0775859728455543,-0.1456248313188552,2025.0,25.08199579519378,67.40046102019508
14388.689173228346,38.51528081000004,0.0354553759098053,0.0527889728546142,-0.0861250087618827,2025.0,24.874754459147407,67.01481426872257
14685.810236220472,42.07514864000001,0.0963535383343696,0.1011449769139289,-0.1454080790281295,2025.0,25.01489164347005,66.9390862902713
14262.525787401575,40.41740894000003,0.0322923511266708,0.0500050783157348,-0.080240823328495,2025.0,24.90951926064283,67.12126462989073
15090.91653543307,42.46822094000004,0.0199879202991724,0.1790704578161239,-0.2173473834991455,2025.0,25.11379615625161,67.16519224728418
14279.095669291337,39.309970460000045,0.0341981500387191,0.0393904000520706,-0.0712890625,2025.0,24.821933520441178,67.16195831226135
15018.57696850394,39.61588325,0.0567520335316658,0.1372277289628982,-0.1937186866998672,2025.0,25.111370704984488,67.02667203047295
14856.848129921258,40.13713130000002,0.0321008339524269,0.0577310882508754,-0.092860460281372,2025.0,24.912753195665665,67.05685542401937
8941.458858267717,28.85082926000001,-0.0528606623411178,-0.0084006460383534,0.0441184490919113,2025.0,24.740815650285185,67.44870055095231
16118.064173228347,40.71990371000001,0.0753625854849815,0.0909412205219268,-0.1416328102350235,2025.0,24.976084423196088,67.17839748196074
8855.030708661416,27.37766264000004,-0.0183950588107109,-0.0215255636721849,0.0418247357010841,2025.0,24.83163532550967,66.99163773439228
15713.629133858269,39.952558220000014,0.0592076741158962,0.1046202555298805,-0.1542077660560608,2025.0,24.88795969382396,66.95929838416399
14517.045472440946,36.42687059000002,-0.1073819696903228,0.2962071001529693,-0.293132483959198,2025.0,25.079570343926655,66.95983737333447
14716.2905511811,40.50285944000001,0.0628384798765182,0.0969984829425811,-0.1359019130468368,2025.0,24.87960536168165,66.93693033358942
15915.502657480316,42.46992995,0.0632731169462204,0.0760371908545494,-0.1338936984539032,2025.0,24.97204200441755,67.30398195868065
16270.538582677164,37.31726480000003,0.093105137348175,0.0874435529112815,-0.1424441784620285,2025.0,24.974736950269907,66.88707383532078
15094.717716535431,33.73517984,0.0523479804396629,0.0602395571768283,-0.1043059676885604,2025.0,25.016239116396232,66.92210813140144
15038.380118110235,41.62738802000001,0.0713186636567115,0.0857048034667968,-0.1330006718635559,2025.0,24.906824314790477,67.37890145337622
14848.493799212596,41.625679010000056,0.0800463557243347,0.0861123576760292,-0.1349124908447265,2025.0,24.939972148774483,66.90971138048059
14899.962795275587,40.362720620000005,0.0097619835287332,0.0842021331191062,-0.1097115278244018,2025.0,24.8672086107608,67.09162022551479
8486.891929133857,28.70385440000001,-0.0134244570508599,-0.0315098017454147,0.0458612963557243,2025.0,24.766417635882597,67.335243330568
16428.26692913386,41.65473218,0.0892906785011291,0.0826656222343444,-0.1494457274675369,2025.0,25.141554098530904,67.44142419715094
15516.54251968504,40.989927290000026,0.0481677949428558,0.1061778739094734,-0.1589587330818176,2025.0,25.027557888976137,67.3373992872499
14768.394881889764,41.89399358000003,0.0784789249300956,0.0683504492044448,-0.1148018836975097,2025.0,25.10894525371737,66.93666083900418
14992.1655511811,40.15080338000004,0.0693444311618805,0.0973870083689689,-0.1498122662305832,2025.0,24.87960536168165,67.28161390810607
14101.419488188978,41.473577120000016,0.0581402257084846,0.1153232082724571,-0.1564427763223648,2025.0,25.13912864726378,66.94016426861224
14594.834842519682,42.32124607999998,0.0698006078600883,0.0786875411868095,-0.1220734193921089,2025.0,24.896314025966277,66.9668442325506
14970.316141732284,41.02581650000002,0.0851446911692619,0.0739147439599037,-0.1247019246220588,2025.0,24.95695030764434,66.86659224684286
13345.177362204726,37.16345390000004,0.0333040095865726,0.0341070406138896,-0.0626649558544159,2025.0,24.876101932073585,67.00214802321649
11684.210826771656,32.05009598000004,-0.194449707865715,0.2763548791408539,-0.2543584108352661,2025.0,24.751325939109385,67.3659657132849
14038.82992125984,35.25961676000003,0.101638026535511,0.1088582649827003,-0.1576076745986938,2025.0,25.141554098530904,66.87198213854757
14027.56466535433,37.477911740000025,-0.0293003264814615,0.2089249044656753,-0.2156537175178527,2025.0,25.051542907062128,66.92453358266856
14336.137007874016,42.76217066000004,0.0607545748353004,0.0953064188361167,-0.1431513130664825,2025.0,24.81789110166264,67.37674549669433
16048.111417322834,41.14202918000001,0.0609631910920143,0.1125728115439415,-0.1746676564216613,2025.0,25.05315987457354,67.26813917884428
13667.010039370078,42.51607322000001,0.0537600517272949,0.063595600426197,-0.1085192039608955,2025.0,24.953985867206747,66.92695903393569
16301.071062992129,43.456028720000006,0.0665051564574241,0.0709233656525611,-0.1345774829387664,2025.0,25.026479910635192,67.32284657964716
14329.136023622046,38.29481852000001,0.0303825642913579,0.15279321372509,-0.1855407953262329,2025.0,25.10786727537642,67.01319730121116
15356.515452755904,38.76308726000002,0.0073187695816159,0.0816209837794303,-0.1146382465958595,2025.0,24.92191601156368,67.12800199452164
14059.453937007873,42.553671440000016,0.0265224818140268,0.1461886465549469,-0.1776661425828933,2025.0,24.8739459753917,67.12234260823168
16002.237893700789,40.23112685000004,0.0626910701394081,0.0668665468692779,-0.1109530180692672,2025.0,24.813848682884103,67.15360398011904
14714.921456692911,40.21916378000003,0.0022953914012759,0.123951531946659,-0.1610763370990753,2025.0,24.96826908022425,67.06035885362743
16159.430807086614,41.14715620999999,0.0555061921477317,0.1076318696141243,-0.1596828699111938,2025.0,25.04750048828359,67.12584603783975
15710.953937007876,44.63353661000002,0.0854758769273758,0.0741158872842788,-0.1318316459655761,2025.0,25.11837756420062,67.07491156123017
16042.819094488188,41.08050481999999,0.0685060694813728,0.1230247989296913,-0.1812160909175872,2025.0,25.133199766388596,67.16653972021037
14236.835334645668,41.11297601000001,0.0550620406866073,0.1013112068176269,-0.1430055499076843,2025.0,24.89334958552868,67.32042112838003
16944.53661417323,39.53555978000003,0.0645834729075431,0.0983583256602287,-0.153735801577568,2025.0,25.10220788908647,67.14902257217003
13267.967716535431,35.902204520000055,-0.0711501315236091,0.2273666262626648,-0.2340471297502517,2025.0,24.88472575880113,67.3621927890916
15419.7718503937,40.03800871999999,0.0833422914147377,0.0642806068062782,-0.1082139015197753,2025.0,24.80414687781561,66.96307130835729
11141.473622047244,30.535913120000004,-0.1789107471704483,0.2478929609060287,-0.2254485934972763,2025.0,24.754559874132216,67.36650470245537
16873.816141732284,40.989927290000026,0.069148413836956,0.0623305179178714,-0.1154629215598106,2025.0,24.965843628957124,66.99891408819366
13932.942618110235,39.02456579,0.0273066833615303,0.0570243336260318,-0.0877722799777984,2025.0,24.907363303960945,66.96576625420965
14698.055807086614,37.72059116,0.016546357423067,0.0671534389257431,-0.1006255373358726,2025.0,24.880144350852124,67.02990596549579
12689.243307086614,39.93546812000005,0.0208837389945983,0.0825387313961982,-0.1176508516073226,2025.0,24.969616553150427,66.91375379925913
14513.836811023622,37.279666580000026,-0.020083075389266,0.2129948288202285,-0.2301990240812301,2025.0,24.855081354425188,67.4419631863214
9841.327952755904,29.85230912000003,-0.0524095557630062,0.0446022227406501,-0.0410687774419784,2025.0,24.75860229291075,67.15764639889758
14690.618307086615,39.77823920000003,0.0298290979117155,0.0652203932404518,-0.1025266796350479,2025.0,24.97527593944038,66.98786481019899
16679.916535433076,43.309053860000006,0.0694070607423782,0.0541120655834674,-0.1162818521261215,2025.0,25.046422509942648,67.32096011755051
14912.276771653542,40.77630104000002,0.07514039427042,0.0596206113696098,-0.0964906141161918,2025.0,24.77369398968396,67.082726904202
15667.45,40.55412974000001,0.0647610127925872,0.1199612915515899,-0.174871414899826,2025.0,25.10894525371737,67.17031264440367
14546.902263779528,40.11320516000001,0.0406044982373714,0.0594440959393978,-0.1023946553468704,2025.0,24.95829778057052,66.95363899787404
15365.773818897638,41.67524030000004,0.0974214375019073,0.0936329588294029,-0.1434013247489929,2025.0,25.112448683325432,67.41124080360451
15838.340255905512,40.33537646000002,-0.0049052699469029,0.2018981277942657,-0.234750896692276,2025.0,25.07876186017095,67.23472185027504
15712.346653543307,40.10466011,0.0313282161951065,0.1300115883350372,-0.1795170754194259,2025.0,25.000877925037788,67.33928574934654
14336.332381889764,43.45261070000001,0.0311204753816127,0.1125613003969192,-0.1608420014381408,2025.0,24.897392004307218,67.36812166996678
16931.622244094488,39.36124075999999,0.078867569565773,0.0545920580625534,-0.1092499643564224,2025.0,24.866130632419857,66.85769892553007
13258.746751968503,38.60244032000003,0.0923065617680549,0.0676044896245002,-0.106818713247776,2025.0,25.1234979613201,66.88141444903083
15625.558267716537,41.77436288000001,0.0773549228906631,0.0936179235577583,-0.1484291702508926,2025.0,24.99656601167401,66.88626535156507
16730.78415354331,40.96087412000003,0.0674097388982772,0.0759374275803566,-0.146392360329628,2025.0,25.059627744619203,67.32365506340287
14439.56811023622,41.15228324000003,-0.1216620504856109,0.3361347317695617,-0.3168030381202698,2025.0,24.8310963363392,67.27595452181612
15352.923917322834,43.693581110000025,0.085040658712387,0.0947104766964912,-0.146464005112648,2025.0,25.05639380959637,67.0420332218314
15371.537598425197,40.410572900000034,0.044422224164009,0.066990353167057,-0.1059165000915527,2025.0,24.9844387553384,67.1209951353055
14337.460826771654,34.40169374000004,-0.0457314737141132,0.2388360947370529,-0.2419352829456329,2025.0,25.058819260863498,66.9218386368162
13783.373228346456,39.72696890000003,0.0488616004586219,0.0926972329616546,-0.1359947472810745,2025.0,24.915717636103256,67.11506625443032
14679.314173228346,38.34950684,0.035024344921112,0.0924068093299865,-0.1314419209957122,2025.0,25.055854820425903,67.01346679579639
15252.334842519684,42.79635086000002,0.091073952615261,0.1016143634915351,-0.1597904115915298,2025.0,25.13805066892284,67.2029214892172
16284.98690944882,42.423786680000006,0.079359732568264,0.0937005430459976,-0.1548414826393127,2025.0,25.056932798766844,67.24496264451399
14813.62125984252,39.83976356,0.0303425546735525,0.1137010902166366,-0.1509382128715515,2025.0,24.804416372400848,67.41285777111594
14294.426377952756,36.100449680000025,0.033934149891138,0.0332994535565376,-0.0602759420871734,2025.0,24.82328099336736,67.01427527955211
13909.275787401575,38.30849060000003,0.0379959121346473,0.0564729422330856,-0.1002599447965622,2025.0,24.854811859839952,67.33766878183513
14932.54251968504,39.59708414000002,0.0449982322752475,0.1071622297167778,-0.150412917137146,2025.0,24.85184741940236,67.14740560465862
9391.308267716531,29.807874860000027,-0.011618117801845,-0.0128296511247754,0.0303369387984275,2025.0,24.80765030742368,66.98490036976139
12374.30285433071,37.732554230000034,0.0074772504158318,0.0409460738301277,-0.073402427136898,2025.0,24.788785686457167,67.42202058701396
15134.282677165353,40.41399092000006,0.0547893121838569,0.1177334189414978,-0.1713203936815261,2025.0,24.93512124624024,67.38186589381381
16026.772834645668,41.36761850000005,0.0515923090279102,0.0813164710998535,-0.1254356503486633,2025.0,24.97419796109944,67.06844369118451
15469.018405511812,40.25847101000002,0.0389171652495861,0.0614832080900669,-0.1007037013769149,2025.0,24.93835518126307,67.04338069475757
16072.077952755906,41.032652540000015,0.0973186939954757,0.0811330750584602,-0.1325512826442718,2025.0,25.11837756420062,67.43414784334956
14499.04498031496,42.37422539000005,0.0855037420988082,0.0993780121207237,-0.1546631306409835,2025.0,24.941858610871133,66.87090416020662
15355.17342519685,43.82175686000005,0.0783093273639679,0.0915364846587181,-0.1483070403337478,2025.0,25.13670319599666,67.06979116411068
13577.919488188976,37.85731196000006,0.0716418847441673,0.1210719868540763,-0.1699012666940689,2025.0,24.87232900788028,67.4365732946167
13814.117814960628,38.48110061000003,-0.0213192608207464,0.1912039667367935,-0.2218169271945953,2025.0,25.02162900810095,66.85177004465488
15222.700984251967,43.57224140000005,0.0156405996531248,0.1446999311447143,-0.1765329837799072,2025.0,25.056124315011136,67.32904495510758
17772.44311023622,39.07412708000004,0.0965703949332237,0.0551616512238979,-0.1221031919121742,2025.0,24.941050127115428,67.40019152560986
8662.343700787402,28.08519278,-0.0190452262759208,-0.036628421396017,0.0605530180037021,2025.0,24.77423297885443,67.38536932342188
14701.08188976378,39.88077980000003,0.0414777137339115,0.0732684955000877,-0.1175246834754943,2025.0,24.87960536168165,67.29050722941885
16029.750196850391,40.94720203999998,0.0892991051077842,0.0628508925437927,-0.1133100762963295,2025.0,25.118916553371093,66.90486047794634
15657.102559055118,43.32614396000002,0.0674244612455368,0.1044132113456726,-0.164717897772789,2025.0,24.99764399001496,67.25035253621871
15741.403248031496,40.048262780000016,0.0444790236651897,0.1089270561933517,-0.1636781990528106,2025.0,24.96018424266717,67.2562814170939
11469.098622047244,32.66021255000001,-0.1909096091985702,0.2760375738143921,-0.2526849508285522,2025.0,24.811153737031745,67.23283538817839
15327.905708661416,40.97112818,0.0752826929092407,0.1266235560178756,-0.1833247691392898,2025.0,25.11271817791067,67.28269188644701
15475.495767716537,41.04290660000001,0.0783452689647674,0.0951088443398475,-0.1524436622858047,2025.0,25.00465084923109,67.40908484692264
14673.950984251966,40.410572900000005,0.0620173700153827,0.075925625860691,-0.1239348948001861,2025.0,24.84295409808957,67.42633250037773
15826.43818897638,42.66304808000001,0.0590652301907539,0.0840165689587593,-0.1366487741470337,2025.0,24.92353297907509,66.95525596538545
17483.61289370079,41.374454540000045,0.0786061286926269,0.0819795578718185,-0.1412545591592788,2025.0,25.086307708557552,67.10859838438465
15002.253149606298,40.622490140000025,0.0312671437859535,0.0968855768442154,-0.1336102932691574,2025.0,24.80818929659415,67.12045614613503
14959.032185039368,39.47745344000003,0.0319045782089233,0.0606506951153278,-0.093407928943634,2025.0,24.94967395384297,67.06628773450262
13376.816141732284,39.672280580000006,-0.0183038618415594,0.1139444261789321,-0.1365307420492172,2025.0,24.871790018709813,67.08892527966243
16319.501673228347,39.31851551000005,0.0519586019217968,0.0921295508742332,-0.1410150825977325,2025.0,25.002225397963965,67.12584603783975
14680.10059055118,40.70110460000001,0.0408056266605854,0.03769401460886,-0.067111849784851,2025.0,24.803068899474667,67.14390217505056
15537.69409448819,42.924526610000015,0.0872283354401588,0.10796869546175,-0.164120614528656,2025.0,25.10355536201265,67.04661462978041
14515.65374015748,39.13565144000006,0.0390833280980587,0.1490504294633865,-0.1821458637714386,2025.0,25.058280271693025,66.98597834810234
14224.43622047244,39.19033976000003,0.0373427793383598,0.0367420949041843,-0.0736173242330551,2025.0,25.01057973010628,67.08811679590673
15883.795964566929,41.20868057000001,0.0317703075706958,0.1277864724397659,-0.1739617437124252,2025.0,24.994679549577363,67.25843737377579
15823.395374015749,38.45033842999999,0.0160787999629974,0.1112466156482696,-0.1515058726072311,2025.0,24.96234019934906,67.15522094763045
15991.814173228347,39.69107969000001,0.0461456850171089,0.0645534321665763,-0.1110773086547851,2025.0,24.864513664908444,67.35195199485263
16711.885039370078,40.98480026000004,0.0657169967889785,0.070535123348236,-0.1290422528982162,2025.0,24.971772509832316,67.28808177815174
14681.59566929134,42.55025341999999,0.089431345462799,0.0816758349537849,-0.1302399337291717,2025.0,25.12295897214963,67.05604694026366
14424.160629921258,39.83292752,0.0591459237039089,0.1198549196124076,-0.1737949699163437,2025.0,24.9273059032684,67.35599441363117
14605.35059055118,40.85149748000004,0.0303451139479875,0.0624058656394481,-0.0977730080485344,2025.0,24.95802828598529,67.09162022551479
17149.178346456694,42.29731994000002,0.0950432792305946,0.0908673182129859,-0.159295916557312,2025.0,25.149369441502746,67.24981354704825
13463.656692913384,38.64858359000005,0.0347203277051448,0.0496471710503101,-0.0877799838781356,2025.0,25.00006944128208,67.07221661537781
15243.288582677162,40.571219840000026,0.0621999017894268,0.0469908788800239,-0.0924364700913429,2025.0,24.970964026076608,66.89596715663356
13828.26988188976,39.06729103999999,0.0304836891591548,0.0426704101264476,-0.0744929760694503,2025.0,24.846188033112405,67.0037649907279
17311.484940944883,40.3251224,0.0549383498728275,0.0667225196957588,-0.1134499981999397,2025.0,24.876910415829293,67.23175740983744
13208.62027559055,40.297778240000014,0.0529440715909004,0.0455155633389949,-0.0863932892680168,2025.0,24.822742004196886,67.29913105614641
13722.56122047244,37.93592641999999,-0.0383946821093559,0.2136432826519012,-0.2220798581838607,2025.0,24.983360776997458,67.0037649907279
13576.007086614174,38.28798247999998,0.0232652500271797,0.0566706806421279,-0.0878419652581214,2025.0,24.93188731121741,67.03852979222333
17936.339763779528,42.05464052000002,0.062038242816925,0.0645136162638664,-0.1262792944908142,2025.0,25.0197425460043,67.29859206697593
13361.426377952756,41.74018268,0.0251478645950555,0.0453254841268062,-0.0789945945143699,2025.0,24.81465716663981,67.42148159784348
15331.445078740157,41.00189036,0.035211082547903,0.1524386405944824,-0.208948865532875,2025.0,25.1121791887402,67.21882166974612
13356.201968503938,36.592644560000025,0.0995033159852027,0.1034951731562614,-0.144828200340271,2025.0,25.13535572307048,66.87198213854757
14861.365846456692,40.73870282000004,0.0576464906334877,0.0974071621894836,-0.1475739926099777,2025.0,25.094931535285102,67.40908484692264
12276.670964566929,38.74599716,-0.0519489534199237,0.1914891302585601,-0.1977606415748596,2025.0,25.02405445936807,67.01858719291587
15491.968700787402,38.773341320000014,0.0359035059809684,0.0526564083993434,-0.0920560285449028,2025.0,24.94024164335972,67.14821408841432
16027.255610236218,42.69722828000002,0.1049378290772438,0.088149294257164,-0.1434016227722168,2025.0,24.98686420660552,66.86039387138243
15917.764960629922,41.41547078000002,0.0424458757042884,0.1038934737443924,-0.1607816815376281,2025.0,25.010040740935807,67.20103502712055
13372.070078740158,41.029234520000045,0.0399745590984821,0.103786289691925,-0.141214057803154,2025.0,24.82085554210024,67.4058509118998
14722.14931102362,42.03071438000004,0.0261428076773881,0.0708388909697532,-0.1147335991263389,2025.0,25.081726300608544,67.34548412480697
14342.54744094488,39.85685366000001,0.0193012040108442,0.1356362998485565,-0.1515171080827713,2025.0,24.811692726202217,67.03260091134814
16297.764468503938,42.63912194000002,0.0821970626711845,0.066174030303955,-0.1283174902200698,2025.0,25.076336408903828,67.0714081316221
11384.98838582677,31.793744479999987,-0.1834024935960769,0.2485663443803787,-0.2273309826850891,2025.0,24.73973767194424,67.42040361950254
14755.686220472442,39.80900138000004,-0.0042030569165945,0.179813876748085,-0.2152989953756332,2025.0,24.857237311107077,67.37485903459768
15280.72066929134,41.20355354000003,0.0974501073360443,0.0751024112105369,-0.1290416121482849,2025.0,25.14694399023562,67.25735939543485
11742.176377952756,32.25859520000006,-0.2033552378416061,0.2876948416233063,-0.2617528140544891,2025.0,24.757793809155043,67.35518592987546
16610.20393700788,42.00337022000002,0.0657931715250015,0.0986031964421272,-0.1566635221242904,2025.0,25.04938695038024,67.27972744600942
13987.117814960631,39.19033976,0.0368596352636814,0.0451356247067451,-0.0792886167764663,2025.0,24.94024164335972,66.98597834810234
15183.7093503937,40.55242073000002,0.0261807944625616,0.0834700986742973,-0.12807098031044,2025.0,24.976084423196088,67.12638502701022
13975.2093503937,37.322391830000015,-0.0613178238272666,0.1927943378686905,-0.2096103876829147,2025.0,24.984169260753163,67.20561643506956
14790.769881889762,40.63958023999999,0.0751112774014473,0.0944444462656974,-0.1424506902694702,2025.0,25.075797419733355,67.02289910627965
17063.76200787402,42.406696580000016,0.0807932615280151,0.0677463859319686,-0.1203022673726081,2025.0,25.045883520772176,67.1600718501647
16087.721653543307,40.484060330000034,0.0435548946261405,0.113869622349739,-0.1691079437732696,2025.0,24.927575397853637,67.2260980235475
11298.855511811023,33.634348250000045,-0.0390107296407222,0.0528633370995521,-0.0599347539246082,2025.0,24.774502473439668,67.25196950373012
13515.611417322836,35.51596826000002,-0.045087669044733,0.1262202262878418,-0.1571250408887863,2025.0,25.09547052445557,67.00780740950644
8825.868799212598,27.30759323000001,-0.0191889256238937,-0.0352722965180873,0.051925491541624,2025.0,24.834330271362028,66.96792221089153
14758.60994094488,40.44475310000004,0.0135779911652207,0.1840309798717498,-0.216281771659851,2025.0,25.10463334035359,67.21882166974612
15433.334842519682,41.70429347000004,0.0788185521960258,0.1114188060164451,-0.1763465702533722,2025.0,25.11002323205831,67.06736571284357
15727.639468503936,41.30951216000005,0.0532828830182552,0.0890958458185195,-0.138318657875061,2025.0,25.07229399012529,67.1449801533915
13899.173917322834,39.16128659000003,0.0350976102054119,0.0634846091270446,-0.0925156027078628,2025.0,24.827862401316366,67.01993466584206
14056.380118110235,40.23625388000005,-0.0069419671781361,0.1923687309026718,-0.2175842821598053,2025.0,25.12996583136576,67.03799080305286
14217.74281496063,38.89297202,0.0039155674166977,0.184346929192543,-0.21873639523983,2025.0,24.96611312354236,67.41770867365018
14596.902263779528,41.92475576000001,0.0988949984312057,0.118903249502182,-0.1715198755264282,2025.0,24.93539074082548,66.85500397967772
12852.026771653544,40.17472952000003,-0.0168695710599422,0.1610218435525894,-0.1785965710878372,2025.0,24.829479368827784,67.29751408863498
13625.629133858269,35.461279940000054,-0.0744196400046348,0.2599847018718719,-0.2647875249385834,2025.0,25.076605903489064,66.97762401596003
14170.427362204728,37.33777292000002,-0.1496001780033111,0.3299636542797088,-0.318372517824173,2025.0,24.86909507285745,67.11560524360078
14636.26151574803,39.27579026000001,0.0031767094042152,0.1571033746004104,-0.1870861500501632,2025.0,25.035373231947972,67.06359278865027
13204.949999999995,37.23523232000002,-0.0342834256589412,0.1825234740972519,-0.1891314089298248,2025.0,24.86289669739703,67.10886787896989
15779.327952755904,40.78655509999999,0.0551999807357788,0.1026897877454757,-0.1584062874317169,2025.0,24.974467455684675,67.37917094796146
14768.365354330708,39.65177246000002,0.1059173047542572,0.0841679871082305,-0.1275172233581543,2025.0,25.131313304291943,67.41932564116159
10884.000196850391,35.909040559999994,-0.0540027096867561,0.0796340405941009,-0.0783067420125007,2025.0,24.78824669728669,67.40073051478032
16025.909645669288,39.73380494000003,0.0506769828498363,0.1260324269533157,-0.1829166412353515,2025.0,25.14263207687185,67.12907997286258
16678.548425196852,40.42766300000005,0.0736438482999801,0.1041321381926536,-0.1678764820098877,2025.0,25.09304507318845,67.330661922619
8779.17687007874,27.620342059999984,-0.0231324322521686,-0.0453007332980632,0.0788439214229583,2025.0,24.775310957195376,67.21936065891659
13866.242322834643,37.90687324999999,0.0151211619377136,0.1788635700941085,-0.2137364000082016,2025.0,24.974467455684675,67.3764760021091
15354.88848425197,40.06706188999999,0.06085741892457,0.1261791586875915,-0.177596777677536,2025.0,25.118916553371093,66.9743900809372
14088.610433070864,38.32216268000002,0.0179800223559141,0.0836829021573066,-0.1169906035065651,2025.0,24.85642882735137,67.23930325822404
14011.78366141732,37.06433132000004,0.0045536225661635,0.1778375506401062,-0.2077347785234451,2025.0,25.064748141738686,66.91267582091818
11896.553346456692,28.73803459999999,-0.1983324289321899,0.2768140733242035,-0.2636983692646026,2025.0,24.854811859839952,66.9210301530605
13091.881102362206,41.05316066,0.0079585276544094,0.0646121650934219,-0.0923352465033531,2025.0,24.78204832182627,67.35868935948353
14071.790059055116,40.20890972000004,0.0542016997933387,0.137373611330986,-0.1806049644947052,2025.0,24.92919236536505,66.90566896170205
14371.325,39.762858110000025,0.0299128592014312,0.0311958454549312,-0.063345767557621,2025.0,24.82328099336736,67.13285289705588
14079.44212598425,37.050659240000016,-0.0459747053682804,0.2304672598838806,-0.2455462217330932,2025.0,25.07283297929576,66.96280181377206
16410.919488188978,38.89639004000003,-0.0050434907898306,0.0890134647488594,-0.1304840296506881,2025.0,25.03860716697081,67.12126462989073
14599.896358267715,39.69278870000002,0.0606309697031974,0.1408768147230148,-0.1952228993177414,2025.0,25.083612762705197,67.02586354671725
14462.09566929134,39.16128659000003,0.0733385905623436,0.0531005822122097,-0.0967741534113884,2025.0,25.011388213861984,66.86524477391667
16051.687696850391,43.45090169000002,0.0909026116132736,0.0876083374023437,-0.1506208777427673,2025.0,25.11271817791067,67.06763520742881
15751.73838582677,40.10124209000003,0.0366520471870899,0.1162952557206153,-0.1653027236461639,2025.0,25.117569080444916,66.91375379925913
15948.859448818896,41.555609600000025,0.0831011086702346,0.0838107392191886,-0.1344340294599533,2025.0,25.099782437819343,67.40153899853603
17208.018897637794,41.70942050000002,0.0862696319818496,0.0635665729641914,-0.1307445615530014,2025.0,25.111640199569724,67.31610921501627
17402.304330708663,43.19625919999999,0.0786861181259155,0.0762485414743423,-0.1455417871475219,2025.0,25.096817997381752,67.35195199485263
14161.697047244092,39.27579026000001,0.0285698361694812,0.0324898846447467,-0.0631912127137184,2025.0,24.825436950049244,67.07841499083824
13487.043503937008,39.05361896,-0.0356321446597576,0.1759648025035858,-0.1938135027885437,2025.0,24.828670885072075,67.41420524404211
16441.128149606302,42.43062272,0.0646022856235504,0.0933310911059379,-0.148386999964714,2025.0,25.06178370130109,67.11371878150413
14119.685236220472,39.15615955999999,0.0310013219714164,0.0752962082624435,-0.111686460673809,2025.0,24.78339579475245,67.06871318576975
15124.740354330708,40.531912610000006,0.0244328398257493,0.1483905166387558,-0.1895165145397186,2025.0,25.09223658943274,67.20346047838767
14346.60748031496,35.608254800000054,0.0944340527057647,0.1182704269886016,-0.1641130447387695,2025.0,25.10867575913213,66.86793971976903
10314.163582677164,29.626719800000046,-0.1156269684433937,0.1529152989387512,-0.1428454965353012,2025.0,24.85562034359566,66.90405199419064
13387.832874015749,41.24798780000003,0.0251866709440946,0.0787009745836258,-0.1217773929238319,2025.0,24.869634062027924,67.30694639911825
15411.271358267715,41.53168346000001,0.1133625656366348,0.0883141383528709,-0.1378355920314788,2025.0,25.12161149922345,67.39992203102462
15275.23592519685,39.58853908999998,0.0746589452028274,0.0888711884617805,-0.1468803286552429,2025.0,24.956680813059105,67.37108611040438
15138.47559055118,43.19796821000003,0.055910401046276,0.0507213175296783,-0.0903043895959854,2025.0,24.946440018820145,67.08784730132149
14666.209842519684,40.85833352000003,0.0401076450943946,0.1521272212266922,-0.1941089779138565,2025.0,25.143440560627557,67.0037649907279
14138.915551181104,34.57943078000005,-0.06336010992527,0.2540335059165954,-0.2447685748338699,2025.0,25.029444351072787,66.92668953935045
11811.79251968504,35.33823122000001,-0.0155077539384365,0.0498606376349926,-0.0662472993135452,2025.0,24.746475036575134,67.31826517169814
16333.303346456694,43.05953840000001,0.082751840353012,0.063501589000225,-0.1187649965286254,2025.0,25.05720229335208,67.04769260812135
14877.740354330708,39.162995600000045,0.0264917686581611,0.0917849317193031,-0.1265487372875213,2025.0,25.010310235521043,67.17381607401173
15604.50216535433,40.16618447000002,0.0287307351827621,0.1410140544176101,-0.1945190727710724,2025.0,24.99683550625925,67.35599441363117
13651.743307086615,44.994137720000026,0.0370538122951984,0.0551834143698215,-0.0976394191384315,2025.0,24.904937852693823,66.91456228301483
14945.873228346456,37.72400918000005,0.0689797177910804,0.1111180409789085,-0.1573454141616821,2025.0,25.01893406224859,66.91267582091818
15398.326968503938,40.704522620000034,0.0203952491283416,0.1293518245220184,-0.1596457660198211,2025.0,25.06313117422727,67.16168881767612
17649.138976377955,42.406696580000016,0.0864997059106826,0.0622567050158977,-0.1276171952486038,2025.0,25.14263207687185,67.36812166996678
15163.791535433067,41.53510147999998,0.0827956721186637,0.101917915046215,-0.1567611545324325,2025.0,24.914370163177075,66.87548556815564
14528.132578740158,37.30871975000002,0.0196292791515588,0.108605571091175,-0.1453240513801574,2025.0,25.10086041616029,66.94609314948744
14576.358956692911,39.31509749000003,0.0346707850694656,0.0431264154613018,-0.0776836946606636,2025.0,24.8416066251634,67.07248610996305
13909.776771653544,40.20549170000004,0.0290421806275844,0.0422485098242759,-0.0742886215448379,2025.0,25.03375626443656,67.33012293344852
14938.501673228346,42.22212350000004,0.0530913695693016,0.0742296501994133,-0.1181203797459602,2025.0,24.8672086107608,66.93207943105517
10097.554330708665,32.33208263000003,-0.024459907785058,-0.0023883203975856,0.0056408932432532,2025.0,24.788785686457167,67.4042339443884
14068.879133858269,41.5556096,0.0617417357861995,0.0731476619839668,-0.1158184707164764,2025.0,24.87529344831788,66.9571424274821
14311.152755905512,39.67911662000006,0.0550631992518901,0.1194882467389106,-0.1662184000015258,2025.0,24.8814918237783,67.40638990107027
13541.955905511812,39.463781359999984,0.0216734036803245,0.0698713958263397,-0.1000400632619857,2025.0,24.83810319555533,67.22555903437701
14450.968700787402,37.64539472000001,0.0112790446728467,0.085574634373188,-0.114857941865921,2025.0,24.94293658921208,67.03879928680857
13993.30875984252,40.59514598000001,0.0368478521704673,0.0365357100963592,-0.0683352947235107,2025.0,24.82974886341302,67.13312239164111
15392.986417322834,39.689370680000025,0.0668364092707634,0.0999799966812133,-0.158660277724266,2025.0,24.903590379767643,67.41743917906494
14255.933267716537,39.42960116000006,0.0155370691791176,0.0880324319005012,-0.121641106903553,2025.0,24.807919802008914,67.03475686803003
13822.124212598424,40.13713130000002,0.0509608350694179,0.1255447715520858,-0.1645514369010925,2025.0,24.82247250961165,67.36866065913725
14764.319094488188,39.23819204000006,0.0292951874434947,0.0330961793661117,-0.0661973133683204,2025.0,24.81977756375929,67.17462455776744
16468.89094488189,42.37251638000001,0.0761551037430763,0.0929402634501457,-0.1571106761693954,2025.0,25.00842377342439,67.28080542435036
14945.859448818896,41.40179870000003,0.0575027093291282,0.1089893728494644,-0.1606551259756088,2025.0,24.977970885292734,67.30047852907258
15416.37618110236,40.57805588000002,0.024011667817831,0.1017939075827598,-0.1359488815069198,2025.0,24.88230030753401,67.11183231940748
14072.401771653542,37.915418300000056,0.0414443984627723,0.0457665920257568,-0.0795372352004051,2025.0,24.84052864682245,67.01346679579639
14448.212795275587,40.311450320000006,0.0536803044378757,0.1249163225293159,-0.175375759601593,2025.0,24.964765650616183,67.39561011766084
13113.059744094488,38.58193220000001,0.0326462872326374,0.0424456000328063,-0.0739242658019065,2025.0,24.873676480806463,66.98355289683522
14613.16407480315,40.89422273000002,0.040669996291399,0.0580415949225425,-0.0987609699368476,2025.0,24.84591853852717,67.14147672378343
8555.075984251967,28.510736270000024,-0.0129164727404713,-0.0246475618332624,0.0500692278146743,2025.0,24.777197419292023,67.36919964830773
14362.804822834643,39.17837668999999,0.040664292871952,0.0457096211612224,-0.0816556885838508,2025.0,24.946440018820145,66.95768141665258
14482.516929133855,41.02581650000002,0.0081278411671519,0.1470082253217697,-0.1831985861063003,2025.0,24.98255229324175,67.16034134474994
16322.82598425197,39.49454354,0.072203554213047,0.0809305980801582,-0.1488874107599258,2025.0,24.956680813059105,67.40558141731456
15139.823523622046,42.43916777000001,0.0783591791987419,0.0723544210195541,-0.1211585029959678,2025.0,25.035912221118448,66.99082925063658
15762.199015748032,40.25334398000001,0.0403562486171722,0.0879779681563377,-0.1308955401182174,2025.0,25.017047600151937,67.0533519944113
14912.460826771654,40.89593174000004,0.0722786635160446,0.0884955748915672,-0.1379060447216034,2025.0,24.841876119748637,67.39587961224608
14961.421456692911,36.67809506000003,-0.0410317182540893,0.1821687221527099,-0.2094291150569915,2025.0,24.86289669739703,67.12449856491357
16047.661614173228,42.42378668000004,0.0193244591355323,0.138817474246025,-0.1830913573503494,2025.0,25.119994531712035,67.23741679612739
14652.591732283465,40.34392151,0.0587613023817539,0.1197717040777206,-0.1635254025459289,2025.0,24.890385145091084,66.94636264407266
13871.394881889762,38.43495734000001,0.0920666381716728,0.1154890656471252,-0.1612144410610199,2025.0,25.10032142698982,66.86201083889384
9842.710826771654,31.33231178000005,-0.0479338839650154,0.0477117821574211,-0.0369907617568969,2025.0,24.8025299103042,67.18432636283593
16655.250196850397,40.86175154,0.0757931470870971,0.0719910562038421,-0.1289886236190796,2025.0,25.05450734749972,67.1315054241297
13641.24625984252,39.25015511000004,0.0171031709760427,0.0758336335420608,-0.109330378472805,2025.0,24.855081354425188,67.04661462978041
15849.966732283465,42.38277044000003,0.0853895992040634,0.0826176106929779,-0.1391628831624984,2025.0,24.90547684186429,67.34844856524457
14856.572047244092,41.49750326000003,0.0554759129881858,0.0998425185680389,-0.151540458202362,2025.0,25.07876186017095,67.30452094785112
15702.280708661416,40.89080471000005,0.0776508748531341,0.0810608491301536,-0.1353271156549453,2025.0,24.94859597550203,67.31583972043103
13489.56811023622,35.6595251,-0.0331212058663368,0.2307591289281845,-0.2431486845016479,2025.0,25.06771258217628,66.90054856458258
8557.031692913384,27.324683330000028,-0.0230625588446855,-0.0234841294586658,0.0412567593157291,2025.0,24.781778827241038,67.17462455776744
16289.869783464568,40.57976489000001,0.0942000299692154,0.0878936126828193,-0.1442382633686065,2025.0,25.03025283482849,66.96414928669823
14355.769881889764,35.84409818000006,-0.0674660429358482,0.2460370510816574,-0.2654713094234466,2025.0,25.13077431512147,66.98220542390904
14333.923917322834,37.90345523000002,-0.0106083592399954,0.1160795763134956,-0.1424751728773117,2025.0,24.95614182388864,67.1449801533915
15692.336318897638,41.58637178000001,0.0908592119812965,0.0677363872528076,-0.1158680170774459,2025.0,25.127001390928168,66.93531336607799
9059.468208661416,27.17941748000004,-0.0492632389068603,-0.0543022267520427,0.0775024592876434,2025.0,24.735156263995236,67.27784098391277
14549.63996062992,38.937406280000005,0.0318231806159019,0.1212141513824462,-0.1675252318382263,2025.0,24.864244170323207,67.42848845705961
13356.302362204724,38.0692292,-0.0347321778535842,0.1873034685850143,-0.2038512676954269,2025.0,25.073102473881,67.39102870971183
14305.454921259843,38.82461162000004,0.0466962978243827,0.1349901407957077,-0.1726073324680328,2025.0,24.886612220897785,66.85769892553007
17366.641929133857,40.889095699999984,0.0675963684916496,0.0653209388256073,-0.1291589587926864,2025.0,25.00950175176533,67.32338556881763
14772.78316929134,40.97283719000001,0.0668621435761451,0.1278010755777359,-0.1771473288536071,2025.0,25.076605903489064,67.2638272654805
13869.908661417325,40.22258180000006,-0.0448712073266506,0.1933342218399047,-0.219462051987648,2025.0,24.89334958552868,67.38159639922857
15618.15029527559,39.23819204000003,0.0583541207015514,0.0847493112087249,-0.1415074914693832,2025.0,25.06043622837491,67.3487180598298
12292.656692913384,34.96908506,-0.0748998150229454,0.1514538377523422,-0.1498649716377258,2025.0,24.818160596247875,67.01562275247828
14824.713287401572,40.121750210000016,0.0227145608514547,0.117639347910881,-0.1484062224626541,2025.0,24.87798839417024,66.94986607368074
14639.002165354332,38.28798247999998,0.0245674829930067,0.1441315561532974,-0.1876591444015503,2025.0,25.12484543424628,67.03475686803003
13034.972637795276,37.93592641999999,-0.0203085895627737,0.1737145483493805,-0.1969686597585678,2025.0,24.876640921244057,67.15037004509621
15498.065157480316,41.25482384000003,0.097272552549839,0.1157718002796173,-0.1775375604629516,2025.0,25.143440560627557,67.22933195857031
8845.993307086614,28.550043500000044,-0.0332427620887756,-0.0533112585544586,0.0700886249542236,2025.0,24.76965157090542,67.29185470234503
12820.625196850391,35.22201854000002,-0.0807985365390777,0.2403839528560638,-0.2411848753690719,2025.0,25.105172329524063,67.01535325789305
13515.127165354332,40.20890972000001,-0.0801186934113502,0.264396458864212,-0.2676614224910736,2025.0,24.91868207654085,66.95094405202168
16033.772834645668,43.67307298999998,0.0802870094776153,0.0852369368076324,-0.1491989344358444,2025.0,25.10867575913213,67.08892527966243
14341.472145669291,37.27624856,-0.0187090020626783,0.1870622038841247,-0.2193081825971603,2025.0,24.95452485637722,67.37324206708627
13117.353543307088,42.62544986,0.0622538737952709,0.1088533028960228,-0.146500214934349,2025.0,24.988481174116934,66.93531336607799
8514.68622047244,27.73655474000003,-0.0121779255568981,-0.0290601924061775,0.0571631044149398,2025.0,24.79983496445184,67.21019784301858
15016.711318897636,42.71773640000001,0.0896837040781974,0.0852541923522949,-0.1320316344499588,2025.0,25.061514206715856,67.43253087583815
11566.230511811023,40.72503074000002,0.011349206790328,0.0347440466284751,-0.0535290129482746,2025.0,24.766956625053066,67.32096011755051
14116.556299212598,39.487707500000056,0.0333940498530864,0.0652427598834037,-0.1057127118110656,2025.0,24.99144561455453,66.99675813151177
11495.023818897636,33.24298496000006,-0.1296542584896087,0.1793078482151031,-0.1720528900623321,2025.0,24.744858069063724,67.32230759047668
14882.180314960628,39.26895422000001,0.0293277185410261,0.0524224378168582,-0.0825682282447815,2025.0,24.828131895901603,67.08057094752013
15709.324015748032,40.730157770000034,0.0765291973948478,0.0911237075924873,-0.1498115062713623,2025.0,25.017317094737173,67.27110361928187
14001.11584645669,39.31509749000003,0.0462098084390163,0.0393701046705246,-0.0789045691490173,2025.0,24.828670885072075,67.10805939521418
14633.95,40.20890972000001,0.035368662327528,0.0974147245287895,-0.1376745104789734,2025.0,25.06313117422727,66.8819534382013
16704.997244094488,45.653815580000014,0.0992171317338943,0.1094882115721702,-0.1680314391851425,2025.0,24.98201330407128,67.15899387182375
14405.981496062994,33.615549139999985,-0.048224601894617,0.2364383488893509,-0.2445363700389862,2025.0,25.039415650726514,66.9293844852028
15616.909153543307,40.981382240000016,0.0634414330124855,0.0751641243696212,-0.1346430629491806,2025.0,24.972850488173258,67.3886032584447
15092.155708661416,42.55708945999999,0.0486153438687324,0.0817599818110466,-0.120081827044487,2025.0,24.837294711799625,67.27137311386711
14094.566141732284,40.09269704000002,0.0256881825625896,0.0756707116961479,-0.1010959073901176,2025.0,24.84942196813524,67.04769260812135
16090.161122047246,40.31315933000002,0.0340104289352893,0.1577147990465164,-0.2080995440483093,2025.0,25.10409435118312,67.24253719324687
11493.629133858269,31.875776960000053,-0.1629813015460968,0.2201856076717376,-0.2063571363687515,2025.0,24.75860229291075,67.29077672400409
16699.09222440945,42.01533329,0.0967013835906982,0.0955252200365066,-0.1533828973770141,2025.0,25.08792467606897,67.14255470212437
13613.721653543307,38.30165456000003,0.0027040622662752,0.065683402121067,-0.0994044542312622,2025.0,24.86235770822656,67.06979116411068
16273.15374015748,41.34711038,0.0826161354780197,0.0680940449237823,-0.1187839582562446,2025.0,25.017856083907645,66.90351300502017
15909.050393700789,39.82950950000003,0.0374873355031013,0.0468773134052753,-0.0868584513664245,2025.0,24.96126222100812,67.07006065869592
15824.583858267715,37.033569140000026,0.0361514575779438,0.0680956020951271,-0.1067444682121276,2025.0,24.803877383230372,67.19295018956348
8689.034153543307,26.805144290000012,-0.031300026923418,-0.0360486730933189,0.0754351392388343,2025.0,24.73785120984759,67.30101751824306
14146.007086614174,40.96087412000003,0.0343812443315982,0.0936313420534133,-0.1369522958993911,2025.0,24.87906637251118,67.10832888979942
13765.159153543307,38.190568910000025,0.0213379710912704,0.1491012424230575,-0.1824912577867508,2025.0,24.82894037965731,67.31610921501627
16215.974606299216,43.35690614000004,0.0894851237535476,0.1152891218662262,-0.1752555817365646,2025.0,25.121342004638212,67.25196950373012
11551.02283464567,39.03652886000003,-0.0076518077403306,0.0869155004620552,-0.1020127013325691,2025.0,24.859393267788963,67.0533519944113
14674.749212598426,41.52142939999999,0.0300605855882167,0.0490215346217155,-0.1033751815557479,2025.0,24.78743821353099,67.39022022595613
14217.368307086614,39.31167947,0.028228448703885,0.0717008858919143,-0.1099594011902809,2025.0,25.04696149911312,67.11560524360078
16511.32007874016,42.94674373999999,0.0750633254647255,0.0707613751292228,-0.1334214806556701,2025.0,24.84268460350434,67.41959513574683
14325.024803149608,38.37343298000002,0.0268972739577293,0.0797852352261543,-0.1108768954873085,2025.0,25.02917485648755,66.88060596527512
14006.548425196848,42.44429480000002,0.0518656149506568,0.05640409886837,-0.0899704992771148,2025.0,24.836486228043917,67.30613791536254
15940.566633858269,38.78017735999998,0.0627416372299194,0.1256768256425857,-0.1817882508039474,2025.0,25.08522973021661,67.21855217516088
15740.37125984252,42.00678823999999,0.0877605974674224,0.1032017320394516,-0.1515613049268722,2025.0,25.107597780791185,67.40315596604745
11391.424901574805,33.11651822000002,-0.1432524025440216,0.195561945438385,-0.183320939540863,2025.0,24.75994976583693,67.26517473840669
14969.511023622048,40.743829850000026,-0.0047522261738777,0.1840782165527343,-0.2198841273784637,2025.0,24.956680813059105,67.24738809578112
15015.7,40.72161272000002,0.0907911956310272,0.081486664712429,-0.1341405063867569,2025.0,25.125653918001987,67.3810574100581
16199.055807086614,41.0599967,0.0373146086931228,0.0617601983249187,-0.1190319210290908,2025.0,25.03321727526609,67.30182600199876
15685.90718503937,41.38129058000004,0.0469973385334014,0.1055775359272956,-0.1525760740041732,2025.0,25.1054418241093,67.02694152505819
15699.777755905512,39.71671484000001,0.0246276073157787,0.1337133347988128,-0.1802451312541961,2025.0,24.95856727515576,67.20103502712055
13138.690157480314,40.277270120000026,0.0462423935532569,0.0761480331420898,-0.0951422378420829,2025.0,24.95829778057052,67.07868448542348
14723.575,38.88955400000003,-0.0224108137190341,0.154248371720314,-0.1845448315143585,2025.0,24.89981745557434,67.2029214892172
13869.38307086614,39.61759226000004,0.0276233442127704,0.1255532354116439,-0.1618639975786209,2025.0,25.146135506479915,66.9668442325506
14432.052362204722,38.93398825999998,0.0476679727435112,0.1025069281458854,-0.1410588175058365,2025.0,24.915717636103256,67.11264080316319
13735.42933070866,38.25892931000004,0.0319711379706859,0.0700827166438102,-0.1109449416399002,2025.0,24.856698321936605,67.27784098391277
13668.539566929134,39.47745343999998,-0.0075355847366154,0.1751850247383117,-0.1967860013246536,2025.0,25.043458069505053,67.28969874566315
17303.684251968505,40.97112818000005,0.05708559602499,0.0915034338831901,-0.1625366508960724,2025.0,25.090619621921327,67.354646940705
16341.11535433071,40.22941784,0.0759748741984367,0.0962802097201347,-0.1594550609588623,2025.0,25.111370704984488,67.08218791503154
13519.180807086614,42.51265520000001,0.0528091378509998,0.0619315803050994,-0.1064097881317138,2025.0,24.98363027158269,66.94905758992503
14105.97066929134,43.04757533000003,0.0563748739659786,0.0748246684670448,-0.1220086812973022,2025.0,24.999530452111607,66.96630524338012
14987.665059055118,38.50844477000001,0.0323881618678569,0.0537904128432273,-0.0906877219676971,2025.0,24.951560415939625,67.05119603772941
16872.400787401577,42.29390192000005,0.0739982575178146,0.0901962965726852,-0.1589767336845398,2025.0,24.94024164335972,67.27029513552617
16471.848622047244,39.330478579999976,0.0548685677349567,0.1174599453806877,-0.1695784926414489,2025.0,25.07822287100048,67.10482546019135
16360.7875984252,42.06489457999999,0.0775484219193458,0.0865630507469177,-0.1493901461362838,2025.0,25.112448683325432,67.08353538795772
14798.488385826771,41.04632462000001,0.0102752102538943,0.1847845762968063,-0.220269426703453,2025.0,25.0663651092501,67.38941174220041
14171.066141732284,39.10147124000002,0.0275044497102499,0.0539958104491233,-0.0896997898817062,2025.0,25.00276438713444,67.07329459371876
16973.902263779528,39.66544454000001,0.0471712164580822,0.1012526974081993,-0.1610951870679855,2025.0,24.936468719166417,67.39641860141654
11319.897834645668,31.98173558000002,-0.1735053211450576,0.2326212972402572,-0.2144568711519241,2025.0,24.73542575858047,67.43253087583815
13902.754133858269,38.46571951999999,-0.0249370727688074,0.1813155561685562,-0.2095281481742859,2025.0,24.845649043941933,67.42848845705961
16092.51840551181,41.05145165000005,0.0837519615888595,0.0702865645289421,-0.1262680888175964,2025.0,25.00411186006062,66.92615055017998
12570.051377952756,37.82654978000002,-0.046066366136074,0.155230700969696,-0.1725641041994094,2025.0,25.04561402618694,67.11210181399272
16245.810728346456,40.14054932000002,0.0501136034727096,0.0634272098541259,-0.1159777715802192,2025.0,25.128079369269116,67.23014044232602
15185.383070866144,40.448171119999984,0.0501906871795654,0.0796523094177246,-0.1292415857315063,2025.0,24.80495536157132,67.42390704911061
16545.276771653545,42.87838334000003,0.0861384570598602,0.0688792616128921,-0.1189068704843521,2025.0,25.117569080444916,66.9008180591678
15535.670964566929,41.07537779000003,0.0721000954508781,0.0759752243757247,-0.1315402388572693,2025.0,24.85157792481712,67.30802437745919
16091.953937007873,39.39883898000005,0.058470394462347,0.0943133682012558,-0.1488411575555801,2025.0,24.91221420649519,67.44762257261137
13557.128149606298,39.61075621999999,0.0359223037958145,0.0781830102205276,-0.1137837246060371,2025.0,24.84511005477146,67.3344348468123
11271.876673228344,41.30780315000004,0.0059839370660483,0.0416117161512374,-0.0638152211904525,2025.0,24.823550487952595,66.97546805927814
14743.64783464567,42.56050748000001,0.0660411044955253,0.0900844559073448,-0.1336492300033569,2025.0,25.118108069615385,66.95390849245928
14767.749212598424,40.08586100000002,0.0490313321352005,0.0456166453659534,-0.0846505835652351,2025.0,24.938624675848303,66.9714256404996
17496.35452755906,42.82027700000003,0.0710401535034179,0.0833862349390983,-0.1405475735664367,2025.0,25.0520818962326,67.22340307769512
15546.254133858269,42.13325498000006,0.0546236559748649,0.0640872791409492,-0.1026988700032234,2025.0,24.894158069284387,67.12234260823168
13359.723622047246,41.01214442000003,-0.0203807521611452,0.1482113599777221,-0.1710733622312545,2025.0,24.900086950159576,67.10725091145848
12110.581397637794,41.27533196000002,0.0063707316294312,0.0343037843704223,-0.0503901280462741,2025.0,24.7844737730934,67.37027762664867
16409.349606299216,41.77094485999999,0.0946806594729423,0.1021931320428848,-0.1638599783182144,2025.0,25.121342004638212,67.2104673376038
17429.689173228347,41.64960515000001,0.0756873413920402,0.096092015504837,-0.15997214615345,2025.0,25.11083171581401,67.1856738357621
14648.985433070866,36.36192821000003,0.0177331715822219,0.1577770262956619,-0.1902325749397277,2025.0,25.05639380959637,66.94312870904984
13965.272834645668,42.11958290000001,0.0561490692198276,0.0795487016439437,-0.1262628138065338,2025.0,24.982821787826985,66.92965397978804
13960.757086614172,39.491125520000026,-0.0521478839218616,0.0228814259171485,-0.0552754588425159,2025.0,24.79444507274712,67.16950416064796
15203.638976377952,39.019438760000014,0.0340538509190082,0.0629607662558555,-0.099217988550663,2025.0,25.02863586731708,67.09889657931616
14055.294488188974,38.00086880000004,-0.006759853567928,0.1745755970478058,-0.2053446322679519,2025.0,24.82974886341302,67.35329946777881
14145.19901574803,39.29629838000005,0.0307109113782644,0.0733941718935966,-0.1079850569367408,2025.0,24.855350849010424,67.04930957563276
13553.23838582677,39.92521406000003,0.0376116447150707,0.1064092740416526,-0.1465491205453872,2025.0,24.821933520441178,67.40180849312127
15814.111417322834,41.59320782000003,0.0828354433178901,0.0788119062781333,-0.1369664222002029,2025.0,24.99602702250354,67.44762257261137
10442.128149606297,32.05693201999998,-0.0426985472440719,0.0410958901047706,-0.0305971372872591,2025.0,24.83891167931104,67.00430397989838
15200.221653543307,40.98480026000004,0.0253589656203985,0.1311686784029007,-0.1777792125940323,2025.0,24.945092545893964,67.28619531605509
12066.87618110236,39.53555978000003,-0.084191970527172,0.1994436383247375,-0.2081772238016128,2025.0,25.020281535174767,67.10105253599805
14659.629133858269,39.18692174,0.0122212888672947,0.0767280831933021,-0.1082853004336357,2025.0,24.923263484489866,67.08892527966243
15738.274803149605,42.96041582000001,0.0840364247560501,0.0731537193059921,-0.1334923505783081,2025.0,25.046422509942648,67.04688412436565
8311.48690944882,28.057848620000016,-0.0187822431325912,-0.0331397466361522,0.0526211932301521,2025.0,24.76749561422353,67.34817907065933
15463.597637795276,39.11685233000003,0.0479381494224071,0.1172789260745048,-0.1644260734319687,2025.0,25.030791823998968,66.91132834799201
14631.619291338582,42.99288701000003,0.0943867042660713,0.0963881462812423,-0.1426090747117996,2025.0,25.136433701411423,66.90351300502017
15383.35748031496,40.53020360000005,0.0576324425637722,0.0379074104130268,-0.0692348033189773,2025.0,24.88876817757967,66.97977997264191
13612.03809055118,39.69962474000002,0.0482108853757381,0.1335521340370178,-0.1761465817689895,2025.0,24.8806833400226,67.4373817783724
8240.038090551181,28.126209020000005,-0.0165351331233978,-0.0328460335731506,0.0546482652425766,2025.0,24.76533965754165,67.34225018978414
14583.274803149608,42.782678780000026,0.0189190004020929,0.0459143444895744,-0.0838219076395034,2025.0,24.826784422975425,67.34440614646603
13589.75216535433,43.12448078000003,0.0473046004772186,0.0500906258821487,-0.0922233611345291,2025.0,24.780700848900093,67.35114351109692
8676.497244094486,29.496835040000008,-0.0154680823907256,-0.010823369026184,0.0605741925537586,2025.0,25.03645121028892,66.94474567656125
16610.006102362207,40.36613864000003,0.0832640007138252,0.0696796402335167,-0.1256506443023681,2025.0,24.95506384554769,67.31907365545386
14985.91998031496,40.63445321000003,0.0600865520536899,0.0936945900321006,-0.1477311849594116,2025.0,25.023784964782838,67.44411914300329
15205.795472440945,41.935009820000005,0.0566749200224876,0.0667704865336418,-0.1168106496334075,2025.0,24.96099272642288,67.02451607379106
14131.27283464567,40.70794064000006,0.0107127241790294,0.0972935482859611,-0.1253494769334793,2025.0,24.918951571126087,67.044997662269
11575.710826771654,32.38164391999999,-0.1636614203453064,0.2320191860198974,-0.2141779214143753,2025.0,24.74970897159797,67.27945795142419
14048.643897637796,40.04142674000002,0.0314012728631496,0.0537627451121807,-0.0888520777225494,2025.0,24.95910626432623,66.98247491849428
16996.404232283465,41.86152239000003,0.078464388847351,0.0927943885326385,-0.149013414978981,2025.0,25.102477383671705,67.14093773461296
18014.14881889764,42.00678823999999,0.0932143926620483,0.0678975135087966,-0.137577548623085,2025.0,25.0911586110918,67.34251968436938
15025.370767716531,39.61417424000001,0.0415551699697971,0.0531233996152877,-0.0907345116138458,2025.0,24.87232900788028,67.18782979244399
16944.1375,42.50240114000002,0.0922533944249153,0.0830139592289924,-0.1506829559803009,2025.0,25.131313304291943,67.36704369162584
17140.152755905518,41.40350771000004,0.0766653195023536,0.0684491842985153,-0.1382171958684921,2025.0,25.039415650726514,67.30559892619206
8309.647342519685,28.370597450000048,-0.0141413705423474,-0.0321243479847908,0.0527930371463298,2025.0,24.769921065490657,67.30559892619206
16341.080413385827,42.30586499,0.0809233337640762,0.1117517054080963,-0.1740997582674026,2025.0,25.117569080444916,67.12045614613503
15975.069094488188,40.55071171999998,0.089483343064785,0.0717647448182106,-0.1320791542530059,2025.0,25.098165470307933,67.32176860130622
14681.08188976378,38.88271796000001,0.0504416525363922,0.1422079503536224,-0.1872552335262298,2025.0,25.085768719387083,67.41582221155353
14894.831397637794,42.23921360000003,0.0469664856791496,0.0944939330220222,-0.1451167315244674,2025.0,24.884995253386368,67.31691769877197
14497.518897637794,33.44806616000005,-0.0180539824068546,0.2073881030082702,-0.2194832414388656,2025.0,25.060975217545383,66.96334080294253
15027.919488188978,40.466970230000015,0.0737119242548942,0.0838892310857772,-0.1298914551734924,2025.0,24.88472575880113,66.89381119995167
14138.3968503937,35.034027440000045,-0.0939539447426796,0.2571105062961578,-0.2635338604450226,2025.0,25.03914615614128,66.93154044188469
14181.570078740158,39.93888614000002,0.0204556342214345,0.0625368580222129,-0.0945304185152053,2025.0,24.84915247355,67.02047365501252
14228.210334645668,39.09463520000003,0.0378843657672405,0.0418130606412887,-0.0709224492311477,2025.0,24.83675572262915,67.20642491882526
14308.192125984251,40.38835577000003,0.012275094166398,0.0930497273802757,-0.1284073591232299,2025.0,24.86289669739703,67.35680289738687
14779.956889763782,38.68447279999998,0.0337639153003692,0.066858522593975,-0.0995179489254951,2025.0,24.939972148774483,67.03691282471192
16940.119783464568,42.01533329,0.1009817197918891,0.0825405269861221,-0.1442106962203979,2025.0,25.12754038009864,67.19591463000107
10288.75118110236,30.611109560000045,-0.0565121918916702,-0.0393355265259742,0.05162188783288,2025.0,24.76965157090542,67.42121210325824
15637.53562992126,40.51311350000003,0.0373205728828907,0.1348671466112136,-0.1906425505876541,2025.0,25.12915734761005,67.10778990062894
8668.198031496064,27.271704020000016,-0.0279599409550428,-0.0021449087653309,0.0097964946180582,2025.0,24.842145614333862,66.94043376319748
14819.553838582677,41.82905119999998,0.0941135212779045,0.0751425996422767,-0.1118588224053382,2025.0,25.14586601189468,66.95283051411833
14870.722637795274,37.70008303999998,0.0938664302229881,0.0940728336572647,-0.1409747004508972,2025.0,25.092775578603213,66.86578376308715
11629.568110236218,31.59891734000001,-0.1674989759922027,0.2313032001256942,-0.2114313542842865,2025.0,24.764800668371176,67.18082293322786
14965.979527559057,40.06193486000001,0.0171986166387796,0.112019769847393,-0.1524952352046966,2025.0,24.804416372400848,67.06628773450262
12578.672440944882,37.58045234000002,0.0272426605224609,0.0422885566949844,-0.0630920156836509,2025.0,24.79363658899141,67.17381607401173
14250.608464566929,42.35542628000002,0.0568682886660099,0.087450310587883,-0.1371627002954483,2025.0,24.861010235300377,67.40450343897362
16612.704921259847,39.69278870000005,0.0637256056070327,0.0941362753510475,-0.1638351380825042,2025.0,24.915717636103256,67.26032383587244
15121.98248031496,40.00724654000004,0.0552156642079353,0.0992496013641357,-0.1546184420585632,2025.0,25.02216799727142,67.42363755452537
16005.12027559055,39.11172529999999,0.0689430385828018,0.0522268302738666,-0.1048697233200073,2025.0,25.005998322157268,67.04850109187706
13850.296456692911,39.723550880000005,0.0384588912129402,0.0447393022477626,-0.0752555653452873,2025.0,24.86505265407892,67.08326589337248
14164.28661417323,38.69472686000006,0.0370004922151565,0.1401955336332321,-0.1872900575399398,2025.0,24.94051113794496,67.37997943171716
16532.651771653545,39.97306634000006,0.0667342543601989,0.0648043751716613,-0.1179330348968505,2025.0,25.000338935867315,67.11237130857795
13740.345669291337,38.88271796000004,-0.0599552951753139,0.1981343328952789,-0.2206979691982269,2025.0,24.9273059032684,67.1953756408306
15904.575984251967,40.704522620000034,0.0980051606893539,0.0947018638253212,-0.1496332734823227,2025.0,25.14856095774704,67.29212419693027
14215.956889763778,41.08050481999999,0.0401710122823715,0.0943688601255416,-0.1441256999969482,2025.0,24.81735211249217,67.36246228367683
17363.509547244095,41.823924170000055,0.0852939188480377,0.0570112988352775,-0.1173508167266845,2025.0,24.9663826181276,67.11587473818602
11874.920964566929,35.43222677000003,-0.0276388842612504,0.1391145288944244,-0.1435283422470092,2025.0,24.811692726202217,67.09027275258862
14054.805314960631,35.28354290000004,-0.1200859472155571,0.2691025137901306,-0.2582471668720245,2025.0,25.06367016339774,66.88653484615031
14323.041535433073,39.35782274000002,0.0125714289024472,0.0826799944043159,-0.1074738726019859,2025.0,24.848613484379527,67.06440127240597
9016.078444881889,26.130085340000026,-0.0193916466087102,-0.0290920548141002,0.0483828149735927,2025.0,24.796062040258537,66.97870199430098
12837.12125984252,37.30871975000002,-0.0461407341063022,0.1597793698310852,-0.1695124059915542,2025.0,24.87421546997693,67.02370759003536
16019.37618110236,39.52188769999998,0.0576584376394748,0.0859379544854164,-0.1475284397602081,2025.0,24.899008971818635,67.25735939543485
13993.843700787402,37.30871975000002,0.0251421239227056,0.062043584883213,-0.094669796526432,2025.0,24.85049994647618,67.16761769855131
11716.200492125983,37.46765768000003,-0.006078137550503,0.0631013810634613,-0.0771107375621795,2025.0,24.777197419292023,67.36030632699494
16198.106496062994,41.54535554,0.0751319453120231,0.0794835090637207,-0.13079534471035,2025.0,25.052620885403076,67.14120722919819
15711.395866141733,41.74018268000003,0.0687107890844345,0.1246313154697418,-0.1910011768341064,2025.0,25.07229399012529,67.27757148932754
13621.855511811023,37.47107570000003,-0.0164676699787378,0.2142857164144516,-0.2404875606298446,2025.0,25.05477684208496,66.92049116389002
16196.152755905516,40.19181962000005,0.0526852831244468,0.094838909804821,-0.1444273591041565,2025.0,24.928114387024102,67.4133967602864
15087.14586614173,37.888074140000015,0.0376071482896804,0.0506491847336292,-0.0887897163629531,2025.0,24.96180121017859,67.05362148899654
13956.62125984252,39.4364372,0.0263250712305307,0.0727454870939254,-0.1056536734104156,2025.0,24.92865337619458,66.95094405202168
14617.66062992126,39.66202652000004,0.0532994233071804,0.1393972039222717,-0.1898542046546936,2025.0,25.11379615625161,67.29670560487928
16620.80039370079,38.91006212000002,0.0513273477554321,0.0955318138003349,-0.1541212052106857,2025.0,24.951021426769152,67.33874676017608
15030.544488188976,40.32170438000003,0.102777250111103,0.0799407809972763,-0.129751056432724,2025.0,25.121880993808688,67.4298359299858
13356.997244094488,41.20355354000003,0.0103690568357706,0.0680605918169021,-0.0944466069340705,2025.0,24.914909152347548,67.01427527955211
15650.183267716531,42.93307166,0.1033091396093368,0.0882216542959213,-0.1424119472503662,2025.0,24.987403195775997,66.86147184972337
13701.530708661416,39.54410483000001,0.0225367601960897,0.0731630399823188,-0.1093476638197898,2025.0,24.82894037965731,67.16303629060229
14049.495275590552,41.79145298000003,0.0921513065695762,0.1302523761987686,-0.1832695007324218,2025.0,24.993332076651186,66.86874820352475
16723.976574803153,39.98673842000005,0.0733013749122619,0.1068197637796402,-0.1657555699348449,2025.0,25.094931535285102,67.11102383565178
16092.1812992126,41.89570259000001,0.055536575615406,0.1280146837234497,-0.1790706366300583,2025.0,25.118916553371093,67.19052473829635
8902.998228346456,28.078356740000004,-0.0335626676678657,-0.0529299527406692,0.0834564268589019,2025.0,24.740276661114716,67.31610921501627
15525.603543307088,39.22964699000002,0.0595880933105945,0.0937444344162941,-0.1507852524518966,2025.0,24.902242906841465,67.15144802343715
14227.382086614172,39.38516690000006,0.0580032914876937,0.1459389179944992,-0.1862193793058395,2025.0,24.951560415939625,67.27811047849801
15208.722145669291,43.69016309000003,0.0772197693586349,0.0980018153786659,-0.1599528789520263,2025.0,24.97581492861085,67.28673430522555
15769.31122047244,41.63764207999998,0.079079695045948,0.1219765916466713,-0.1864085644483566,2025.0,25.063939657982974,67.38078791547287
14133.134547244095,36.13292087000002,-0.064488336443901,0.2402175515890121,-0.2439727634191513,2025.0,25.099782437819343,66.94744062241361
15326.518897637792,42.27339380000001,0.0466186255216598,0.0944879576563835,-0.1350679993629455,2025.0,24.92380247366033,66.95283051411833
11948.224606299207,41.17279136000002,0.009487209841609,0.043481919914484,-0.0728951543569564,2025.0,24.89308009094345,66.99568015317082
14494.26496062992,40.913021840000056,0.0162074547260999,0.1260828971862793,-0.1570385843515396,2025.0,24.83406077677679,67.41447473862735
14671.46033464567,40.05338981,0.0421264059841632,0.1376816481351852,-0.1761550158262252,2025.0,24.985516733679344,67.2201691426723
17580.947047244095,41.49066721999998,0.0807392373681068,0.0838459581136703,-0.143966794013977,2025.0,25.086577203142788,67.2066944134105
15002.468700787402,40.63787123,0.0665965527296066,0.1015179604291915,-0.1486460268497467,2025.0,24.889307166750143,66.93773881734512
15166.948031496064,41.95551794000005,0.0807532370090484,0.074134461581707,-0.1257213205099105,2025.0,25.13535572307048,67.26598322216239
15628.22460629921,40.16789348000003,0.0723897293210029,0.0881992280483245,-0.1422473043203354,2025.0,25.068521065931986,67.13797329417537
11525.806299212598,38.328998720000016,0.0070247156545519,0.0310681704431772,-0.0544521398842334,2025.0,24.833791282191555,66.97385109176672
13658.61437007874,37.02331508000003,-0.0358766764402389,0.1947907656431198,-0.2145456969738006,2025.0,25.07283297929576,67.03583484637097
16409.78562992126,39.59024810000005,0.0895735397934913,0.0647163391113281,-0.1196846738457679,2025.0,24.954255361791983,67.31907365545386
15729.468700787402,41.01727145000001,0.066906489431858,0.0709513574838638,-0.1239710301160812,2025.0,24.983360776997458,67.01427527955211
9814.928346456692,30.501732919999995,-0.0971869304776191,0.0713431239128112,-0.0559826456010341,2025.0,24.78743821353099,67.24981354704825
14970.958858267715,39.40225700000002,0.0530603379011154,0.1019337922334671,-0.1485687047243118,2025.0,24.925419441171748,67.40477293355886
15524.208858267715,39.13906946000003,0.024695198982954,0.0585886649787426,-0.0917316749691963,2025.0,24.948865470087267,67.07545055040065
16418.731988188978,42.017042300000014,0.0942241102457046,0.068631611764431,-0.1273038238286972,2025.0,25.131313304291943,67.43899874588381
14056.945078740158,39.09463520000003,0.0621939115226268,0.0843659788370132,-0.1264367848634719,2025.0,24.916526119858965,67.35680289738687
14386.157677165354,39.42618314000004,0.0500556156039238,0.0683757960796356,-0.1130749881267547,2025.0,25.068790560517225,67.31530073126055
14192.09025590551,40.41911795000004,0.0287727937102317,0.0835156142711639,-0.1252618581056594,2025.0,25.10220788908647,67.01912618208635
16288.902755905512,43.097136620000015,0.069184236228466,0.0887002348899841,-0.1518852114677429,2025.0,24.997105000844485,67.24981354704825
11840.823523622046,40.00382852000001,-0.0785404294729232,0.210052952170372,-0.2090674340724945,2025.0,24.81223171537269,67.34817907065933
16306.415551181104,43.18600514000002,0.0735513493418693,0.0572939664125442,-0.1042640060186386,2025.0,24.941319621700664,66.98085795098285
16228.351574803151,41.97602605999998,0.096584528684616,0.0931818857789039,-0.1539125144481659,2025.0,24.96826908022425,66.86659224684286
16783.686712598428,41.41547078000002,0.0697384178638458,0.0975567996501922,-0.1536580622196197,2025.0,24.88769019923873,67.35653340280165
13753.332874015749,41.33685632000004,0.0537599064409732,0.0378559939563274,-0.0680877119302749,2025.0,24.957489296814813,67.07787600166776
12832.04940944882,41.750436740000055,0.0303868278861045,0.0463197268545627,-0.0815011337399482,2025.0,24.990367636213588,67.31179730165249
13789.77874015748,35.577492620000044,-0.0412541702389717,0.2131395787000656,-0.2256032973527908,2025.0,25.062053195886325,66.90539946711682
16796.802362204726,42.574179560000005,0.0904102101922035,0.084527812898159,-0.1499689668416977,2025.0,25.137511679752365,67.24011174197975
14876.534153543307,39.68595266000003,0.0759811997413635,0.0795660763978958,-0.1412840485572815,2025.0,24.86289669739703,67.37297257250103
14359.35403543307,40.48235131999999,0.0318758115172386,0.0450348369777202,-0.081019140779972,2025.0,24.96692160729807,66.98409188600569
14245.206397637794,39.262118180000016,-0.0086464136838912,0.1480818688869476,-0.1785466521978378,2025.0,25.05854976627826,66.87925849234894
13968.249212598424,40.99505432000001,0.0330746136605739,0.119549959897995,-0.1566036194562912,2025.0,24.88769019923873,66.9420507307089
14189.15816929134,41.25824186000003,0.0463859029114246,0.1125587970018386,-0.1427318751811981,2025.0,25.14236258228661,66.93288791481088
14822.422440944882,40.936947980000014,0.0211255103349685,0.0991518199443817,-0.1303671598434448,2025.0,24.92784489243887,67.11102383565178
14456.01594488189,34.86996248000003,-0.0301092285662889,0.2054922878742218,-0.2185966968536377,2025.0,25.047230993698356,66.94016426861224
15184.181299212598,38.87588191999998,0.0270628649741411,0.131445363163948,-0.1702031344175338,2025.0,24.90763279854618,67.40854585775216
15783.451968503936,40.75237490000001,0.0699363723397255,0.0690177679061889,-0.1291998773813247,2025.0,25.108136769961657,67.3142227529196
9726.262992125983,29.922378530000003,-0.0354326851665973,0.0481678545475006,-0.0430930778384208,2025.0,24.840259152237216,66.91752672345243
15356.691633858269,38.31019961000001,0.0576033368706703,0.0966618135571479,-0.1461966782808303,2025.0,24.91356167942137,67.30937185038536
16152.623228346458,41.23431572000004,0.0751295983791351,0.1112639755010604,-0.1720433533191681,2025.0,25.1121791887402,66.90189603750875
13018.296456692911,33.20025971000004,-0.1170335114002227,0.1681540012359619,-0.172888696193695,2025.0,24.81034525327604,66.9541779870445
16552.06220472441,42.574179560000005,0.0785509422421455,0.0728670135140419,-0.1276575773954391,2025.0,24.93619922458118,67.42444603828108
15040.789566929132,39.612465230000026,0.0157597195357084,0.0826849862933158,-0.1184616461396217,2025.0,24.9453620404792,67.00888538784739
16826.240846456694,39.76627613,0.0588072091341018,0.0847321823239326,-0.144958883523941,2025.0,24.92595843034222,67.42121210325824
12677.49625984252,39.54923186000002,0.0444714650511741,0.1039731204509735,-0.1396822035312652,2025.0,25.01327467595864,66.92588105559474
14155.664566929134,39.340732640000056,0.0366557277739048,0.057615477591753,-0.0915286615490913,2025.0,24.95182991052486,66.9714256404996
17840.478051181104,42.10420181000004,0.0823134556412696,0.0820681452751159,-0.1478741019964218,2025.0,25.12996583136576,67.1856738357621
15706.460826771652,40.34221250000002,0.0596074201166629,0.1324945837259292,-0.1840710192918777,2025.0,25.06420915256821,67.29535813195311
14317.090748031493,39.79874732000002,0.1053874120116233,0.0826378688216209,-0.1311113238334655,2025.0,25.13724218516713,67.32554152549952
15374.912598425197,42.54341738000005,0.0707706734538078,0.1082245707511901,-0.1674859225749969,2025.0,25.006806805912976,67.3029039803397
13790.126181102363,38.54775200000006,-0.0043468163348734,0.07185098528862,-0.0908033028244972,2025.0,24.820586047515,67.0773370124973
13249.88061023622,42.80318690000004,0.0341070443391799,0.0629452243447303,-0.0960470363497734,2025.0,24.9739284665142,67.11291029774843
13860.47066929134,40.20549170000004,0.0348837226629257,0.0424226447939872,-0.0767343565821647,2025.0,24.849960957305708,67.05604694026366
13881.543503937006,39.00576668000002,0.040233165025711,0.1377313584089279,-0.1784229278564453,2025.0,24.904668358108587,67.44600560509994
15577.900787401575,42.79635086000002,0.0769230797886848,0.1059984937310218,-0.1707603931427002,2025.0,25.11945554254156,67.07922347459395
14234.606003937006,40.79339114000001,0.0392411351203918,0.0653332397341728,-0.100216656923294,2025.0,24.857776300277543,67.26113231962815
11710.701968503936,31.76981834000003,-0.1854637563228607,0.28830286860466,-0.2685714364051819,2025.0,24.79687052401424,67.29913105614641
14186.619291338582,38.26747436000005,0.0474475137889385,0.0792922899127006,-0.1211197450757026,2025.0,24.995757527918304,66.8962366512188
15748.341732283465,40.09269704000002,0.0244041737169027,0.1651535630226135,-0.2005259990692138,2025.0,24.966652112712836,67.41474423321259
15411.191633858269,41.9999522,0.0771855041384697,0.0741305127739906,-0.124067336320877,2025.0,25.036181715703684,66.99190722897752
16064.222637795274,40.325122400000055,0.0577519573271274,0.1415594667196273,-0.2061131298542022,2025.0,25.1092147483026,67.26247979255433
15963.998228346456,42.97066988000006,0.0754992961883544,0.0487601161003112,-0.0980643257498741,2025.0,25.10032142698982,66.9037824996054
10202.427854330708,30.68459698999999,-0.0970483645796775,0.0569976978003978,-0.0433123558759689,2025.0,24.752673412035563,67.41555271696829
13807.49527559055,40.889095699999984,0.0323509871959686,0.0330078043043613,-0.0628983527421951,2025.0,24.957489296814813,67.07922347459395
12544.349606299213,40.01408258000004,0.028898837044835,0.0737248212099075,-0.1113077476620674,2025.0,24.98578622826458,66.93423538773705
14559.740846456694,37.076294390000015,-0.0650482922792434,0.2368360161781311,-0.2455862909555435,2025.0,24.92595843034222,67.31583972043103
15036.84812992126,38.53578893000002,0.0276475716382265,0.1250860542058944,-0.1629828810691833,2025.0,25.039954639896987,66.89893159707115
15278.433267716537,39.309970460000045,0.0338978432118892,0.1164522469043731,-0.1590459197759628,2025.0,24.892271607187737,67.10805939521418
9774.229527559057,31.53226595000004,-0.0307927913963794,0.0727181062102317,-0.0751530826091766,2025.0,24.86397467573797,66.96576625420965
14998.268405511812,39.35098670000002,0.0031518153846263,0.1729190349578857,-0.2118423283100128,2025.0,25.022706986441893,67.22852347481461
15510.075,40.56609281000004,0.0437032282352447,0.1064037606120109,-0.1541085690259933,2025.0,24.94670951340538,67.18729080327353
13758.806299212598,39.73380494000003,0.0360808111727237,0.0398713834583759,-0.0661380887031555,2025.0,24.81923857458882,67.0067294311655
14772.730511811023,41.54193752000003,0.052296694368124,0.1013331785798072,-0.1482050269842147,2025.0,24.895775036795804,67.32149910672098
10179.244291338582,31.79545349000003,-0.1204724907875061,0.1083604842424392,-0.0849062204360961,2025.0,24.73542575858047,67.41204928736023
15283.358464566929,40.24992596000004,0.0633683502674102,0.1381231993436813,-0.2048709243535995,2025.0,25.057741282522557,67.2419982040764
13182.874212598424,40.81048124000006,0.0239748619496822,0.0634153187274932,-0.0931877344846725,2025.0,24.91140572273948,67.1269240161807
14371.86683070866,38.592186260000005,0.0012405301677063,0.0697627812623977,-0.1006815806031227,2025.0,24.84295409808957,67.0352958572005
8505.64094488189,27.76389890000001,-0.0184095650911331,-0.0309664998203516,0.0534335635602474,2025.0,24.775310957195376,67.39911354726891
15046.096653543307,37.22326924999999,-0.0134661300107836,0.1720802336931228,-0.1983755975961685,2025.0,24.97904886363368,67.16923466606272
14935.320078740157,39.42276512000001,0.0355532988905906,0.0629209578037262,-0.1038623750209808,2025.0,24.90197341225623,67.20319098380244
13432.480511811022,36.295276820000026,-0.0338336750864982,0.2242047041654586,-0.2404267191886901,2025.0,25.0987044594784,66.96603574879488
14431.99183070866,40.55925677000005,0.0504308529198169,0.0903889834880828,-0.1388217061758041,2025.0,24.83621673345868,67.39965253643938
16266.830905511812,43.28170970000002,0.0731699094176292,0.0737002864480018,-0.1309254914522171,2025.0,25.091697600262272,67.40638990107027
14354.448031496064,39.50137958000005,0.025515267625451,0.111137755215168,-0.1456269323825836,2025.0,25.039415650726514,66.85823791470054
15647.369291338582,41.210389580000026,0.0825851485133171,0.0762047097086906,-0.1346987038850784,2025.0,24.957219802229577,67.43414784334956
14978.816141732284,38.40077714000006,-0.0032707774080336,0.0893617048859596,-0.1178871244192123,2025.0,24.87637142665882,67.07787600166776
17405.128149606302,40.76775599000001,0.069035105407238,0.0905483067035675,-0.1542380452156067,2025.0,25.05854976627826,67.27083412469663
8555.716732283465,28.15013516000002,-0.0255290567874908,-0.036648329347372,0.0640468969941139,2025.0,24.78851619187193,67.26409676006574
15079.623720472442,38.89126301000002,0.0245905425399541,0.0422442257404327,-0.0810653492808342,2025.0,24.84133713057816,67.0811099366906
14518.270866141733,41.20013552,0.0323983617126941,0.0923438593745231,-0.1336482167243957,2025.0,24.99225409831024,67.20938935926286
15391.44114173228,40.017500600000005,0.0568837188184261,0.1255708485841751,-0.1764070242643356,2025.0,24.953985867206747,67.28242239186179
15350.870275590552,43.18942316000005,0.0568625479936599,0.0619018450379371,-0.1128108352422714,2025.0,25.01462214888481,67.09081174175908
13976.209842519687,39.54239582000002,0.0359858386218547,0.0403636880218982,-0.0747281610965728,2025.0,24.903590379767643,67.01643123623398
13921.298425196852,38.60927636000002,0.0209809746593236,0.073372982442379,-0.0974091440439224,2025.0,24.924880452001275,67.0571249186046
15287.14094488189,41.36420048000002,0.0250888615846633,0.0648401826620101,-0.10892004519701,2025.0,25.03052232941373,67.11560524360078
14419.426377952756,39.93888614000002,0.0569460391998291,0.1349533200263977,-0.1706720441579818,2025.0,24.91086673356901,66.86228033347908
14356.006102362206,41.996534180000026,0.0861637368798255,0.1103179305791854,-0.1618348956108093,2025.0,24.921107527807973,66.88033647068988
16741.37224409449,42.25288568000002,0.0793597176671028,0.0838698893785476,-0.1483836472034454,2025.0,24.95452485637722,67.23094892608174
14890.919488188976,39.98673842000005,0.0537489466369152,0.1135390400886535,-0.1575319021940231,2025.0,25.123767455905337,66.92992347437328
14564.76496062992,38.320453670000006,0.0056204567663371,0.1094418168067932,-0.1484675854444503,2025.0,24.91140572273948,67.30479044243636
14334.582874015749,41.41547078000002,0.0233599655330181,0.0751984417438507,-0.1095285862684249,2025.0,24.85642882735137,67.13797329417537
14383.308267716537,40.69426856000001,0.0486856736242771,0.0868972241878509,-0.1308847814798355,2025.0,24.807919802008914,67.41690018989448
14219.623720472438,40.59685499,0.0276191383600235,0.1343393176794052,-0.1792626231908798,2025.0,25.03564272653321,67.03448737344479
14573.925393700789,38.92373420000001,0.0235068686306476,0.0749101266264915,-0.1087340787053108,2025.0,24.91463965776231,67.12557654325451
13508.88996062992,40.44133508000005,0.0098901418969035,0.0560677796602249,-0.0843926817178726,2025.0,24.975006444855143,66.99864459360842
16092.31318897638,40.70964965000002,0.07573813945055,0.0769396796822547,-0.1260434240102768,2025.0,24.934582257069767,67.0608978427979
16255.243307086614,40.531912610000006,0.0672985166311264,0.1207294836640358,-0.1677843332290649,2025.0,25.10059092157505,67.18432636283593
17013.14881889764,41.96235397999999,0.0726383477449417,0.0898913592100143,-0.1529665738344192,2025.0,24.945092545893964,67.30263448575447
16265.705905511812,41.34711038,0.0578421838581562,0.0933853238821029,-0.1538275331258773,2025.0,25.10409435118312,67.10266950350946
14651.760039370078,39.37662185000002,-0.012485428713262,0.1113691627979278,-0.1388578414916992,2025.0,24.81923857458882,67.16168881767612
15069.351574803148,38.53407992000004,0.0278310365974903,0.1429350674152374,-0.1915062814950943,2025.0,25.022437491856657,67.34332816812508
15695.408661417325,40.79168213000003,0.0647917538881301,0.1035364493727684,-0.1572919636964798,2025.0,24.977162401537036,67.16061083933518
13305.614370078742,40.65325232000004,0.0161515772342681,0.0473066493868827,-0.0935493633151054,2025.0,24.841067635992925,67.21100632677428
15459.293503937008,39.80900138000004,0.0891234725713729,0.1040847077965736,-0.160191461443901,2025.0,24.980396336559863,66.87386860064422
12340.161614173228,36.10728572000005,0.0069406190887093,0.0584115758538246,-0.0773147419095039,2025.0,24.792289116065238,67.15602943138616
14509.599606299213,39.89616089000003,0.0463350154459476,0.1186845675110817,-0.1609009951353073,2025.0,25.05801077710779,67.411779792775
14838.119291338584,40.64983430000001,0.0239713154733181,0.0737797319889068,-0.1135550066828727,2025.0,24.8310963363392,67.10132203058329
15106.262992125983,41.04974263999998,0.0915944799780845,0.0668533891439437,-0.1151294708251953,2025.0,24.942397600041605,66.854195495922
14163.97066929134,41.996534180000026,-0.0017348766559734,0.2009126394987106,-0.2283578068017959,2025.0,24.937277202922125,67.23553033403074
8437.966732283463,28.28343794,-0.0151782156899571,-0.0378057062625885,0.0526078902184963,2025.0,24.770729549246365,67.31880416086862
15091.719192913386,34.77254891000001,0.0592084974050521,0.0622323043644428,-0.1004490703344345,2025.0,24.847535506038582,66.8924637270255
15250.022834645668,38.84511974000003,0.0500405430793762,0.056459441781044,-0.1034714728593826,2025.0,24.908710776887123,67.20992834843334
12630.426377952756,34.92806882000002,-0.0040266490541398,0.1635532528162002,-0.1811041831970214,2025.0,25.037529188629865,66.9533695032888
15653.530708661418,42.020460319999984,0.0944008901715278,0.0900512710213661,-0.1491476744413375,2025.0,24.969886047735663,66.86039387138243
14330.2,39.51846968000001,0.0088920164853334,0.0925990119576454,-0.118587777018547,2025.0,24.89469705845486,67.07491156123017
12853.398818897636,40.8549155,0.0114227561280131,0.0764891803264617,-0.106589987874031,2025.0,24.96099272642288,67.08649982839532
16200.864370078743,41.71967456000005,0.0400925800204277,0.1267402321100235,-0.1779156029224395,2025.0,25.010849224691512,67.21154531594475
14200.574015748032,39.67398959000002,0.0447518937289714,0.0611269809305667,-0.090111069381237,2025.0,24.790402653968584,67.11641372735649
8418.307283464568,28.13817209000001,-0.025481279939413,-0.0225958656519651,0.0512271672487258,2025.0,24.77908388138868,67.28969874566315
16719.54005905512,36.958372699999984,0.0655332133173942,0.0433392003178596,-0.0849153771996498,2025.0,24.82085554210024,67.4328003704234
14692.818110236218,38.71181696000002,-0.0228654462844133,0.1232349202036857,-0.1437523514032364,2025.0,24.881222329193065,67.07976246376441
13758.84566929134,37.37537114000003,0.039513174444437,0.1399659216403961,-0.1703503727912902,2025.0,25.051003917891656,66.97681553220431
16077.748228346458,41.391544640000006,0.0464300401508808,0.1195954754948616,-0.1703246682882309,2025.0,25.12161149922345,67.24092022573547
14673.31811023622,41.49066721999998,0.0628706961870193,0.0885130241513252,-0.1355681419372558,2025.0,24.844301571015755,67.2600543412872
12644.710826771652,42.00678823999999,0.0123399123549461,0.0338331423699855,-0.0611294098198413,2025.0,24.81600463956599,66.99325470190371
15754.88996062992,42.21870548000004,0.0845264047384262,0.082443006336689,-0.1396255046129226,2025.0,25.068521065931986,67.43414784334956
14618.609940944882,40.02091862000003,0.0542781427502632,0.0907976478338241,-0.1316129118204116,2025.0,25.146674495650384,67.02316860086489
14966.164566929134,36.89684834000002,-0.0098067661747336,0.1883584707975387,-0.2174764722585678,2025.0,24.873406986221227,67.25035253621871
15434.971653543304,40.12687724,-0.0017184450989589,0.1752219498157501,-0.2226577252149582,2025.0,24.88553424255684,67.27864946766847
14213.852559055118,40.84978847000002,0.0693743452429771,0.0878419801592826,-0.1321118324995041,2025.0,25.042110596578876,67.4336088541791
14102.50216535433,38.91006212000002,0.04645461961627,0.1110797673463821,-0.1497591584920883,2025.0,25.023784964782838,67.41043231984881
14306.072047244092,39.62442829999998,0.0069692637771368,0.0744561925530433,-0.1047522351145744,2025.0,24.85858478403325,67.06736571284357
15428.60748031496,39.69962473999999,0.0634384378790855,0.0976072922348976,-0.1512033194303512,2025.0,24.907363303960945,67.37108611040438
15469.670964566929,42.3930245,0.0854361578822135,0.097158096730709,-0.1542225033044815,2025.0,25.068521065931986,67.01750921457493
14770.657677165354,42.15034508000002,0.036477405577898,0.0570416338741779,-0.0901081264019012,2025.0,24.85642882735137,67.09081174175908
14895.616338582677,40.28752417999999,0.0625289753079414,0.0996301397681236,-0.1469440758228302,2025.0,25.008962762594862,66.88464838405366
13745.09468503937,38.85537380000005,0.0008285553194582462,0.0446292459964752,-0.0843772664666175,2025.0,24.86370518115273,66.92318610974239
14530.27874015748,38.46401051000004,-0.0064787850715219,0.1492016762495041,-0.1786107271909713,2025.0,25.008154278839157,67.11991715696456
8557.514960629922,28.26292982000001,-0.0215903725475072,-0.0320293717086315,0.0676425471901893,2025.0,24.74216312321137,67.30910235580014
15976.846653543307,41.42914286000001,0.069643385708332,0.0956341475248336,-0.1466863006353378,2025.0,25.13670319599666,67.15010055051097
13500.05334645669,38.18885990000001,-0.0596749037504196,0.2113871127367019,-0.2272861450910568,2025.0,24.87744940499977,67.21909116433136
13864.40374015748,41.57611772000001,0.0960347577929496,0.1213434785604476,-0.1646267473697662,2025.0,24.87232900788028,67.12503755408405
14844.89094488189,38.27431039999999,0.0096930069848895,0.1044920608401298,-0.1422000229358673,2025.0,25.00195590337873,67.12045614613503
13974.925393700789,40.01408258000004,0.0232268385589122,0.0952110141515731,-0.1284639239311218,2025.0,25.003572870890142,66.98355289683522
14245.993307086614,37.38220718000002,0.1150918304920196,0.1064423844218254,-0.1607541143894195,2025.0,25.11002323205831,66.86147184972337
14675.643405511812,40.58660093000003,0.034985814243555,0.1220817789435386,-0.1629497408866882,2025.0,24.936468719166417,67.28053592976514
16864.311712598428,40.95232907000002,0.0573329888284206,0.0736004039645195,-0.1340736448764801,2025.0,25.014083159714342,67.29401065902692
11548.891929133855,40.33879448000002,0.0015658872434869,0.0831176340579986,-0.0975189954042434,2025.0,24.783934783922923,67.36758268079632
12112.352066929134,32.870420780000046,-0.2071679234504699,0.2853440642356872,-0.2618727684020996,2025.0,24.76075824959264,67.29239369151551
12900.007086614172,39.47574443000002,0.0379197001457214,0.0831360220909118,-0.1212858185172081,2025.0,25.055046336670195,66.85203953924012
13856.41309055118,39.48770750000003,0.0320470705628395,0.1491818577051162,-0.1829899698495865,2025.0,24.84591853852717,67.36812166996678
15077.3343503937,41.35907345000001,0.0457391999661922,0.0922283381223678,-0.1422003358602523,2025.0,25.048578466624534,67.08542185005437
16026.502657480316,40.01920961000002,0.0719147697091102,0.0842781588435173,-0.145966425538063,2025.0,24.85454236525472,67.37485903459768
13743.788582677164,41.21722562000002,0.0209141187369823,0.0629729405045509,-0.1003717482089996,2025.0,24.90116492850052,67.11264080316319
13974.212303149605,40.06193486000001,-0.0218865182250738,0.2011138647794723,-0.2286975979804992,2025.0,24.92919236536505,66.9277675176914
13116.130118110235,40.70110460000001,-0.0041693947277963,0.0850500538945198,-0.1117384508252143,2025.0,24.846996516868117,67.00726842033598
17783.24035433071,42.10249280000005,0.071025863289833,0.05383912473917,-0.0926353931427002,2025.0,24.894966553040096,67.24226769866164
16169.39192913386,41.34027434000001,0.0800601169466972,0.082886703312397,-0.1357994377613067,2025.0,25.100051932404583,66.90593845628729
15410.381102362206,41.15911928000003,0.0736967697739601,0.1047271788120269,-0.1596938073635101,2025.0,24.98363027158269,67.4133967602864
16834.801870078743,42.34517222000002,0.0721675753593444,0.0737911984324455,-0.1268553137779235,2025.0,25.05315987457354,67.09215921468527
14677.244291338582,40.29094220000002,0.080771580338478,0.1022669374942779,-0.1560424715280532,2025.0,24.91868207654085,66.89488917829262
15945.731496062992,41.335147310000025,0.0654233396053314,0.093576930463314,-0.1449090838432312,2025.0,25.045344531601703,67.18917726537018
16407.984940944883,41.490667220000034,0.0572677552700042,0.0807529613375663,-0.1396912634372711,2025.0,24.899278466403867,67.13959026168678
11463.13996062992,33.62238518000004,-0.1370983719825744,0.1982775330543518,-0.1883317232131958,2025.0,24.76533965754165,67.30532943160682
14429.228543307085,40.06535287999998,0.0587939694523811,0.0911385864019393,-0.1422966420650482,2025.0,25.12430644507581,67.31206679623773
14490.457874015749,40.94036600000001,0.0439574345946311,0.0976298674941062,-0.149001806974411,2025.0,24.82974886341302,67.4050424281441
15224.254133858269,36.26793266000004,0.0337964482605457,0.0822290331125259,-0.1201831325888633,2025.0,25.030791823998968,66.89866210248591
15750.964763779528,39.86368970000001,0.0767641961574554,0.0993929281830787,-0.1610244512557983,2025.0,25.14317106604232,67.28915975649268
16828.084842519685,42.57759758000003,0.0718190371990203,0.072435051202774,-0.1299105286598205,2025.0,25.05289037998831,67.32661950384046
12924.781200787402,36.15513800000002,-0.0638287365436554,0.1670282185077667,-0.1783681064844131,2025.0,24.8920021126025,67.01023286077357
14583.457381889764,39.39200294000005,0.0194467343389987,0.0934566184878349,-0.1347914785146713,2025.0,24.813040199128395,67.130696940374
15356.699015748032,40.842952430000025,0.0396860800683498,0.0557215362787246,-0.096275083720684,2025.0,24.86289669739703,67.35383845694928
15147.386515748032,41.188172450000025,0.0345183014869689,0.0512793399393558,-0.0862751975655555,2025.0,24.9378161920926,67.05442997275225
14624.757086614174,41.77778090000004,0.0436942465603351,0.1212222278118133,-0.1615117937326431,2025.0,24.91949056029656,67.38644730176281
16227.254133858269,39.77823920000003,0.0663041174411773,0.0900848433375358,-0.146890103816986,2025.0,25.10355536201265,67.12934946744781
14156.650787401575,41.99995220000005,0.0369170978665351,0.0744041055440902,-0.1245300024747848,2025.0,24.82597593921972,67.42525452203678
11751.497736220472,35.87827838000001,-0.0019239775137975,0.0705937892198562,-0.0930118635296821,2025.0,24.84807449520905,66.97385109176672
14542.978543307085,39.511633640000014,0.0362956784665584,0.0412948727607727,-0.0805675312876701,2025.0,24.896853015136745,67.20561643506956
13246.55187007874,40.713067670000015,0.0308384168893098,0.0335671156644821,-0.0640877038240432,2025.0,24.9663826181276,67.08542185005437
14938.987893700789,39.58683008,0.0435902178287506,0.045826967805624,-0.0878479778766632,2025.0,24.950482437598684,66.99837509902319
14714.44311023622,38.77505033,0.0461074970662593,0.0900611877441406,-0.1311245411634445,2025.0,24.98659471202029,66.90917239131012
14415.735433070866,38.40077714000006,-0.0319614708423614,0.2164922207593917,-0.2328362017869949,2025.0,25.117569080444916,66.96495777045394
14026.54744094488,39.84318158000002,0.0424079485237598,0.1047138571739196,-0.146674707531929,2025.0,24.821394531270705,67.27514603806041
15819.286614173228,41.28216800000004,0.0753217414021492,0.0795542821288108,-0.1345383077859878,2025.0,24.975545434025616,67.44277167007712
11836.3968503937,31.99540766000001,-0.2058035284280777,0.2998547852039337,-0.2790633141994476,2025.0,24.787707708116223,67.306676904533
15494.095177165356,39.115143320000016,0.0733806043863296,0.0943641066551208,-0.1485808938741684,2025.0,25.088194170654205,67.04068574890522
17309.11043307087,41.66840425999999,0.0792710781097412,0.1083596646785736,-0.1752084344625473,2025.0,25.13912864726378,67.23499134486028
15456.170472440945,43.271455640000056,0.0821899399161338,0.105604663491249,-0.1598054766654968,2025.0,24.90709380937571,66.88168394361607
14596.696062992123,39.69962473999999,0.0386955477297306,0.0661749467253685,-0.1121347248554229,2025.0,24.975006444855143,67.25870686836103
16605.021358267717,41.10784898,0.0678574815392494,0.0802705362439155,-0.1378081142902374,2025.0,24.91086673356901,67.24226769866164
13938.297440944882,42.75533461999999,0.0467692501842975,0.0832663029432296,-0.1277214884757995,2025.0,24.826784422975425,67.27137311386711
11504.801377952756,32.21074292000003,-0.1113393604755401,0.1319980770349502,-0.1291661560535431,2025.0,24.730844350631457,67.40935434150786
14505.552362204726,38.88271796000004,0.0293288063257932,0.1175318658351898,-0.1543100327253341,2025.0,25.055585325840667,66.96846120006201
13373.236417322836,39.82609148000006,0.0329167731106281,0.0363237373530864,-0.0645050704479217,2025.0,24.81600463956599,67.04526715685422
14913.149803149608,42.61861382000001,0.0696154460310936,0.0927821099758148,-0.1436431854963302,2025.0,24.84052864682245,67.3886032584447
13763.151771653542,39.02627480000001,0.0720865800976753,0.1031059846282005,-0.1397126913070678,2025.0,25.04965644496548,67.44384964841805
15733.348622047242,40.10636912000001,0.0307083316147327,0.1222855895757675,-0.1618111878633499,2025.0,24.93754669750736,67.16627022562513
8393.326476377952,28.11424595,-0.022014670073986,-0.0272965859621763,0.0529964976012706,2025.0,24.779353375973912,67.29104621858933
14767.683267716537,41.77436288000001,0.0301066059619188,0.1697701960802078,-0.2118249684572219,2025.0,25.05639380959637,67.39857455809843
15741.547440944882,39.71842385000002,0.0643727779388427,0.0562042072415351,-0.1133114993572235,2025.0,24.87232900788028,66.89596715663356
14803.558267716537,39.38345789000002,-0.005219608079642,0.1785222738981247,-0.2173038721084594,2025.0,24.8882291884092,67.2886207673222
14690.594192913388,40.74553886000001,0.0590169429779052,0.0856284648180008,-0.1282349526882171,2025.0,24.9739284665142,66.96819170547677
14428.778248031496,38.46913754000002,-0.0110795721411705,0.1868216097354889,-0.2182437628507614,2025.0,24.85858478403325,67.43199188666767
13386.360925196848,38.82290261,0.0424910895526409,0.0332661122083663,-0.0642431005835533,2025.0,24.83998965765198,67.07329459371876
17118.954921259843,40.83782540000004,0.0705062747001648,0.0740864351391792,-0.1517688184976577,2025.0,25.03348676985133,67.2856563268846
8854.498228346458,28.17747932000003,-0.0226391050964593,-0.0470467023551464,0.0697284638881683,2025.0,24.778544892218207,67.39857455809843
14607.345177165353,40.311450320000034,-0.0123547092080116,0.1545690596103668,-0.1909146159887313,2025.0,24.97985734738939,67.2314879152522
13126.260039370078,41.9486819,0.0291849561035633,0.0613050274550914,-0.0964428782463073,2025.0,24.849960957305708,67.25035253621871
12757.79940944882,41.36761850000005,0.0217093303799629,0.0605079792439937,-0.0971347689628601,2025.0,24.862627202811797,67.32203809589146
15383.58877952756,41.52142939999999,0.0556007996201515,0.1204273551702499,-0.1666291058063507,2025.0,25.11056222122878,67.01454477413733
8465.30433070866,27.96214406000001,-0.0274825934320688,-0.0347512438893318,0.0630700811743736,2025.0,24.74054615569995,67.4080068685817
8496.330413385826,29.137942940000016,-0.0187726113945245,-0.024548701941967,0.0469935499131679,2025.0,24.77638893553632,67.31799567711292
13979.889960629922,39.56290394000001,0.020310765132308,0.1032277047634124,-0.1370237916707992,2025.0,24.998721968355905,66.9743900809372
13984.892913385826,40.14396734000002,0.0100692259147763,0.0893440023064613,-0.1159348115324974,2025.0,24.841067635992925,67.14309369129484
14602.763976377952,40.68401449999999,0.0037593985907733,0.1653303503990173,-0.1974679380655288,2025.0,24.917873592785146,67.20804188633669
15786.09566929134,40.68572351,0.058151826262474,0.1059619486331939,-0.1629159748554229,2025.0,25.02001204058953,67.42956643540056
16814.41751968504,43.93796954000004,0.0706193670630455,0.0805002972483635,-0.1362994313240051,2025.0,25.070138033443403,67.09404567678192
14917.36584645669,39.43643720000003,0.028378477320075,0.0810050368309021,-0.1108392924070358,2025.0,24.801182437378017,67.06817419659927
16010.927362204724,41.60004386000003,0.0606865212321281,0.0933180451393127,-0.141168862581253,2025.0,25.09439254611463,67.32635000925522
17427.10501968504,41.623970000000014,0.0808776244521141,0.0722033232450485,-0.1376930326223373,2025.0,25.109753737473078,67.37297257250103
15636.939173228347,44.20115708000003,0.0833395719528198,0.0609400421380996,-0.120957538485527,2025.0,25.146674495650384,67.11237130857795
14853.735433070866,39.83121851000004,0.0363755822181701,0.0591660775244236,-0.0971680507063865,2025.0,25.04372756409029,67.10347798726517
13922.988877952756,38.60585834,0.0699300393462181,0.0897803828120231,-0.1367817223072052,2025.0,24.92380247366033,67.36704369162584
15121.212303149605,38.84511974,0.0377539545297622,0.0470993667840957,-0.090222343802452,2025.0,24.90763279854618,67.2066944134105
14115.12027559055,38.622948440000016,0.0076033235527575,0.1006941050291061,-0.124445229768753,2025.0,24.86909507285745,67.05901138070125
14484.317618110235,42.35542628000002,0.0570407398045063,0.0717979222536087,-0.0954728946089744,2025.0,24.756985325399334,67.30721589370349
15759.542519685036,43.36716020000006,0.0864643231034278,0.0684303343296051,-0.1207771822810173,2025.0,25.14478803355373,67.03125343842196
15651.874704724409,42.194779340000025,0.0640415474772453,0.1138157099485397,-0.1710911393165588,2025.0,24.995218538747835,67.26544423299192
15934.102559055118,41.49750326000003,0.0645435601472854,0.085214614868164,-0.1432998925447464,2025.0,25.084151751875662,67.04472816768376
8490.957874015749,26.78634518000001,-0.019060656428337,-0.0328151993453502,0.0424584634602069,2025.0,24.84079814140769,66.9504050628512
14240.000196850391,39.68253464,0.028926657512784,0.0553492829203605,-0.0905411541461944,2025.0,24.910597238983776,66.98112744556809
14392.37962598425,39.76456712000001,0.0387577451765537,0.0384607687592506,-0.0754777193069458,2025.0,25.00411186006062,67.07949296917919
16286.891929133855,40.47038825000001,0.0454828664660453,0.1116369068622589,-0.1655438989400863,2025.0,25.13535572307048,67.23256589359315
15362.006102362206,39.19033976000003,0.0216656923294067,0.1087017133831977,-0.1546747833490371,2025.0,25.021359513515712,67.16465325811372
13958.54744094488,39.93546812000002,0.0248130336403846,0.0424475483596324,-0.0710884258151054,2025.0,24.79660102942901,67.05092654314419
10993.019881889764,33.06524792000005,-0.1135600954294204,0.1988110095262527,-0.1863931715488433,2025.0,24.81546565039552,67.24927455787777
14405.419488188976,37.768443440000055,-0.0127374175935983,0.185314804315567,-0.2175772339105606,2025.0,25.00788478425392,66.99029026146611
16047.34566929134,40.082442980000025,0.0610830523073673,0.099242053925991,-0.1568267792463302,2025.0,25.04372756409029,67.14363268046532
13389.358464566929,42.55196243000003,0.0286033097654581,0.0591582246124744,-0.1005628257989883,2025.0,24.85858478403325,67.30452094785112
15377.69409448819,38.80581251000004,0.0154926050454378,0.0622092932462692,-0.0959117040038108,2025.0,24.91086673356901,67.09215921468527
15137.966732283465,40.46526122,0.0376642793416976,0.0591869801282882,-0.1076191365718841,2025.0,25.04184110199364,67.01831769833065
15268.955413385826,40.90447678999999,0.0765824988484382,0.0735793784260749,-0.1311293840408325,2025.0,25.000338935867315,67.40342546063268
13389.772834645668,40.66692440000003,0.0752839371562004,0.1021865457296371,-0.1416434198617935,2025.0,24.95182991052486,66.85203953924012
15901.911122047244,38.09144633,0.0032110107131302,0.1590617597103119,-0.1970996111631393,2025.0,24.95263839428057,67.27002564094093
15567.208366141733,39.88932485000004,0.0737944990396499,0.1023841127753257,-0.1568197757005691,2025.0,25.08118731143807,66.89192473785502
14686.655708661418,36.01158115999999,0.0420949310064315,0.0570763684809207,-0.0966884046792984,2025.0,25.02324597561236,66.88464838405366
11666.062696850391,32.554253930000016,-0.1946717053651809,0.2936657965183258,-0.2695898115634918,2025.0,24.78932467562764,67.31476174209008
15192.42244094488,40.33537646000002,0.0466153174638748,0.0887814536690712,-0.1280050575733184,2025.0,24.80765030742368,67.11803069486791
11635.007086614172,32.58330710000001,-0.1600673049688339,0.2407705932855606,-0.2248803824186325,2025.0,24.73704272609188,67.37378105625673
11390.844685039372,34.19319452000002,-0.0232439115643501,0.0341959707438945,-0.0472437813878059,2025.0,24.77180752758731,67.19753159751248
11590.773818897638,34.0872359,0.072137214243412,0.0898825451731681,-0.1183709055185318,2025.0,25.1159521129335,66.86740073059856
13928.058267716537,39.56290394000001,0.0062078349292278,0.1540225595235824,-0.1844813078641891,2025.0,24.956680813059105,67.33335686847136
14375.858464566929,40.30632329000002,0.0508018843829631,0.0472812503576278,-0.0859052091836929,2025.0,24.891732618017265,67.19510614624537
15753.86437007874,41.43597890000001,0.0996251925826072,0.0872770994901657,-0.1361130625009536,2025.0,25.111370704984488,67.4125882765307
15144.8624015748,39.93546812,0.0518912859261035,0.1000719517469406,-0.1466736197471618,2025.0,25.108136769961657,66.88437888946842
15503.809251968503,44.82665473999998,0.0772008821368217,0.1292444169521331,-0.1819110065698623,2025.0,25.04615301535741,67.08164892586107
14521.467716535435,41.6410601,0.0245199762284755,0.081690140068531,-0.116400770843029,2025.0,24.915717636103256,67.07841499083824
15436.428346456692,39.61075621999999,0.0510606952011585,0.1296130120754242,-0.1830212026834488,2025.0,25.08603821397232,67.22205560476895
11262.853543307088,31.71000299000002,-0.1716521084308624,0.2509337365627289,-0.2333054840564727,2025.0,24.80172142654849,67.25843737377579
14638.74724409449,38.15809772,0.0421946868300437,0.1368138939142227,-0.1896093338727951,2025.0,24.91221420649519,67.44923954012278
14551.499212598426,38.15809772,0.0261970348656177,0.085139624774456,-0.1280145794153213,2025.0,24.974736950269907,67.17489405235267
14261.790551181102,39.90812396000001,0.0387582778930664,0.0496232248842716,-0.0870018899440765,2025.0,24.963957166860475,66.96873069464725
17317.13503937008,37.55310817999998,0.0866382494568824,0.0710554867982864,-0.1228368803858757,2025.0,25.02594092146472,66.90701643462823
13322.304330708665,35.551857470000044,-0.0253363475203514,0.2210833132266998,-0.2400337606668472,2025.0,25.03321727526609,66.92534206642426
16447.32007874016,38.77163231,0.0441052243113517,0.0553779490292072,-0.1012617349624633,2025.0,24.869634062027924,66.86955668728045
15565.691141732284,39.72013286000004,0.0931539461016655,0.0672105997800827,-0.1290331929922104,2025.0,25.094931535285102,67.31557022584579
14220.062204724409,38.9066441,0.0126012368127703,0.1107760518789291,-0.146363690495491,2025.0,24.884456264215896,67.01966517125682
13779.750196850397,41.19671749999998,0.0769230797886848,0.0763043761253357,-0.1083183288574218,2025.0,24.7739634842692,67.06925217494022
15987.46279527559,40.67717846000005,0.0814924165606498,0.0996182486414909,-0.1595527082681656,2025.0,25.132121788047648,67.43495632710527
14885.10157480315,39.03994688000003,0.0339919440448284,0.1299250274896621,-0.1885057538747787,2025.0,24.993332076651186,67.3915676988823
15080.12568897638,42.00678824000002,0.0568791180849075,0.0577069818973541,-0.1026403829455375,2025.0,24.89388857469915,66.92911499061758
15051.194094488188,42.63912194,0.0839433148503303,0.082833856344223,-0.1375314891338348,2025.0,25.139398141849018,67.07086914245163
13516.045472440946,38.78701339999998,-0.0229296255856752,0.189817413687706,-0.2030288130044937,2025.0,24.78016185972962,67.12072564072027
10486.735433070866,32.44316828000001,-0.1144702583551406,0.1439626216888427,-0.1271905899047851,2025.0,24.776658430121557,67.26490524382145
13912.639468503936,36.47643188000004,-0.0315396934747695,0.2122564762830734,-0.2279504388570785,2025.0,25.07444994680717,66.96873069464725
14413.148818897636,41.60687990000002,0.0563769973814487,0.0845243781805038,-0.129812866449356,2025.0,24.81654362873646,67.40531192272933
14763.451968503938,41.44965098,0.0770127847790718,0.1165010780096054,-0.1687633842229843,2025.0,24.88041384543736,66.85257852841059
16287.614862204726,40.74553886000004,0.0712669938802719,0.1067702621221542,-0.1648937910795211,2025.0,24.944823051308727,67.22448105603607
14743.448031496064,40.29094220000002,0.0362409390509128,0.0368791855871677,-0.0742590352892875,2025.0,24.935929729995944,67.07598953957111
13971.031692913386,39.21768392000001,0.0386121310293674,0.0867913514375686,-0.1238864809274673,2025.0,24.99683550625925,66.8970451349745
14138.333858267712,39.08950816999999,0.0444743521511554,0.0861699134111404,-0.1284996718168258,2025.0,24.79444507274712,67.40019152560986
15021.054822834643,42.13325498,0.0501007288694381,0.0739782452583313,-0.1254667788743972,2025.0,24.88742070465349,67.31610921501627
15862.780216535431,40.85662451000002,0.0630131587386131,0.1064542904496193,-0.1610817909240722,2025.0,25.060975217545383,67.20238250004674
11600.016929133855,31.231480190000013,-0.144749566912651,0.2013847082853317,-0.1899596601724624,2025.0,24.744858069063724,67.28215289727655
16566.416043307087,42.020460319999984,0.0835947170853614,0.10873494297266,-0.1620740592479705,2025.0,25.085768719387083,67.15737690431234
15333.00118110236,40.743829850000026,0.0483457781374454,0.0778741836547851,-0.1195554584264755,2025.0,24.926227924927456,67.07598953957111
15387.293503937006,39.07754510000001,0.0277028549462556,0.0862539932131767,-0.1303914040327072,2025.0,24.872867997050754,67.17327708484126
14755.27283464567,40.2738521,0.0383356846868991,0.0368125513195991,-0.0723329856991767,2025.0,24.82732341214589,67.12961896203305
14075.569586614172,41.21209859000001,0.0132524175569415,0.066111609339714,-0.091372475028038,2025.0,24.799295975281368,67.1059034385323
15740.392421259843,39.754313060000015,0.0447806641459465,0.0454389601945877,-0.0852559357881546,2025.0,24.920838033222736,67.05928087528649
15539.803346456692,41.07025076000002,0.1026282534003257,0.0784772634506225,-0.1308750957250595,2025.0,25.111370704984488,67.44950903470802
14776.515452755904,39.92692307000004,0.0216499436646699,0.0982642397284507,-0.1345773041248321,2025.0,24.933234784143583,67.14848358299956
14663.49970472441,39.22451996000004,0.0186217576265335,0.0806977152824401,-0.1094950214028358,2025.0,24.932695794973117,67.0608978427979
8294.825492125985,28.16380724000001,-0.0182351786643266,-0.0279588885605335,0.0483894273638725,2025.0,24.768304097979243,67.35195199485263
14581.88996062992,40.557547760000006,0.0321658998727798,0.0477540865540504,-0.0860129967331886,2025.0,24.84672702228288,67.07706751791206
9776.661614173228,31.13406662,-0.0349172055721282,-0.014750107191503,0.0269489903002977,2025.0,24.80360788864514,67.18944675995542
14733.57401574803,40.11491417000002,0.0204845182597637,0.1562139242887497,-0.1910051107406616,2025.0,25.089272148995143,66.99082925063658
13856.459842519684,37.69666502000001,-0.0174824148416519,0.194804310798645,-0.2149948328733444,2025.0,24.904668358108587,67.44897004553754
14358.808267716537,42.31782806000001,0.0902991592884063,0.0759261101484298,-0.1224161982536315,2025.0,24.94940445925774,66.91159784257724
8694.980511811022,28.341544279999997,-0.0337050966918468,-0.0315124876797199,0.0568404980003833,2025.0,24.79148063230953,67.25951535211674
8743.36338582677,28.24925774000002,-0.0307870507240295,-0.0365381389856338,0.0654398947954177,2025.0,24.735156263995236,67.3142227529196
14316.099114173228,40.43962607,0.0348391011357307,0.0430967882275581,-0.0788035988807678,2025.0,24.982821787826985,67.0962016334638
11600.517913385827,30.43166351000002,-0.1828794777393341,0.2651367485523224,-0.2424468696117401,2025.0,24.745936047404665,67.33578231973848
16769.72263779528,41.13177512000004,0.0307950321584939,0.0449811294674873,-0.0846026763319969,2025.0,24.83783370097009,67.0953931497081
15093.727559055118,38.73574310000004,0.0347964763641357,0.0502169467508792,-0.0940370336174964,2025.0,24.95856727515576,67.14309369129484
13422.43277559055,39.046782920000055,0.0350123420357704,0.038221962749958,-0.0581594742834568,2025.0,24.75024796076844,67.31233629082296
14062.052362204724,39.57999404000003,0.0398731939494609,0.0359613187611103,-0.0706906467676162,2025.0,24.939972148774483,67.07545055040065
15215.272342519684,39.39883898000002,0.0310805384069681,0.1146961227059364,-0.1518091559410095,2025.0,24.88364778046019,66.95202203036263
15437.379133858269,41.79145298000003,0.0523793399333953,0.0706684216856956,-0.1185713410377502,2025.0,25.04238009116411,67.15360398011904
14055.072047244095,42.80660492000004,0.0581218712031841,0.0948661416769027,-0.1389360427856445,2025.0,24.81977756375929,67.38132690464334
14729.127657480316,39.76627613,-0.0951539352536201,0.2652802467346191,-0.2671375870704651,2025.0,24.96746059646854,67.16195831226135
14778.408661417325,40.26701606000006,0.0497812144458293,0.1086221188306808,-0.1571409553289413,2025.0,25.073910957636706,67.28754278898126
13484.011515748032,39.01089371000003,0.0058406624011695,0.0759143531322479,-0.1030173078179359,2025.0,24.93000084912076,67.03664333012668
15188.840748031496,40.30974131000005,0.049754325300455,0.1361239850521087,-0.186979204416275,2025.0,25.06771258217628,67.28296138103225
15231.464763779528,39.97990238,0.0216359589248895,0.1669477224349975,-0.207311600446701,2025.0,25.09358406235892,66.99702762609701
13965.48248031496,40.08244298,0.020838338881731,0.0559402368962764,-0.0861701369285583,2025.0,24.849960957305708,67.10644242770276
14650.053838582677,38.959623410000006,-0.0552462041378021,0.1600064039230346,-0.1745997220277786,2025.0,24.87421546997693,67.03879928680857
14779.530708661416,40.458425180000006,0.0433887019753456,0.0669298768043518,-0.1134214401245117,2025.0,24.813579188298867,67.44438863758853
15769.883070866144,42.601523720000046,0.0468676388263702,0.1191577240824699,-0.1751475930213928,2025.0,24.945092545893964,67.27056463011141
14870.68720472441,39.11172529999999,0.0210343599319458,0.0868665650486946,-0.1235548481345176,2025.0,25.05854976627826,67.10401697643564
14521.863877952756,40.475515280000025,0.0623130574822425,0.0851273462176323,-0.1361735314130783,2025.0,24.92865337619458,67.40180849312127
12547.436712598426,37.38562520000002,-0.0282400157302618,0.0727877467870712,-0.0986239537596702,2025.0,24.820047058344528,67.2066944134105
12843.425393700783,41.28558601999998,0.0316350311040878,0.0446079559624195,-0.0767103806138038,2025.0,24.836486228043917,67.13204441330018
13551.65374015748,39.00234866000005,0.0336954034864902,0.0924947559833526,-0.1422800719738006,2025.0,24.848613484379527,67.39399315014943
13863.883562992123,41.83246922000001,0.0715306028723716,0.0913318693637847,-0.1327757388353347,2025.0,24.969616553150427,67.01589224706352
14874.178346456692,37.67273888,0.0556777194142341,0.0594788528978824,-0.111822985112667,2025.0,24.78662972977528,67.44169369173618
14256.43031496063,40.11320516000001,0.0547129847109317,0.0284274220466613,-0.0597108826041221,2025.0,24.90143442308576,66.97573755386338
14531.260039370078,40.173020510000015,0.0845151618123054,0.0944330245256424,-0.1370657831430435,2025.0,24.951021426769152,66.86793971976903
12485.985433070866,40.851497480000006,0.0399507693946361,0.0761397555470466,-0.1096876189112663,2025.0,24.821394531270705,67.42121210325824
13713.452952755906,39.59366612000002,-0.0229963436722755,0.1605995744466781,-0.1836308389902115,2025.0,24.93296528955835,67.22286408852466
14484.178346456692,36.661004960000014,-0.1157005950808525,0.3316057026386261,-0.3121389150619507,2025.0,24.889037672164907,67.10859838438465
15256.670964566929,43.86619112000005,0.0917292758822441,0.0824030861258506,-0.1365550905466079,2025.0,25.139398141849018,67.08030145293489
14585.181299212598,39.71842385000002,0.0105817224830389,0.0680549368262291,-0.0938481613993644,2025.0,24.81789110166264,67.10347798726517
10712.066141732284,32.09453024000004,-0.1636442840099334,0.1951769590377807,-0.1735945492982864,2025.0,24.763183700859763,67.4373817783724
15249.379133858269,39.08779916000003,0.0600208900868892,0.0848019644618034,-0.1442450881004333,2025.0,25.02324597561236,67.32500253632905
14106.23346456693,43.76023250000003,0.0566267631947994,0.0829622149467468,-0.1284687221050262,2025.0,25.08199579519378,67.06251481030932
11619.0218503937,31.711712000000038,-0.1939047574996948,0.2935980558395386,-0.2743981778621673,2025.0,24.79767900776995,67.2983225723907
15812.730511811022,39.022856779999984,0.0417648777365684,0.1074568554759025,-0.1648922562599182,2025.0,24.9558723293034,67.34575361939221
14816.72559055118,38.60927636000002,-0.0027923304587602,0.1731430888175964,-0.2076260894536972,2025.0,24.94455355672349,67.27945795142419
14272.726574803148,37.89832820000004,-0.0169309619814157,0.134951040148735,-0.1614750325679779,2025.0,25.02324597561236,67.1277324999364
10382.640944881892,33.18829664000003,-0.1061128601431846,0.1270116120576858,-0.1170561835169792,2025.0,24.783934783922923,67.40989333067834
17353.85059055118,42.39644252000005,0.0681992024183273,0.0684355124831199,-0.1342391371726989,2025.0,25.05666330418161,67.23957275280928
14518.878149606298,40.57805588000002,0.0440562143921852,0.0627301782369613,-0.0945951491594314,2025.0,24.888498682994435,66.97627654303385
15932.915551181102,41.34540137000002,0.0672268271446228,0.0970756411552429,-0.1518056094646453,2025.0,25.038068177800334,67.25789838460531
13883.466732283465,39.13906946000003,0.0307250879704952,0.0471222288906574,-0.0844645574688911,2025.0,24.99737449542972,67.06547925074692
13323.445078740158,38.5990223,0.0435553938150405,0.1258743703365326,-0.1658019423484802,2025.0,24.828131895901603,67.42767997330391
15053.346653543304,41.14544720000004,0.035909567028284,0.0853812396526336,-0.1310071945190429,2025.0,24.96826908022425,67.2600543412872
14529.04940944882,39.94230416000005,0.0302957370877265,0.0516987666487693,-0.0841478258371353,2025.0,24.85103893564665,67.04526715685422
15511.754625984251,38.20936802000003,0.009240654297173,0.1552366614341735,-0.1940161138772964,2025.0,25.035912221118448,66.90486047794634
15025.66653543307,38.78701339999998,0.0340799465775489,0.1594357639551162,-0.2090813815593719,2025.0,25.102477383671705,67.22448105603607
13120.583858267715,40.21403674999999,0.0006539499154314399,0.074603646993637,-0.0978004559874534,2025.0,24.81600463956599,67.14848358299956
14492.222145669291,39.78678425000004,-0.0178254507482051,0.2035918533802032,-0.2273900210857391,2025.0,24.922455000734157,67.20022654336485
13859.670472440945,39.663735530000025,0.0648197531700134,0.0967237949371337,-0.1373718827962875,2025.0,24.873406986221227,66.92345560432761
15845.202952755906,39.3338966,0.065946340560913,0.1035503819584846,-0.1637576967477798,2025.0,24.98659471202029,67.43118340291197
15421.637007874016,42.92623562000006,0.0909783840179443,0.0870630145072937,-0.144939437508583,2025.0,24.91086673356901,66.90701643462823
15527.014960629922,44.73778622000003,0.0814412236213684,0.1072160825133323,-0.1577163785696029,2025.0,25.047769982868825,67.07976246376441
15903.912106299213,41.97260804000004,0.0874302610754966,0.0651713907718658,-0.1190902814269065,2025.0,25.08846366523944,67.42336805994013
14872.736417322836,40.362720620000005,0.0270243063569068,0.1739988476037979,-0.2187726497650146,2025.0,24.9596452534967,67.387794774689
15330.481496062992,41.65815020000002,0.0429824814200401,0.0732757374644279,-0.123676024377346,2025.0,25.09897395406364,67.32446354715857
14931.807283464566,40.085861,0.0674217343330383,0.0748733952641487,-0.1230400502681732,2025.0,24.994679549577363,66.98840379936946
14540.098129921258,39.36124076000005,0.0388625226914882,0.0384417027235031,-0.0756887197494506,2025.0,24.952099405110097,67.01104134452927
15029.812696850391,41.72138357000003,0.1002898812294006,0.1073705777525901,-0.1592286527156829,2025.0,24.92892287077981,66.87009567645092
16095.72066929134,41.8461413,0.0817174836993217,0.1072832569479942,-0.1659609377384185,2025.0,25.1121791887402,67.18890777078494
15281.070078740158,40.60198202000001,0.0562181435525417,0.1070144772529602,-0.1535943150520324,2025.0,25.104902834938827,67.15441246387475
16290.807775590554,40.50115043000002,0.0672975033521652,0.0566729679703712,-0.1138122007250785,2025.0,25.030791823998968,67.29562762653833
15756.980511811023,41.02239847999999,0.0296359434723854,0.1501681506633758,-0.1944346576929092,2025.0,25.11918604795633,66.97034766215866
10256.478543307085,32.757626120000054,-0.0517034381628036,0.1083385497331619,-0.093280091881752,2025.0,25.069060055102454,66.98085795098285
16148.372736220474,41.67865832000001,0.0750757306814193,0.1070733070373535,-0.1605713367462158,2025.0,25.045883520772176,67.22178611018371
15814.696062992123,38.42812130000004,0.0523740574717521,0.1347569972276687,-0.1865298748016357,2025.0,25.132391282632884,67.39102870971183
16262.00905511811,41.20868057000001,0.0631190836429596,0.0666825473308563,-0.119208313524723,2025.0,25.05127341247689,67.12342058657262
14741.218208661418,39.39371195000004,0.047759473323822,0.0473854541778564,-0.0847924947738647,2025.0,24.8416066251634,67.17758899820504
14443.763976377952,34.85287238000001,0.0036828946322202,0.1754922717809677,-0.2009862065315246,2025.0,25.036181715703684,66.93477437690753
14098.435728346456,39.69962474000002,0.0343341641128063,0.044848259538412,-0.0775641351938247,2025.0,24.879874856266888,67.15468195845999
13887.545472440946,39.92863208000006,0.0293234344571828,0.0367971323430538,-0.0623830556869506,2025.0,24.80765030742368,67.1495615613405
15144.589763779526,43.17233306000003,0.0908827483654022,0.0964661985635757,-0.1546833515167236,2025.0,25.126462401757696,67.06332329406503
14357.200984251967,39.80216533999999,0.0620862022042274,0.1187705695629119,-0.1671149432659149,2025.0,24.882030812948774,67.41393574945688
16061.5218503937,39.39200294,0.062449861317873,0.0951003357768058,-0.1441134363412857,2025.0,24.925688935756984,67.41959513574683
15069.979527559051,40.53703963999999,0.0351302847266197,0.1583189815282821,-0.207578644156456,2025.0,25.136972690581896,67.16653972021037
15697.630118110235,40.45158914000001,0.0640418529510498,0.0928442850708961,-0.1505390405654907,2025.0,25.012196697617693,67.26032383587244
16228.80383858268,38.74087013000002,0.0297173988074064,0.1232275888323783,-0.1716191470623016,2025.0,24.929461859950283,67.29481914278263
13964.858464566929,36.807979820000014,-0.0677208304405212,0.2664543390274048,-0.263520210981369,2025.0,25.123767455905337,67.0458061460247
14807.99527559055,40.11320516000001,0.0466867089271545,0.0980010703206062,-0.143955186009407,2025.0,24.99764399001496,67.19025524371112
15374.797933070866,41.71967456000005,0.0740795359015464,0.10327660292387,-0.1630836129188537,2025.0,24.91625662527373,67.34144170602843
15703.056299212596,42.53999936000002,0.0450498759746551,0.0697786137461662,-0.1311757862567901,2025.0,25.06825157134675,67.34036372768749
15999.223622047242,42.00678823999999,0.0897954180836677,0.0939358621835708,-0.1582875847816467,2025.0,24.96853857480949,66.87952798693418
16313.729527559057,39.80900138000004,0.057490985840559,0.0776802822947502,-0.14059379696846,2025.0,25.018664567663357,67.17273809567078
16542.750688976375,39.697915730000034,0.0858735665678978,0.078745812177658,-0.1365173906087875,2025.0,25.003572870890142,66.8571599363596
14474.056299212598,40.497732410000026,0.0322635881602764,0.0831658765673637,-0.1200088635087013,2025.0,24.92218550614892,66.96468827586871
14952.01742125984,38.631493490000025,0.0338504947721958,0.0530280321836471,-0.0887796953320503,2025.0,24.97904886363368,67.03260091134814
13562.130118110235,41.793161990000016,0.0353916734457016,0.065467931330204,-0.1067209169268608,2025.0,24.80576384532703,67.3840218504957
16149.685236220472,42.37251637999998,0.0725121274590492,0.0939089357852935,-0.1561400145292282,2025.0,24.934582257069767,67.22367257228036
13211.278248031496,41.66498624000002,0.0123940678313374,0.1139444187283515,-0.1401571780443191,2025.0,24.80711131825321,67.3487180598298
14118.701968503938,39.25699115000003,0.0404039099812507,0.0514266565442085,-0.0876012369990348,2025.0,24.944014567553022,66.94986607368074
15558.79744094488,41.38129058000004,0.0643897801637649,0.0989917814731597,-0.1560682505369186,2025.0,25.03052232941373,67.2260980235475
15503.01594488189,39.96623030000001,0.0257967412471771,0.1552814245223999,-0.207020491361618,2025.0,25.103824856597885,67.16438376352848
14678.920472440946,39.66202652000004,0.0410310663282871,0.0604073368012905,-0.1029489487409591,2025.0,24.933504278728822,66.95498647080022
14223.92834645669,40.531912610000006,0.0566848590970039,0.105874590575695,-0.1509245038032531,2025.0,24.899008971818635,67.17516354693791
13556.053346456694,39.019438760000014,-0.0006176652386784554,0.1120645254850387,-0.1338348984718322,2025.0,24.85858478403325,67.06332329406503
11696.118307086614,31.957809440000005,-0.1905141323804855,0.2794234752655029,-0.2556929588317871,2025.0,24.747553014916083,67.35788087572782
14398.116338582677,39.72013286000001,0.0388572812080383,0.0318608582019805,-0.0639161095023155,2025.0,24.84672702228288,67.07625903415635
15228.697047244095,42.49898312000005,0.072707362473011,0.0881578922271728,-0.1433347314596176,2025.0,25.124036950490574,67.09862708473092
12957.490354330708,38.88442697000002,0.047120876610279,0.1417737007141113,-0.1791199147701263,2025.0,24.87125102953934,67.40396444980315
14922.419488188974,41.41888879999999,0.0727318599820137,0.1065962836146354,-0.1516936868429184,2025.0,25.088194170654205,67.42741047871867
11426.665059055118,33.04132178000003,-0.1398055255413055,0.2092370092868805,-0.1950058192014694,2025.0,24.75860229291075,67.28754278898126
15180.654724409447,41.80854308000005,0.0441609434783458,0.1065038368105888,-0.1513259559869766,2025.0,25.063400668812506,67.15387347470428
13544.924409448817,41.85639536000002,0.0431246683001518,0.0871614888310432,-0.1228036731481552,2025.0,24.793906083576648,67.33874676017608
16546.732972440943,41.43597890000004,0.0616329461336135,0.106894314289093,-0.1700931787490844,2025.0,25.056124315011136,67.25304748207107
8491.878641732283,28.26292982000001,-0.029424401000142,-0.036087017506361,0.0629389360547065,2025.0,24.785821246019573,67.25682040626437
15011.464271653542,40.84124342000004,0.0297415778040885,0.161554217338562,-0.200927734375,2025.0,25.148830452332277,67.19483665166013
11608.718208661416,41.90253863000004,0.0655543282628059,0.0646339580416679,-0.0853598564863205,2025.0,24.822742004196886,67.28323087561749
18125.649803149605,41.68207633999998,0.090140663087368,0.0690365433692932,-0.1416726112365722,2025.0,25.126462401757696,67.36461824035872
12851.088287401572,37.07629438999999,0.0891323462128639,0.1183849945664405,-0.1570114642381668,2025.0,25.14990843067321,66.87036517103616
15315.43720472441,42.08882072000006,0.0613022819161415,0.1158561185002327,-0.161004900932312,2025.0,25.065826120079628,67.17678051444932
15711.805314960631,42.12300092000001,0.0832159146666526,0.1044969260692596,-0.1641242057085037,2025.0,24.959375758911467,66.85742943094483
13523.731496062992,36.117539780000016,0.0857108756899833,0.1166765093803405,-0.1599913388490677,2025.0,25.12511492883152,66.8706346656214
16124.47559055118,39.98844743000001,0.0622136816382408,0.0921364575624466,-0.1392820924520492,2025.0,25.108136769961657,66.97088665132912
14263.446062992129,36.72423832999999,-0.0665525197982788,0.234406366944313,-0.2496726512908935,2025.0,25.056124315011136,66.89974008082686
12963.702952755904,39.79874732000002,0.037828005850315,0.1025165989995002,-0.1358367055654525,2025.0,24.81034525327604,67.39776607434273
11929.309251968503,39.71329681999998,0.0128075117245316,0.0434572510421276,-0.0706822872161865,2025.0,24.96853857480949,67.13285289705588
15676.24527559055,42.85445720000001,0.0610177628695964,0.1036091446876525,-0.166092962026596,2025.0,25.0054593329868,67.28646481064033
13544.44409448819,39.47916245000002,-0.0256450828164815,0.1644772887229919,-0.1856599599123001,2025.0,24.859393267788963,67.26221029796909
14578.41653543307,40.22087279000005,0.049893494695425,0.0790824517607688,-0.1174773350358009,2025.0,24.938085686677837,66.96495777045394
14233.504625984251,39.37149482000001,0.0499949529767036,0.1205370351672172,-0.1592597067356109,2025.0,25.00734579508345,67.39614910683132
15733.846161417325,40.79851817000002,0.0807977840304374,0.0853712633252143,-0.1398885995149612,2025.0,24.908441282301887,67.27837997308325
15617.777755905512,35.5569845,-0.0057922317646443,0.1315939873456955,-0.1711888909339904,2025.0,25.059627744619203,66.89003827575837
13297.265944881889,37.45740362000004,-0.0566179007291793,0.1650907546281814,-0.1802342683076858,2025.0,24.808728285764623,67.130696940374
8637.403740157479,28.31761814000004,-0.028500884771347,-0.0225758906453847,0.0461198017001152,2025.0,24.769921065490657,67.28323087561749
13964.812204724409,40.23283586000002,0.0608294121921062,0.1239193081855773,-0.1633868664503097,2025.0,25.06959904427293,67.43199188666767
13733.46033464567,38.89297202,-0.0449583083391189,0.1972795724868774,-0.2162534296512603,2025.0,24.90763279854618,67.30371246409541
14661.942618110235,40.63958024000004,0.0488989166915416,0.0843065530061721,-0.1267321854829788,2025.0,24.980396336559863,66.96064585709017
16554.533169291342,40.73186678000002,0.0790268406271934,0.1108373031020164,-0.1697877496480941,2025.0,25.048578466624534,67.38294387215475
15742.892913385827,41.12493907999999,0.0659288763999939,0.0793049931526184,-0.1367619782686233,2025.0,25.00465084923109,67.3298534388633
14852.25216535433,38.81435756000002,0.0242543965578079,0.1064785495400428,-0.1431067883968353,2025.0,24.97743189612227,67.0487705864623
11704.769881889762,32.709773840000025,-0.1971777528524398,0.2754572629928589,-0.2519842088222503,2025.0,24.760488755007405,67.38078791547287
13487.587303149608,39.33218759000002,0.0313159227371215,0.0449985265731811,-0.0731128603219986,2025.0,24.88957666133538,67.06359278865027
14357.92342519685,40.044844760000046,0.0322005189955234,0.0655547231435775,-0.1018365174531936,2025.0,24.980396336559863,67.10078304141281
8426.091732283465,27.97239811999998,-0.0194926559925079,-0.0321251042187213,0.0602083466947078,2025.0,24.744049585308016,67.34063322227273
16521.797440944883,41.72992862000001,0.0747665837407112,0.1120663583278656,-0.1727374345064163,2025.0,25.0415716074084,67.26490524382145
15473.50561023622,39.63126434000003,0.0285649485886096,0.050996895879507,-0.0827743932604789,2025.0,24.955602834718164,67.06952166952546
14366.991830708665,38.40590417000004,0.0229183714836835,0.0747212991118431,-0.1029216647148132,2025.0,24.82085554210024,67.07221661537781
9502.40718503937,28.96191491000002,-0.0448942109942436,-0.0335414707660675,0.049800407141447,2025.0,24.83810319555533,67.0045734744836
14175.93031496063,37.744517299999984,-0.0359062924981117,0.1381243616342544,-0.1609708368778228,2025.0,24.88283929670448,67.08730831215102
13634.398818897636,36.01158116000002,0.1169643923640251,0.1082030609250068,-0.1541584432125091,2025.0,25.13805066892284,66.87036517103616
14465.065157480314,41.261659880000025,0.0591504722833633,0.1237613260746002,-0.1763296276330948,2025.0,24.92353297907509,66.9218386368162
15716.262992125989,41.01214442,0.0291896592825651,0.1083831787109375,-0.1592484414577484,2025.0,25.02917485648755,67.32715849301093
15065.445078740157,40.619072120000055,0.0802017077803611,0.0833940505981445,-0.1322938948869705,2025.0,25.11002323205831,67.40046102019508
8543.48248031496,27.98265218000006,-0.0183696281164884,-0.0447939708828926,0.0675805807113647,2025.0,24.769382076320188,67.392376182638
14710.13996062992,38.0692292,0.0083475252613425,0.1775778979063034,-0.2060189098119735,2025.0,25.07741438724477,66.90512997253158
14742.433267716531,39.94914019999999,0.0070853368379175,0.1012489423155784,-0.1350463628768921,2025.0,24.91329218483613,67.04418917851328
12719.093700787402,37.68641095999999,-0.0214635301381349,0.172269657254219,-0.1933389604091644,2025.0,24.837025217214386,67.28727329439603
15688.81122047244,40.62590816,0.0996661260724067,0.0894621312618255,-0.1434395909309387,2025.0,25.037529188629865,66.97924098347144
16206.417027559057,40.06877090000003,0.0387131497263908,0.1012263745069503,-0.1604774296283722,2025.0,24.88876817757967,67.26113231962815
8672.574507874015,28.532953400000025,-0.0311323869973421,-0.052049022167921,0.0724067315459251,2025.0,24.770729549246365,67.29428015361216
14880.671948818896,40.902767780000005,0.0483700558543205,0.0641574412584304,-0.101549819111824,2025.0,24.83621673345868,67.18944675995542
14094.333858267715,41.377872560000014,0.0306043233722448,0.0430843643844127,-0.0783271342515945,2025.0,24.96180121017859,67.08596083922484
13676.2187007874,41.91791971999999,0.039608858525753,0.0731120258569717,-0.1124199777841568,2025.0,24.836486228043917,67.27891896225371
15739.743799212598,40.09269704000002,0.0442062839865684,0.0460868626832962,-0.0866550803184509,2025.0,24.977970885292734,67.2134317780414
15080.339271653542,40.23625388000002,0.0615129843354225,0.0811311155557632,-0.1328120976686477,2025.0,24.99737449542972,67.3419806951989
14574.391929133855,40.15422139999998,0.0416732840240001,0.0623823814094066,-0.1053694561123848,2025.0,24.965843628957124,66.99082925063658
11326.614370078738,33.01055960000002,-0.1226744204759597,0.1763092279434204,-0.1695524603128433,2025.0,24.73057485604622,67.3050599370216
15771.59124015748,42.19307033000004,0.0960237756371498,0.0887926444411277,-0.1476198434829712,2025.0,24.969077563979955,66.88842130824696
13812.34124015748,41.794871,0.0562867112457752,0.0631041824817657,-0.1067981645464897,2025.0,24.98174380948604,66.94986607368074
15146.082874015749,39.680825630000015,0.0266218986362218,0.0591098889708519,-0.0969479531049728,2025.0,24.953985867206747,67.11237130857795
14209.353543307088,40.66008836000003,0.0524316802620887,0.1224031448364257,-0.168602779507637,2025.0,24.981474314900805,67.25493394416772
14723.52775590551,38.18544187999999,-0.0151474568992853,0.1815725713968277,-0.2086596041917801,2025.0,24.969616553150427,67.26813917884428
15557.716732283465,42.047804480000025,0.0547962971031665,0.1194907873868942,-0.1702194809913635,2025.0,25.112987672495905,67.05119603772941
11601.432283464566,32.104784300000006,-0.1403733491897583,0.2150254845619201,-0.1984732896089553,2025.0,24.78285680558198,67.21073683218904
13231.336318897636,37.80945968000003,-0.0856837853789329,0.2490669935941696,-0.2545210123062134,2025.0,24.886612220897785,67.33982473851702
14124.143897637794,39.20742986000005,0.0339177921414375,0.0351225025951862,-0.0642096772789955,2025.0,24.81223171537269,67.14659712090291
14504.023818897636,40.58660093,0.0582278110086917,0.1129478961229324,-0.1546227633953094,2025.0,25.003033881719677,67.38995073137089
14808.016929133855,41.835887240000034,0.0720834657549858,0.1299400925636291,-0.1797116249799728,2025.0,24.894158069284387,66.85096156089918
15133.030708661418,40.475515280000025,0.0816436186432838,0.086938127875328,-0.1381436288356781,2025.0,24.88553424255684,66.91564026135578
13870.698523622046,35.98423700000001,0.0803873017430305,0.1133713945746421,-0.1565507650375366,2025.0,25.133199766388596,66.88680434073554
15335.586811023622,41.51117534000002,0.0537353828549385,0.1157803386449813,-0.1721154451370239,2025.0,24.959375758911467,67.28727329439603
11241.487893700789,35.92100363000003,-0.0629570633172988,0.1499653458595276,-0.1613853573799133,2025.0,24.85427287066948,67.32500253632905
14829.339763779526,41.75214575000001,0.0217739697545766,0.1214708238840103,-0.1597772985696792,2025.0,24.988481174116934,67.12881047827734
16203.685236220474,42.89205542000002,0.0991419181227684,0.0744208320975303,-0.1319683343172073,2025.0,25.10894525371737,67.4042339443884
10130.204429133855,33.59162300000003,-0.0719353929162025,0.0766867622733116,-0.0709330663084983,2025.0,24.8025299103042,67.16977365523319
15235.799409448817,40.10295110000004,0.0632457062602043,0.1239468231797218,-0.1696910560131073,2025.0,25.09008063275085,67.25601192250866
15524.613385826771,40.99505432000001,0.0563516169786453,0.0925925895571708,-0.1434750854969024,2025.0,25.01570012722576,67.17597203069361
13339.60748031496,39.5389778,0.0140481004491448,0.0788490399718284,-0.1075863093137741,2025.0,24.98632521743505,67.08299639878724
16117.511023622046,43.3158899,0.0929569154977798,0.056781068444252,-0.1059183254837989,2025.0,25.084151751875662,66.88060596527512
13822.622244094486,40.475515280000025,0.039103265851736,0.081350602209568,-0.1137693151831626,2025.0,24.88230030753401,66.98058845639763
15815.078444881889,39.050200940000025,0.0609318912029266,0.1098435223102569,-0.1663363426923751,2025.0,24.89820048806293,67.25277798748584
8563.916043307087,27.924545840000008,-0.0282921344041824,-0.0330388024449348,0.0568203814327716,2025.0,24.783934783922923,67.25062203080395
13469.124212598424,38.79726746,-0.0215385183691978,0.1460726410150528,-0.1698546707630157,2025.0,24.876101932073585,66.94070325778272
14032.672440944882,39.20401184000002,0.0330839753150939,0.0594189725816249,-0.0888907760381698,2025.0,24.81088424244651,67.19860957585342
13906.78316929134,39.16812263000003,0.006243537645787,0.1097920984029769,-0.1412465125322342,2025.0,24.864244170323207,67.23121842066696
8747.611417322836,28.761960740000006,-0.0541792996227741,0.0299619454890489,-0.0252360887825489,2025.0,24.85562034359566,66.89758412414498
14574.297933070866,41.35907345000001,0.071164920926094,0.0916414186358451,-0.1398829519748687,2025.0,24.82732341214589,67.33039242803376
14517.9593503937,36.708857240000015,0.0263685937970876,0.1463726609945297,-0.1785117238759994,2025.0,25.02513243770901,66.92345560432761
14780.195078740158,41.52142939999999,0.0593783818185329,0.0994497686624527,-0.1481046229600906,2025.0,24.88876817757967,66.91321481008866
15240.120767716537,38.71523497999999,-0.0049421014264225,0.0589341707527637,-0.0891352593898773,2025.0,24.880952834607832,67.06952166952546
14447.59566929134,39.77482118,0.0262379888445138,0.1142415627837181,-0.1615701615810394,2025.0,24.84079814140769,67.0579334023603
15279.867322834643,39.55948592000004,0.0534221045672893,0.1294595450162887,-0.1729493290185928,2025.0,25.09008063275085,67.1201866515498
15668.937204724409,42.33150014,0.092692419886589,0.0964200645685195,-0.1468103528022766,2025.0,24.94051113794496,66.86281932264956
11706.58779527559,32.78497028000004,-0.067788541316986,0.1777786761522293,-0.1850156038999557,2025.0,25.02216799727142,66.97762401596003
13800.435236220472,38.411031200000025,0.0265123769640922,0.0416518338024616,-0.0718047097325325,2025.0,24.87421546997693,66.99082925063658
17040.268897637798,40.472097260000055,0.0747480690479278,0.0765552967786789,-0.1328867077827453,2025.0,24.9596452534967,67.23957275280928
12922.770866141733,40.30803230000004,0.045362252742052,0.0765885487198829,-0.1214899495244026,2025.0,24.84807449520905,67.3953406230756
16005.359448818896,39.21597491,0.0673544034361839,0.1084047108888626,-0.1701992601156234,2025.0,25.034834242777507,67.34440614646603
14364.34960629921,37.771861460000025,0.0098909456282854,0.0983069390058517,-0.1297986805438995,2025.0,24.862627202811797,67.16249730143183
13036.04350393701,38.699853890000014,-0.016712624579668,0.1696388572454452,-0.1877392828464508,2025.0,24.957219802229577,67.1239595757431
15038.344685039368,43.654273880000005,0.0790195167064666,0.1384247392416,-0.188278391957283,2025.0,25.046422509942648,67.07787600166776
14643.740846456692,39.52017869,-0.0329471640288829,0.2335624992847442,-0.241691455245018,2025.0,25.011388213861984,67.39722708517226
14921.401771653544,40.39006477999999,0.0201288927346467,0.1544966399669647,-0.1898734122514724,2025.0,24.924071968245567,67.41555271696829
14677.321062992123,40.80022717999998,0.0555096678435802,0.1146890744566917,-0.1583037972450256,2025.0,25.06367016339774,67.12934946744781
14180.57844488189,38.95620539000001,-0.0035990108735859,0.1604543924331665,-0.1891904920339584,2025.0,25.052620885403076,67.1029389980947
15909.304822834643,41.516302370000034,0.0610143430531024,0.0961831733584404,-0.1508053988218307,2025.0,24.98255229324175,67.24415416075828
14129.411614173228,38.97500450000001,0.040429089218378,0.0464312434196472,-0.0837214589118957,2025.0,24.997913484600197,67.06359278865027
8910.095669291339,28.213368530000025,-0.0294508095830678,-0.0161253437399864,0.0340462587773799,2025.0,24.799565469866604,67.21585722930853
8501.074015748032,28.139881100000025,-0.0173819605261087,-0.0295544769614934,0.0521326996386051,2025.0,24.777197419292023,67.4012695039508
14856.569094488188,40.84466143999998,0.0583481080830097,0.1188285574316978,-0.1655830591917038,2025.0,25.137511679752365,67.03287040593338
13445.731496062992,41.05657868000003,0.0401011444628238,0.0709333717823028,-0.1159918159246444,2025.0,24.793097599820943,67.38375235591046
13615.059744094488,39.25528214000002,0.0062658661045134,0.1855309605598449,-0.2033808827400207,2025.0,25.062861679642037,67.44438863758853
13573.948031496064,40.28410616000002,0.0366426520049572,0.0681001022458076,-0.1055159121751785,2025.0,24.86478315949368,67.03637383554144
14289.29153543307,35.362157360000026,0.0308951810002326,0.1060245409607887,-0.1453459858894348,2025.0,25.00572882757203,66.99702762609701
14793.424901574805,42.81173195,0.0592095218598842,0.1226733773946762,-0.1711863726377487,2025.0,25.134816733900006,66.94312870904984
15149.254133858269,43.35007010000004,0.0727600082755088,0.1052614375948906,-0.1565559655427932,2025.0,24.910597238983776,66.88249242737177
14219.899803149605,41.50092128000006,0.0218597259372472,0.0643974840641021,-0.1114192008972168,2025.0,24.809536769520328,67.36973863747819
14715.119291338584,42.95357978000004,0.0621093735098838,0.0896737277507782,-0.1379445940256118,2025.0,25.145327022724207,66.9428592144646
13764.049409448817,39.70646078000004,0.01645203307271,0.0778699964284896,-0.1078927814960479,2025.0,24.883378285874954,67.02289910627965
17051.841240157482,42.53999936000002,0.0755651444196701,0.0665712654590606,-0.1381262242794037,2025.0,25.015969621811,67.3126057854082
16208.68818897638,41.19329948000001,0.082309141755104,0.1038409322500228,-0.1613067537546157,2025.0,25.11433514542208,66.9210301530605
13979.186712598424,36.03038027000002,-0.0150303468108177,0.1979075372219085,-0.2233929485082626,2025.0,25.057741282522557,66.95067455743644
12856.406692913384,40.86516956000003,0.0201236512511968,0.1116523146629333,-0.1433145254850387,2025.0,25.011927203032457,66.97951047805668
15873.630118110235,40.95403808000003,0.0627115294337272,0.1128743588924408,-0.1697497963905334,2025.0,25.140745614775195,67.1231510919874
13892.05531496063,39.20059382,0.0382504761219024,0.0422274731099605,-0.0773271918296814,2025.0,24.87421546997693,67.13366138081159
8532.464763779528,28.023668420000035,-0.0249169431626796,-0.0325070172548294,0.0532544367015361,2025.0,24.76237521710405,67.43118340291197
14589.242322834643,36.994261910000006,-0.0778879076242446,0.256754994392395,-0.2679824829101562,2025.0,24.889307166750143,67.29212419693027
14113.708858267715,39.279208280000034,-0.0070373564958572,0.1201201230287551,-0.1473608314990997,2025.0,24.789055181042404,67.37027762664867
14157.609448818896,37.11560162000001,0.0202636141330003,0.1576931327581405,-0.1896654069423675,2025.0,25.144518538968494,67.04230271641663
16444.34566929134,41.00701739000005,0.0672053843736648,0.0741296783089637,-0.1348272860050201,2025.0,25.02809687814661,67.1802839440574
14171.63159448819,40.99505432000001,0.0528913810849189,0.076695792376995,-0.1259213089942932,2025.0,24.84807449520905,67.25493394416772
14307.359448818896,39.54581384000005,0.0691065266728401,0.0373548865318298,-0.0699262842535972,2025.0,25.02863586731708,67.12153412447597
14136.325,39.95426723000003,0.0329653695225715,0.0678207799792289,-0.1057357043027877,2025.0,24.99818297918543,66.9781630051305
14477.898326771654,40.51140449000002,0.047187902033329,0.0972076654434204,-0.1439862996339798,2025.0,24.85885427861849,67.38294387215475
15977.92440944882,41.51801138000002,0.0742567181587219,0.0849428102374076,-0.1336304992437362,2025.0,25.06771258217628,67.42821896247438
17601.116830708663,40.30803230000004,0.0478770844638347,0.0418859682977199,-0.0949865877628326,2025.0,24.889037672164907,66.94905758992503
13290.309744094488,38.25722030000003,0.0532906502485275,0.0332450047135353,-0.054123468697071,2025.0,24.833252293021083,66.98463087517617
13390.350098425197,40.27214309000004,0.0264151040464639,0.0290364436805248,-0.0592258721590042,2025.0,24.895505542210568,66.98328340224998
14053.11781496063,38.55971507000001,-0.0178407840430736,0.1305175870656967,-0.1405543386936187,2025.0,24.830557347168725,67.02694152505819
14040.560236220472,38.886135980000006,-0.032841607928276,0.181001678109169,-0.2158350050449371,2025.0,24.92514994658651,67.18432636283593
15439.882086614172,41.470159100000046,0.06260896474123,0.1096179857850074,-0.1546583771705627,2025.0,25.02297648102713,67.24145921490593
16914.70098425197,43.01852216000003,0.0637504085898399,0.0755837857723236,-0.1404977887868881,2025.0,25.04561402618694,67.330661922619
13487.951476377952,37.90687325000002,0.0232926160097122,0.1376483142375946,-0.1638795137405395,2025.0,24.93835518126307,67.38941174220041
13596.681299212598,38.30165456000003,0.0722517371177673,0.0896162539720535,-0.1311781108379364,2025.0,25.14694399023562,66.90809441296918
14498.699015748032,37.888074140000015,0.0222470890730619,0.1049967631697654,-0.1468100100755691,2025.0,25.10409435118312,67.01804820374541
13198.325,41.83930526000006,0.0303579196333885,0.0487282946705818,-0.0819392800331115,2025.0,24.82597593921972,67.2915852077598
13366.184251968503,38.20253198,0.0343756787478923,0.0392469428479671,-0.0691567361354827,2025.0,24.869364567442688,66.99002076688087
13031.48346456693,42.20161538000002,0.0402993448078632,0.0320974625647068,-0.0602728389203548,2025.0,24.78097034348533,67.34036372768749
14312.003641732284,41.95039091000004,0.0886508524417877,0.1157717630267143,-0.1630678027868271,2025.0,24.920838033222736,66.89461968370739
14808.987401574805,43.34665208000001,0.0831589102745056,0.1039260923862457,-0.1551138013601303,2025.0,24.931617816632173,66.88680434073554
14815.60649606299,39.01260272000002,0.0479897335171699,0.0505737103521823,-0.0866319462656974,2025.0,24.852655903158063,67.08030145293489
15535.46377952756,40.29436022000005,0.0507715567946434,0.1010431796312332,-0.1528635323047638,2025.0,24.92002954946703,67.16761769855131
14821.350590551176,42.97921493000004,0.0629219710826873,0.0599983222782611,-0.1037644371390342,2025.0,24.98659471202029,66.97492907010766
13344.57401574803,40.18840160000002,0.0396898128092289,0.047389980405569,-0.0776122510433197,2025.0,24.903320885182406,66.98921228312517
11711.48592519685,32.06035004000003,-0.1928570717573166,0.2670857012271881,-0.2425099015235901,2025.0,24.754559874132216,67.42875795164485
15943.54940944882,41.10101294000003,0.0675155594944953,0.0779376849532127,-0.1406486183404922,2025.0,25.04049362906746,67.29508863736787
16224.584842519684,40.51994954000003,0.0523929260671138,0.1098983511328697,-0.1670898795127868,2025.0,25.00195590337873,67.19968755419437
15004.00905511811,38.79726746000003,0.042076002806425,0.0838211104273796,-0.1241177693009376,2025.0,24.871520524124577,67.28430885395844
14900.319586614172,38.255511290000015,0.0044291173107922,0.1495903581380844,-0.1866727769374847,2025.0,24.93377377331406,67.24765759036636
15750.868307086614,41.83759625000005,0.0143834594637155,0.151337057352066,-0.200475662946701,2025.0,25.05854976627826,67.28350037020273
14747.204921259843,38.81093953999999,-0.0491096042096614,0.2213055193424224,-0.2319616973400116,2025.0,25.00411186006062,67.363809756603
14680.269389763778,42.19136132,0.0212627705186605,0.0728776976466178,-0.118291474878788,2025.0,24.814387672054576,67.35680289738687
15126.578937007873,40.96429214,0.0869757160544395,0.0925660654902458,-0.1409019976854324,2025.0,25.07606691431859,67.41582221155353
13982.62224409449,39.06045500000005,0.0236255954951047,0.0577764473855495,-0.0916006937623024,2025.0,24.831365830924437,67.16061083933518
15892.849114173228,39.95597624000001,0.0491364821791648,0.0583981350064277,-0.1001378521323204,2025.0,24.933234784143583,67.0525435106556
15371.048917322834,40.32170438,0.0403581298887729,0.1206789761781692,-0.1748084425926208,2025.0,24.95371637262151,67.19564513541583
16937.892913385826,41.12152106000002,0.081412136554718,0.0755094736814498,-0.1374102532863617,2025.0,25.124036950490574,67.37324206708627
14528.35059055118,39.046782920000055,0.0214594881981611,0.0798597335815429,-0.1197003573179245,2025.0,24.872867997050754,67.17246860108555
14128.964763779526,40.76262896000003,-0.0192239712923765,0.1592144072055816,-0.1884095072746276,2025.0,24.890385145091084,67.18405686825069
17300.32696850394,42.77242472,0.0718420594930648,0.0696648359298706,-0.128619760274887,2025.0,24.87205951329505,67.29185470234503
14765.588287401572,40.37810171000001,0.0241225734353065,0.0806086957454681,-0.1150025501847267,2025.0,24.91463965776231,67.04176372724616
14158.065157480314,38.86220983999999,0.0316979512572288,0.0534066148102283,-0.0898082107305526,2025.0,24.999799946696843,67.05011805938847
14446.251673228347,39.94572218000002,0.0196377784013748,0.0892346650362014,-0.1291570514440536,2025.0,25.04965644496548,67.10725091145848
12961.80187007874,39.870525740000005,-0.0698355585336685,0.2277635484933853,-0.2326212674379348,2025.0,24.939702654189247,67.24092022573547
13727.557283464565,39.32706056000001,0.0403707958757877,0.0475126132369041,-0.0828241929411888,2025.0,24.820586047515,67.14282419670961
15406.379133858269,40.62590816,0.0672589465975761,0.0923646837472915,-0.1500761657953262,2025.0,24.91598713068849,67.18405686825069
17853.650787401573,41.148865220000005,0.0823732018470764,0.1023307889699935,-0.1599856615066528,2025.0,25.073102473881,67.19887907043866
15586.365354330708,42.46822093999998,0.0819313749670982,0.1003475710749626,-0.1593605130910873,2025.0,25.115682618348263,66.91887419637861
13967.347145669291,39.058745990000034,0.0730647593736648,0.0904684662818908,-0.1324536502361297,2025.0,24.97150301524708,67.0247855683763
14998.988385826771,38.69814488000003,0.0308387018740177,0.1317814886569976,-0.1711475402116775,2025.0,25.04372756409029,66.85796842011531
15924.485433070866,42.27168479000005,0.0709456354379654,0.0936024338006973,-0.1643856167793274,2025.0,24.90035644474481,67.39992203102462
14816.474606299213,37.86072998000003,0.0390780642628669,0.051832415163517,-0.0947542488574981,2025.0,25.00653731132774,67.1600718501647
17248.163582677167,41.66840425999999,0.0765271335840225,0.0789873600006103,-0.1383054852485656,2025.0,25.015430632640523,67.20911986467763
13744.92933070866,39.61417424000001,0.0351683348417282,0.1306502372026443,-0.161516860127449,2025.0,24.933504278728822,67.29374116444168
15945.728543307088,40.735284800000045,0.0354561582207679,0.1105660051107406,-0.1698396801948547,2025.0,25.059358250033966,67.34278917895462
14662.124212598424,39.28946234000003,0.0009129573591053486,0.1228944733738899,-0.1408698409795761,2025.0,24.88472575880113,67.18270939532451
15596.635039370078,40.85833352000003,0.0662298500537872,0.1120067983865737,-0.1642873585224151,2025.0,25.07983983851189,67.36893015372249
14246.030708661418,38.97500450000001,0.0212108492851257,0.0408851727843284,-0.0730284005403518,2025.0,24.80926727493509,67.03691282471192
14620.934744094488,37.73768125999999,-0.011214418336749,0.1958910524845123,-0.2232018411159515,2025.0,24.88283929670448,67.24253719324687
14060.034153543307,38.94424232000003,0.0301512274891138,0.0860246866941452,-0.1286599487066269,2025.0,24.83001835799825,67.43980722963953
15819.380118110234,39.463781359999984,0.0350392013788223,0.0572908781468868,-0.103785827755928,2025.0,24.85373388149901,67.3487180598298
15684.405708661416,40.834407380000016,0.0261792242527008,0.0828419178724289,-0.1145975440740585,2025.0,24.79471456733236,67.13473935915253
14267.82401574803,40.20890972000001,0.0334318578243255,0.0706792920827865,-0.0991890206933021,2025.0,24.89820048806293,67.10428647102088
16612.133070866144,41.59320782000003,0.0758091956377029,0.0839896500110626,-0.1453989148139953,2025.0,25.097356986552224,67.3915676988823
14413.273818897636,39.93546812,-0.0007733508828096092,0.1758985370397567,-0.2085365504026413,2025.0,25.136164206826187,67.2201691426723
15417.133562992123,39.54239582000002,0.0242099408060312,0.1449971199035644,-0.2028387039899826,2025.0,24.917604098199902,67.30155650741352
14811.717716535431,39.51505166000004,-0.00319071020931,0.1029108390212059,-0.1367754787206649,2025.0,24.819508069174056,67.16222780684659
13592.238385826771,40.79680916000001,0.0507552288472652,0.1040223911404609,-0.1426768600940704,2025.0,24.956411318473872,66.92345560432761
14239.108464566929,33.70099964000002,0.0566674433648586,0.0444994233548641,-0.0839919224381446,2025.0,25.015969621811,66.89030777034361
11060.484448818896,30.35817608000002,-0.2166758924722671,0.2438405454158783,-0.2238652557134628,2025.0,24.738120704432827,67.28269188644701
16100.962303149605,39.37491284000001,0.0457503199577331,0.0609655044972896,-0.1043125540018081,2025.0,24.924880452001275,67.13096643495923
15298.938188976375,41.42572483999999,0.035950843244791,0.0377169325947761,-0.0792740434408187,2025.0,24.96126222100812,66.95768141665258
14810.491338582677,40.09611505999999,0.0416161604225635,0.1225630342960357,-0.1754906922578811,2025.0,24.97258099358802,67.41285777111594
14556.48937007874,41.16595532000002,0.0305345803499221,0.0643006637692451,-0.0911200270056724,2025.0,24.85103893564665,67.054160478167
15727.332381889764,39.60221117000003,0.0352133326232433,0.1261160969734192,-0.1685062497854232,2025.0,25.05477684208496,67.16546174186942
15464.593700787402,41.72992862000001,0.0675665885210037,0.1030176728963851,-0.1588915288448333,2025.0,24.9205685386375,67.15683791514188
16032.339763779526,43.592749519999984,0.0835530683398246,0.0649578943848609,-0.1215478628873825,2025.0,25.08118731143807,67.06197582113884
16464.646850393703,42.77584274000003,0.0934868231415748,0.0989942401647567,-0.1618040204048156,2025.0,25.087385686898497,66.9000095754121
16372.032185039374,40.86687856999998,0.066756747663021,0.0663161650300026,-0.1199151650071144,2025.0,25.10678929703548,67.36919964830773
14499.3092519685,38.484518630000025,0.0097924694418907,0.1654827743768692,-0.2027734667062759,2025.0,24.893619080113915,67.28242239186179
16153.028248031498,41.12835710000002,0.0639813914895057,0.0966686531901359,-0.1526322066783905,2025.0,25.007615289668685,67.37405055084197
14962.51003937008,38.86562786000002,0.0226082000881433,0.1317641586065292,-0.1601256430149078,2025.0,24.78474326767863,67.43792076754286
13632.812204724409,42.48189302000003,0.066897414624691,0.0919859856367111,-0.1356145143508911,2025.0,24.95182991052486,66.92722852852093
8571.280708661416,28.54833449000003,-0.0337509959936142,-0.0137194413691759,0.0333688557147979,2025.0,24.7529429066208,67.35222148943787
14803.956889763782,40.05851684000004,0.1021042913198471,0.0921746045351028,-0.1409338265657425,2025.0,25.09385355694416,67.44627509968518
11421.006102362204,32.014206770000015,-0.1800664067268371,0.2383370399475097,-0.221449613571167,2025.0,24.73596474775094,67.42094260867302
15584.563188976375,40.91985788,0.0410784557461738,0.1210793554782867,-0.168126031756401,2025.0,24.96126222100812,67.22555903437701
15384.909153543307,39.76969415000002,0.0487569533288478,0.094071976840496,-0.1410658955574035,2025.0,25.024323953953303,67.2058859296548
11302.430314960631,32.455131350000016,-0.1200174018740654,0.1473804414272308,-0.145907774567604,2025.0,24.73704272609188,67.42714098413343
11341.490354330708,32.501274620000004,-0.1537200957536697,0.1998476088047027,-0.1900775730609893,2025.0,24.745936047404665,67.42821896247438
15251.244783464566,38.59389527000002,0.0781747698783874,0.0657564029097557,-0.1151438802480697,2025.0,24.96180121017859,67.32203809589146
14509.479527559057,39.22451996000001,0.0145603315904736,0.1243452727794647,-0.1634617447853088,2025.0,24.838372690140567,67.32850596593711
15210.54498031496,41.3505284,0.0650762766599655,0.0808324143290519,-0.1347260177135467,2025.0,25.0806483222676,67.14902257217003
14293.53464566929,38.88442697000002,0.0443228110671043,0.1423199027776718,-0.1868951618671417,2025.0,24.904937852693823,67.41932564116159
15117.109940944882,39.45010928000002,0.0726050734519958,0.1056374683976173,-0.1590608805418014,2025.0,25.05908875544873,67.01346679579639
15243.222637795276,40.36613864000003,0.0641737729310989,0.0909707620739936,-0.140659749507904,2025.0,25.019203556833823,67.44897004553754
11924.45688976378,32.627741360000016,-0.1604052484035492,0.2289728224277496,-0.2178189158439636,2025.0,24.83352178760632,67.01777870916017
15002.034645669291,40.84466143999998,0.080108106136322,0.1050657927989959,-0.155902698636055,2025.0,25.1340082501443,67.31664820418673
8282.125196850393,28.57396964000003,-0.0205628369003534,-0.0249287374317646,0.0407508015632629,2025.0,24.763992184615468,67.31368376374914
15592.253641732284,40.268725070000016,0.0574985444545745,0.0934672579169273,-0.1467647701501846,2025.0,25.00438135464585,67.29266318610074
15172.44311023622,40.297778240000014,0.0250997245311737,0.0828754603862762,-0.1230247542262077,2025.0,24.99899146294113,67.17031264440367
12854.985433070868,41.91791971999999,0.0614915862679481,0.0482089966535568,-0.0738219916820526,2025.0,24.8739459753917,67.15117852885191
14409.66751968504,37.89320117,-0.0210000462830066,0.2016074508428573,-0.2283835858106613,2025.0,25.055585325840667,66.91617925052626
14807.251673228346,40.20890972000004,0.0909724831581115,0.1016849279403686,-0.1505255699157714,2025.0,25.143979549798026,67.33578231973848
15009.16998031496,38.99380361000004,0.0777434334158897,0.0781629383563995,-0.133553460240364,2025.0,25.01893406224859,67.2773019947423
14921.119783464566,40.84466144000004,0.0244066826999187,0.0331022851169109,-0.0679735466837883,2025.0,24.90898027147236,67.00484296906885
14017.592716535431,35.51596826000002,0.0172785129398107,0.0882513374090194,-0.1274990290403366,2025.0,25.0197425460043,66.96037636250493
14550.255610236218,38.98867658,0.0327662639319896,0.0414851605892181,-0.0799003913998603,2025.0,24.87529344831788,67.17758899820504
15191.367322834643,40.20890972000001,0.0586053952574729,0.1244245395064354,-0.1805741488933563,2025.0,24.950482437598684,67.38617780717759
15744.585826771654,40.66692440000003,0.0729175135493278,0.0916073620319366,-0.1421480327844619,2025.0,24.977970885292734,67.3411722114432
14078.023818897636,37.12243766000006,0.0048734103329479,0.0974910408258438,-0.1280319690704345,2025.0,24.850230451890944,67.18756029785875
15869.560728346456,41.52313841000003,0.0716729760169982,0.0726446732878685,-0.1348221898078918,2025.0,25.01758658932241,67.30317347492495
14568.072047244092,41.29071305000002,0.0507791563868522,0.1015705615282058,-0.1417940109968185,2025.0,25.140745614775195,66.91159784257724
13856.155708661418,42.96041581999998,0.0616061612963676,0.0707942321896553,-0.1187245100736618,2025.0,24.98902016328741,66.95795091123782
16944.669488188978,43.90037131999998,0.0920632183551788,0.0875089615583419,-0.1503291726112365,2025.0,25.124036950490574,67.13797329417537
13617.31909448819,39.23477402000003,0.0377092249691486,0.115241102874279,-0.154594749212265,2025.0,25.00438135464585,66.94555416031696
11244.399803149608,32.80547840000003,-0.1248801350593566,0.1807228922843933,-0.172791302204132,2025.0,24.860471246129904,66.95471697621498
14886.912598425197,39.03481985000002,0.0431326068937778,0.0387346260249614,-0.0751752480864524,2025.0,24.81789110166264,67.17462455776744
14313.050885826771,40.21574576,0.0435285083949565,0.0534447021782398,-0.0833518430590629,2025.0,24.78851619187193,67.08299639878724
16376.649803149608,40.9061858,0.0590457245707511,0.1195413619279861,-0.1744372248649597,2025.0,25.09358406235892,67.10078304141281
15171.342716535431,41.15570126000003,0.0526365973055362,0.0511099882423877,-0.0956130251288414,2025.0,25.04426655326076,67.30371246409541
8584.768897637798,30.14625884000003,-0.0459542125463485,0.0012209776323288,0.0037119986955076,2025.0,24.79767900776995,67.29347166985644
14359.833858267715,38.88271796000004,0.0057548978365957,0.1268264651298523,-0.1686812192201614,2025.0,24.902242906841465,67.3126057854082
12989.667519685036,39.07754510000001,-0.0513824932277202,0.2203751653432846,-0.2266230583190918,2025.0,25.121880993808688,67.04176372724616
14399.87470472441,40.048262780000016,0.0162486582994461,0.095115453004837,-0.1238900125026702,2025.0,24.785551751434337,67.07841499083824
14990.21624015748,40.33537646000002,0.002572595141828,0.1843445003032684,-0.223240926861763,2025.0,25.09762648113746,67.24738809578112
18097.337795275595,42.454548860000045,0.0787200927734375,0.0491852611303329,-0.121590107679367,2025.0,25.048308972039298,67.34602311397744
13967.299901574805,38.190568910000025,-0.0260634012520313,0.1513772159814834,-0.1769069284200668,2025.0,24.8634356865675,67.13770379959013
11293.992322834649,33.44123012,-0.1904520094394683,0.2623183131217956,-0.2340375632047653,2025.0,24.823550487952595,66.93773881734512
16852.612401574806,42.59297867000001,0.0886851996183395,0.0924156382679939,-0.1558040082454681,2025.0,25.063939657982974,67.37620650752386
15221.583858267715,38.945951330000014,0.0398674793541431,0.1202698051929473,-0.1685834676027298,2025.0,24.97069453149137,67.32176860130622
13657.038582677167,39.34585967000001,0.0157282818108797,0.0717623233795166,-0.0958240777254104,2025.0,24.94051113794496,67.05065704855895
15423.10748031496,40.94720204000004,0.069904901087284,0.0966087952256202,-0.1522130668163299,2025.0,24.941589116285897,67.41690018989448
14725.892913385826,38.27431040000002,-0.093898132443428,0.2530245780944824,-0.2655434906482696,2025.0,24.979587852804155,67.1705821389889
14781.835826771654,39.15957758000002,0.0194540489464998,0.134869709610939,-0.1840211153030395,2025.0,24.96934705856519,67.2554729333382
13022.368307086615,38.04530306000004,-0.0012855122331529,0.1441590785980224,-0.1615329682826995,2025.0,24.796331534843773,67.36542672411443
14826.55531496063,38.45888348000005,0.0285714287310838,0.0895441025495529,-0.1284778714179992,2025.0,25.04561402618694,66.85069206631394
15356.553838582677,41.52826544000001,0.0741995796561241,0.0823473408818245,-0.1324507594108581,2025.0,25.03672070487416,67.0571249186046
16911.33877952756,41.48383118000004,0.0861184448003768,0.0863166376948356,-0.1401858478784561,2025.0,25.14990843067321,67.40342546063268
16218.325,42.90230947999999,0.0833714082837104,0.0710133463144302,-0.1350822448730468,2025.0,25.07444994680717,67.0714081316221
16354.17539370079,40.63958023999999,0.0867729857563972,0.0845753252506256,-0.1407649517059326,2025.0,25.110292726643543,67.41420524404211
13461.936712598424,38.2572203,0.0138236591592431,0.0658139213919639,-0.0903413370251655,2025.0,24.89334958552868,67.03367888968909
14382.485433070866,39.44669126000002,0.0450513772666454,0.1178660839796066,-0.166706696152687,2025.0,24.900625939330048,67.29993953990211
13825.280708661418,38.209368020000056,-0.0174967218190431,0.130454421043396,-0.1449893414974212,2025.0,24.817082617906934,67.05928087528649
15221.695078740158,39.77823920000003,0.0775096639990806,0.1335527300834655,-0.1906893998384475,2025.0,25.131313304291943,67.21558773472329
13877.172440944882,38.872463900000014,0.0328345671296119,0.054473340511322,-0.0845806300640106,2025.0,24.926227924927456,67.0045734744836
16295.011023622046,44.01487499000004,0.0686828568577766,0.0928240343928337,-0.1564070582389831,2025.0,24.995218538747835,67.24496264451399
16672.736417322834,41.46332306000002,0.0725876316428184,0.0959269478917121,-0.1542658358812332,2025.0,25.10678929703548,67.2915852077598
13716.505118110235,37.86585701000001,-0.0628767386078834,0.2221077978610992,-0.2402188181877136,2025.0,25.11945554254156,67.01481426872257
13630.531692913382,39.07070906000001,-0.0093588847666978,0.1842832565307617,-0.1931514590978622,2025.0,24.8310963363392,67.3411722114432
10826.72066929134,31.352819899999982,-0.1755005866289138,0.2187224328517913,-0.1945861726999282,2025.0,24.749978466183205,67.39776607434273
12869.250196850391,38.91006212000002,0.0067943930625915,0.1091667264699935,-0.1453647464513778,2025.0,24.87529344831788,67.31557022584579
8891.550885826773,27.305884220000024,-0.0232457648962736,-0.0175933577120304,0.0256633497774601,2025.0,24.84942196813524,66.95121354660691
13372.024803149605,39.29971640000002,0.0876298546791076,0.0972301810979843,-0.137809470295906,2025.0,25.10409435118312,67.4328003704234
14360.503149606298,38.56142408000005,0.058238822966814,0.0737650021910667,-0.1195224151015281,2025.0,24.90951926064283,67.32554152549952
14510.293011811023,41.35565543000001,0.0978439673781395,0.102182000875473,-0.1528991162776947,2025.0,24.92865337619458,66.89192473785502
13627.3092519685,41.43256087999998,0.0735308155417442,0.087777704000473,-0.1302178651094436,2025.0,24.998452473770666,66.88410939488318
15612.583858267715,41.6410601,0.0726123377680778,0.0936529859900474,-0.1436744630336761,2025.0,24.994679549577363,67.41231878194546
15723.478543307085,41.12835710000002,0.0758249163627624,0.0803365334868431,-0.1359371691942215,2025.0,24.986055722849816,67.01777870916017
15314.926377952754,38.71523497999999,0.0729245245456695,0.0900874733924865,-0.1373224258422851,2025.0,24.917873592785146,67.3802489263024
8951.905216535433,26.8068533,-0.0259859059005975,-0.0528418384492397,0.0763214007019996,2025.0,24.7739634842692,67.41231878194546
14637.15275590551,41.86323140000002,0.0553372614085674,0.1279077380895614,-0.1721289306879043,2025.0,25.10894525371737,67.23741679612739
13258.172440944882,39.39883898000005,0.0399428382515907,0.042186327278614,-0.0716708302497863,2025.0,24.90709380937571,67.05550795109319
13976.341732283465,38.40419516000003,0.0346853733062744,0.0508715510368347,-0.0841160640120506,2025.0,24.86990355661316,66.99029026146611
16018.017913385826,41.900829620000025,0.0729072391986846,0.0901303514838218,-0.1449993550777435,2025.0,24.973119982758494,67.36138430533589
17235.54153543307,43.39792238000001,0.0758874490857124,0.0861487388610839,-0.1513762772083282,2025.0,25.11190969415496,67.09485416053762
15358.518897637796,39.43985522000003,0.0322916656732559,0.0988556072115898,-0.1428480297327041,2025.0,24.90709380937571,67.22636751813272
13351.732972440945,38.43666635,-0.0445636548101902,0.1646314561367035,-0.1873524934053421,2025.0,24.943206083797318,67.10644242770276
15019.76938976378,39.50308859000003,0.0564320497214794,0.1242545843124389,-0.1741597801446914,2025.0,25.05450734749972,66.91779621803767
16297.707381889766,40.10807813000002,0.0654069781303405,0.1072361543774604,-0.1634297221899032,2025.0,25.046422509942648,67.25412546041201
16385.623720472446,38.43324833,0.0816461667418479,0.0762007758021354,-0.131466269493103,2025.0,24.87717991041453,66.86928719269521
16687.253149606302,43.22702138,0.0686748698353767,0.0823938101530075,-0.134153202176094,2025.0,25.077144892659533,67.09242870927051
13653.736909448817,38.52895289,-0.0201594475656747,0.1364751309156417,-0.1570388674736023,2025.0,24.88283929670448,67.01697022540446
16926.726574803153,40.82415332000005,0.0684640780091285,0.0887863934040069,-0.147044837474823,2025.0,25.1054418241093,67.13635632666394
15172.082874015749,40.80022717999998,0.0612891241908073,0.0988054424524307,-0.1544115245342254,2025.0,24.97150301524708,67.40746787941121
15983.42440944882,41.80170704,0.0644944012165069,0.0859503149986267,-0.1392150074243545,2025.0,25.0235154701976,67.1856738357621
14685.431791338584,42.07685765000002,-0.014369985088706,0.2054289430379867,-0.2434512972831726,2025.0,25.104902834938827,67.26140181421339
17002.37716535433,43.11422672000003,0.0766691640019416,0.0768375992774963,-0.1440207809209823,2025.0,25.011927203032457,67.29535813195311
15253.293503937008,39.87394376,0.0416652373969554,0.1358044147491455,-0.1785768419504165,2025.0,24.875562942903112,67.23714730154215
13729.74872047244,38.93398826000004,-0.0016355835832655,0.0808096230030059,-0.1029097139835357,2025.0,24.78743821353099,67.05847239153078
14887.88503937008,40.33195844,0.0301763359457254,0.1510110944509506,-0.1918761879205703,2025.0,25.06232269047156,67.26194080338385
14304.597637795276,42.47505697999998,0.0377219729125499,0.1288502663373947,-0.1794889867305755,2025.0,24.900086950159576,67.39372365556419
15281.902263779528,39.90641495,0.0414296463131904,0.0477656945586204,-0.0918215066194534,2025.0,24.958836769740994,66.97573755386338
15528.122736220472,40.81902629000004,0.0523890666663646,0.061168398708105,-0.1032541468739509,2025.0,24.95614182388864,67.04149423266092
11215.37716535433,30.15138587000004,-0.1601156890392303,0.2138344198465347,-0.1999279260635376,2025.0,24.733539296483816,67.40153899853603
14931.158661417325,40.40031884000001,0.0394635014235973,0.038751546293497,-0.076550580561161,2025.0,24.82974886341302,67.23795578529787
13847.03809055118,39.20401184000002,0.0387020409107208,0.050108578056097,-0.0823708102107048,2025.0,24.868286589101743,67.01750921457493
14430.819586614172,40.617363110000014,0.0549328960478305,0.0834025964140892,-0.1305547356605529,2025.0,25.056124315011136,66.86254982806432
14920.293503937008,41.391544640000006,0.0611378066241741,0.093826025724411,-0.1439937353134155,2025.0,24.841067635992925,67.3983050635132
13901.58877952756,39.162995600000045,0.0093898326158523,0.1622983813285827,-0.1965015530586242,2025.0,24.943745072967783,67.37970993713192
13085.488385826771,37.585579370000005,0.0901635438203811,0.1029973551630973,-0.1431301534175872,2025.0,25.119994531712035,66.86201083889384
14275.80531496063,42.013624280000016,0.0551140904426574,0.0962066128849983,-0.1315015405416488,2025.0,24.793906083576648,67.1487530775848
13597.729527559057,36.99597091999999,-0.0327936895191669,0.2023576945066452,-0.2281542122364044,2025.0,25.073910957636706,66.92156914223096
14581.248720472442,41.29413107000002,0.0962765514850616,0.1049696952104568,-0.1556541323661804,2025.0,25.05747178793732,67.43684278920193
16657.34173228347,37.80945968000003,0.0517794974148273,0.1238599270582199,-0.1777474582195282,2025.0,25.03833767238557,66.90405199419064
8338.382086614172,28.368888440000035,-0.0126952352002263,-0.031468816101551,0.0561918243765831,2025.0,24.775310957195376,67.37000813206343
15749.773818897638,40.01066456000001,0.0795348584651947,0.1000434309244155,-0.1479892432689666,2025.0,25.027557888976137,66.91321481008866
16123.624212598424,39.97648436000003,0.0678483992815017,0.086445927619934,-0.1371125429868698,2025.0,24.96611312354236,67.1819009115688
15222.83779527559,40.50285944000001,0.0590894073247909,0.10689677298069,-0.1623738706111908,2025.0,24.90305139059717,67.42417654369584
14689.012007874016,39.54239582000002,0.0601618215441703,0.1242347881197929,-0.1744870096445083,2025.0,24.86909507285745,67.41609170613877
14872.878149606298,38.87075489,0.0327330194413661,0.0973671525716781,-0.1383497565984726,2025.0,24.967730091053777,67.14605813173243
9711.97066929134,29.10718076000001,-0.0395377911627292,0.0194174759089946,-0.0080177234485745,2025.0,24.81088424244651,66.96280181377206
12567.841240157482,34.36067750000001,-0.0173651091754436,0.1834543794393539,-0.2005352526903152,2025.0,25.01462214888481,66.99406318565941
14180.129133858269,42.259721720000016,0.080045610666275,0.1171384155750274,-0.1717980504035949,2025.0,24.93539074082548,66.89731462955974
13849.012992125983,40.96087412000003,0.0674876570701599,0.1202589347958564,-0.1619247198104858,2025.0,24.98659471202029,67.3050599370216
15158.882578740157,40.738702820000015,0.0611592158675193,0.1146497577428817,-0.1673392504453659,2025.0,24.85885427861849,67.41393574945688
13191.942125984251,37.12585568000003,-0.0007157786167226732,0.1579790413379669,-0.186797022819519,2025.0,24.873406986221227,67.3088328612149
15285.081397637794,38.90835311000001,0.0543603748083114,0.0610856264829635,-0.1107755303382873,2025.0,24.783665289337687,67.36569621869965
14890.573031496064,41.3505284,0.0676478743553161,0.0828786715865135,-0.1305174678564071,2025.0,25.12511492883152,66.89273322161073
14802.040551181102,40.10636912000001,0.0023938128724694,0.0869343876838684,-0.1146496832370758,2025.0,24.950212943013447,67.21989964808706
14357.22066929134,38.89297202000003,0.0466407127678394,0.03654096275568,-0.0684526339173317,2025.0,24.82166402585594,67.16061083933518
16259.59566929134,42.160599140000045,0.0591984130442142,0.0640942156314849,-0.1090705916285514,2025.0,24.828131895901603,67.26921715718522
10743.479527559057,33.99494936000002,-0.0287764463573694,0.0956290736794471,-0.0881835594773292,2025.0,24.81034525327604,67.08649982839532
15471.047440944882,41.58295376000001,0.0675719901919364,0.0968979001045227,-0.1477541923522949,2025.0,25.05666330418161,67.41690018989448
14417.86437007874,40.757501930000046,0.0589312277734279,0.1014479845762252,-0.1533411890268325,2025.0,24.838372690140567,67.39129820429707
14560.42244094488,40.704522620000006,0.0368523523211479,0.1324400901794433,-0.174577310681343,2025.0,25.10598081327977,67.02451607379106
15977.88307086614,39.92179604,0.0433698669075965,0.1309222728013992,-0.1923792958259582,2025.0,25.05639380959637,67.25951535211674
14677.5937007874,42.020460319999984,0.0905013978481292,0.1035708412528038,-0.1532554924488067,2025.0,24.946979007990617,66.88896029741743
17240.53366141732,41.55902762000005,0.0785315483808517,0.0829694345593452,-0.1467876583337783,2025.0,24.899008971818635,67.22717600188842
13388.53218503937,37.60096046000004,-0.0487487129867076,0.1594205796718597,-0.1769701987504959,2025.0,24.914909152347548,67.07545055040065
14154.37027559055,39.86710772000004,0.0322245992720127,0.0527685023844242,-0.1149573773145675,2025.0,24.87583243748835,66.86147184972337
15156.182283464566,41.45990504000002,0.040793877094984,0.0876897498965263,-0.1347737610340118,2025.0,24.975006444855143,67.10240000892423
14980.82155511811,41.55048257000004,0.0722222775220871,0.1084799394011497,-0.1596515625715255,2025.0,24.899547960989104,66.87494657898516
15084.379133858263,38.24013020000001,0.0475640967488288,0.0894016772508621,-0.1364555209875106,2025.0,24.917334603614677,67.2419982040764
12753.542027559057,37.61805056000003,-0.0415289662778377,0.209855630993843,-0.2197223156690597,2025.0,24.82516745546401,67.34036372768749
13921.397834645672,38.10682742000006,0.031244833022356,0.0375188291072845,-0.0691840797662735,2025.0,24.896314025966277,67.02505506296154
15364.362401574805,41.13177512000004,0.0326461866497993,0.1501414626836776,-0.1893491148948669,2025.0,25.108406264546893,67.22502004520655
9022.093700787402,27.36057254000002,-0.0340158864855766,-0.0720108449459075,0.1016111448407173,2025.0,24.763183700859763,67.25439495499725
13617.173425196852,36.96691774999999,0.0868439674377441,0.0907841250300407,-0.1325242817401886,2025.0,25.11729958585968,66.87575506274088
15653.616338582677,41.70600248000005,0.0684869512915611,0.0852967128157615,-0.1335959285497665,2025.0,25.042649585749345,67.41204928736023
15741.28366141732,39.55948592000004,0.0782063603401184,0.0802540630102157,-0.1351635754108429,2025.0,24.917334603614677,67.35572491904594
11679.168996062992,32.31670154,-0.1118134334683418,0.1879765093326568,-0.1838441491127014,2025.0,24.792828105235703,67.2630187817248
17241.685728346456,43.088591570000006,0.0849370807409286,0.0800257846713066,-0.1409087628126144,2025.0,24.95614182388864,67.23553033403074
15082.001181102363,41.31976622000002,0.0734756216406822,0.1003993153572082,-0.1458857059478759,2025.0,24.993332076651186,66.88653484615031
13322.645866141733,38.66396468000005,0.0583531782031059,0.090812936425209,-0.1230553835630416,2025.0,24.81223171537269,67.32850596593711
17303.10994094488,41.19159047000002,0.0764776021242141,0.0661349147558212,-0.1219535693526268,2025.0,25.036181715703684,67.21262329428569
10824.75068897638,32.21928797000001,-0.1260752528905868,0.197461262345314,-0.1865728348493576,2025.0,24.792289116065238,67.32338556881763
12787.826968503938,37.44373154000005,-0.0589458160102367,0.2007719278335571,-0.2074043750762939,2025.0,24.87744940499977,67.32958394427806
15574.040551181102,40.64641628000001,0.0986962243914604,0.0833035483956337,-0.1422218531370163,2025.0,25.133199766388596,67.42821896247438
16455.301377952754,41.34027434000004,0.0722366049885749,0.0777560099959373,-0.1339709460735321,2025.0,25.02836637273185,67.39480163390513
16451.488385826775,40.33195844,0.0585333704948425,0.1182527467608451,-0.1707715541124344,2025.0,25.073910957636706,67.11264080316319
8761.064173228347,28.174061300000037,-0.0333146788179874,-0.0705541521310806,0.0909140482544899,2025.0,24.73380879106905,67.43792076754286
15641.282677165354,41.60346188000005,0.0623116567730903,0.081556312739849,-0.1300043910741806,2025.0,25.079300849341426,67.15037004509621
15844.53218503937,40.96600115000004,0.0632779002189636,0.0958733037114143,-0.1540293544530868,2025.0,25.08118731143807,67.3142227529196
14776.37618110236,39.75260405,0.032431174069643,0.046359896659851,-0.0812178254127502,2025.0,24.948865470087267,67.06628773450262
14799.986417322836,40.21574576,0.0882062464952468,0.0649910420179367,-0.112383984029293,2025.0,25.1482914631618,66.9045909833611
15848.112401574805,40.81389926000003,0.0694613456726074,0.0827535837888717,-0.1379211097955703,2025.0,25.12673189634293,67.37458954001244
8905.916043307087,26.482141400000017,-0.0399852134287357,-0.0162613410502672,0.031888760626316,2025.0,24.830557347168725,66.95283051411833
16396.26692913386,40.82415332000005,0.0696238949894905,0.1148948892951011,-0.1689406335353851,2025.0,25.13670319599666,67.1819009115688
15651.399311023622,39.47061740000001,0.026636853814125,0.0490991659462451,-0.0832530185580253,2025.0,24.9310788274617,67.07679802332682
14267.363385826771,40.00724653999998,0.0300884041935205,0.149562269449234,-0.1928604543209076,2025.0,25.00060843045255,67.36650470245537
14673.957874015749,36.54821030000002,-0.0068445545621216,0.1864234358072281,-0.2132961452007293,2025.0,25.083073773534725,66.93423538773705
14768.61437007874,41.35565543000001,0.0850255861878395,0.0728179290890693,-0.1214300543069839,2025.0,25.136164206826187,67.26221029796909
14841.234448818896,42.87838334000003,0.0818544179201126,0.0976061299443245,-0.1515634804964065,2025.0,24.904937852693823,66.89731462955974
14344.16653543307,40.11662318000003,0.0387536808848381,0.0474103465676307,-0.0839665904641151,2025.0,24.989828647043115,67.06413177782073
13699.215748031496,40.69426856000001,0.0565948225557804,0.1173204630613327,-0.160923570394516,2025.0,24.851308430231885,67.35680289738687
16038.766929133855,40.376392700000025,0.0621440857648849,0.116267442703247,-0.1785034537315368,2025.0,24.98767269036123,67.22043863725753
14810.425393700783,40.79680916000001,0.0095586311072111,0.173821210861206,-0.2051816582679748,2025.0,25.00006944128208,67.23094892608174
13654.53562992126,40.00724653999998,0.0482108779251575,0.0611486248672008,-0.1037743017077446,2025.0,24.87529344831788,66.88761282449126
12992.980511811023,36.71569327999998,0.0025102922227233,0.1367342472076416,-0.1636873930692672,2025.0,24.85346438691377,67.32635000925522
15576.511023622048,41.33002027999999,0.0939715504646301,0.1108263134956359,-0.169360414147377,2025.0,25.132121788047648,67.21936065891659
16068.81909448819,40.53703963999999,0.1095451638102531,0.0949970483779907,-0.1433439701795578,2025.0,25.137511679752365,67.4268714895482
14905.325,41.41888880000002,0.0902996510267257,0.0787687376141548,-0.126008853316307,2025.0,25.085499224801847,67.42902744623008
13403.816633858269,40.42937201000001,0.0301840640604496,0.0420453585684299,-0.0709767863154411,2025.0,24.90305139059717,66.97654603761909
14558.609448818896,44.13621469999998,0.0498792938888073,0.0980548188090324,-0.1428367495536804,2025.0,24.884995253386368,67.38213538839905
12406.786614173228,41.547064550000016,0.1252590417861938,0.0459964573383331,-0.0683460310101509,2025.0,24.872867997050754,67.26975614635569
16816.323031496064,41.64447812000003,0.1028263494372367,0.0821595564484596,-0.1386404782533645,2025.0,25.14505752813897,67.39399315014943
13552.21279527559,39.14419649000001,-0.024920942261815,0.1414822190999984,-0.1585158109664917,2025.0,24.94778749174632,67.0525435106556
12751.542519685036,39.24673709000001,-0.0215566363185644,0.1648011207580566,-0.1837068498134613,2025.0,24.998452473770666,66.93450488232229
15997.52874015748,41.965772000000015,0.0541109964251518,0.0890698432922363,-0.1393511146306991,2025.0,24.938085686677837,67.22205560476895
14151.29153543307,41.26849592000002,0.065657302737236,0.0893487408757209,-0.1374887079000473,2025.0,24.844301571015755,67.38968123678565
8706.953444881889,27.14011025000002,-0.0249981321394443,-0.0222979895770549,0.0339969024062156,2025.0,24.846996516868117,66.9458236549022
14431.534153543307,40.74553886000001,0.0441673398017883,0.0501171424984931,-0.0839566588401794,2025.0,24.959914748081932,67.09458466595238
14178.1625984252,40.14396734000002,0.0249062143266201,0.0549960285425186,-0.0869392082095146,2025.0,24.902242906841465,67.05874188611602
14963.90127952756,40.96771016000002,0.0553631745278835,0.1027382314205169,-0.1500382721424102,2025.0,24.92461095741604,67.35949784323924
10602.650787401575,31.32547574,-0.0782800465822219,0.0436086133122444,-0.0432720258831977,2025.0,24.7709990438316,67.16627022562513
14125.777755905512,39.06045500000005,0.0325476974248886,0.0557235404849052,-0.0868693962693214,2025.0,24.89065463967632,67.17166011732985
15802.137992125983,42.71773640000004,0.0782287046313285,0.0634158700704574,-0.1120481938123703,2025.0,24.86478315949368,66.93207943105517
14178.165551181104,38.58193219999998,0.0391684137284755,0.0431353896856308,-0.0781177654862403,2025.0,24.91113622815425,66.9714256404996
16409.208858267717,41.61713396000005,0.0754745677113533,0.0622361339628696,-0.113171599805355,2025.0,24.83028785258349,67.08730831215102
15126.845669291337,41.66156822000005,0.0610272251069545,0.1304011791944503,-0.1803587079048156,2025.0,24.896314025966277,66.85446499050724
15742.437204724409,39.69620672000002,-0.0008926696027629077,0.0930356830358505,-0.1258379817008972,2025.0,24.904937852693823,67.07572004498589
13793.623228346454,38.30507258,-0.0040841023437678,0.1178471595048904,-0.1453137844800949,2025.0,24.880952834607832,67.01238881745546
14505.848129921258,41.91108368000005,0.0663218423724174,0.1060495674610138,-0.1616217195987701,2025.0,24.821933520441178,67.37620650752386
15868.6906496063,38.82461161999999,0.0215530358254909,0.0772126540541648,-0.1175318285822868,2025.0,25.01812557849288,67.1323139078854
15090.12716535433,38.752833200000055,0.0090162754058837,0.0857605189085006,-0.1185940876603126,2025.0,24.90439886352335,67.08757780673626
17098.097145669293,42.49556510000002,0.0802037417888641,0.0882517993450164,-0.1460279673337936,2025.0,25.075258430562883,67.10159152516852
13915.101082677164,38.72548904000004,0.0262356959283351,0.038681510835886,-0.0678541362285614,2025.0,24.85454236525472,67.073564088304
12274.368307086614,29.452400780000005,-0.2491016387939453,0.3408217132091522,-0.3202687203884125,2025.0,24.830557347168725,66.93423538773705
14983.714763779526,39.86881672999999,0.031685721129179,0.0866246297955513,-0.1275899112224578,2025.0,24.8814918237783,67.29347166985644
13853.424409448817,39.49796156000002,0.0398878380656242,0.0372010059654712,-0.0703570693731308,2025.0,24.95371637262151,67.07006065869592
15159.575,39.60050216000002,-0.0331676863133907,0.1702336519956588,-0.2063556313514709,2025.0,25.0340257590218,67.23660831237169
14157.76496062992,39.48087146,0.0498802252113819,0.0958766713738441,-0.1382424384355545,2025.0,24.88553424255684,66.92453358266856
16274.632086614174,41.85639536000002,0.070957712829113,0.0511930808424949,-0.0953216701745987,2025.0,24.93835518126307,66.93693033358942
14492.754625984251,39.22622897000002,-0.0039028397295624,0.1167307943105697,-0.1384821236133575,2025.0,24.785012762263865,67.06359278865027
14471.67342519685,36.69347615000004,-0.0199543442577123,0.1718507558107376,-0.2020309865474701,2025.0,25.04561402618694,67.0247855683763
14913.964763779528,40.10636912000001,0.0663342475891113,0.1000535041093826,-0.1574539989233017,2025.0,24.88472575880113,67.43199188666767
14375.373720472442,40.86687857000004,0.0483923181891441,0.0584459789097309,-0.1034670248627662,2025.0,24.9949490441626,66.98247491849428
15558.07992125984,39.73380494000003,0.0331724621355533,0.0822797045111656,-0.1244669556617736,2025.0,24.851308430231885,67.1029389980947
14842.64192913386,40.67376044000002,0.0070211198180913,0.1662577241659164,-0.1973777115345001,2025.0,25.112448683325432,66.95687293289687
15929.15374015748,40.69085054000004,0.0808093026280403,0.0716280192136764,-0.1366744041442871,2025.0,25.089541643580382,67.31071932331155
14637.749212598424,41.408634740000025,0.0756623297929763,0.0792523324489593,-0.128478467464447,2025.0,25.131313304291943,66.94771011699885
14881.189173228346,40.13713130000002,0.0570555813610553,0.0973782762885093,-0.1500898152589798,2025.0,25.0806483222676,67.30398195868065
11618.842716535431,35.003265260000006,-0.1479266583919525,0.2388597130775451,-0.2259999364614486,2025.0,24.803877383230372,67.31530073126055
14731.192125984251,41.14032017000005,0.0189710110425949,0.1423960030078888,-0.1795258373022079,2025.0,25.017856083907645,67.40073051478032
14311.446062992129,40.68059648000002,0.0826474353671073,0.1149156168103218,-0.161423847079277,2025.0,25.048578466624534,67.44007672422475
15977.096653543307,43.295381780000014,0.0652595981955528,0.1044073477387428,-0.1678070574998855,2025.0,24.94455355672349,67.27002564094093
13986.229527559051,39.94230416000005,0.0322125554084777,0.0567393600940704,-0.0941593796014785,2025.0,24.845379549356696,67.21882166974612
14594.46624015748,40.475515280000025,0.0378200262784957,0.066391222178936,-0.1127116754651069,2025.0,24.86020175154467,67.3516825002674
16051.20688976378,41.45990504000002,0.0801125913858413,0.0925839766860008,-0.1475388407707214,2025.0,25.035912221118448,67.2029214892172
15530.367814960631,39.41251106000004,0.0260215513408184,0.0631296634674072,-0.1044093072414398,2025.0,25.015430632640523,67.13042744578875
16882.42145669291,40.62932618000002,0.1130014806985855,0.0965264365077018,-0.1539666950702667,2025.0,25.137511679752365,67.42444603828108
15818.669488188974,41.22747967999999,0.0542460195720195,0.079822301864624,-0.1381439566612243,2025.0,25.05450734749972,67.32661950384046
17505.45,40.53703963999999,0.0760969296097755,0.1184464916586875,-0.180344745516777,2025.0,25.104902834938827,67.17947546030169
15315.773818897638,42.04609547000001,0.0858480557799339,0.0704614073038101,-0.1321524083614349,2025.0,24.847535506038582,67.37593701293862
13181.191141732284,41.227479680000044,0.0069467909634113,0.1488992422819137,-0.1672850400209427,2025.0,24.909249766057595,66.94393719280555
16831.25511811024,41.26507790000005,0.095013327896595,0.0873844698071479,-0.1477236300706863,2025.0,25.14317106604232,67.31610921501627
13943.459842519684,38.80068548000003,-0.0594678744673728,0.2338358461856842,-0.2451560199260711,2025.0,25.134816733900006,67.044997662269
14756.866338582677,37.98548771000003,-0.0324946865439415,0.2171091586351394,-0.233820304274559,2025.0,24.909788755228067,67.30613791536254
15829.498228346456,43.19967722000001,0.0864780694246292,0.0676804259419441,-0.1192338392138481,2025.0,24.87205951329505,67.04014675973474
15994.348622047246,39.634682360000056,0.1000341922044754,0.0931906253099441,-0.1413507908582687,2025.0,25.096817997381752,67.44438863758853
15575.3781496063,41.81196110000002,0.0453380197286605,0.1270861625671386,-0.1736124157905578,2025.0,25.02674940522043,67.36704369162584
11650.485433070866,33.46002923000003,-0.0311584398150444,0.0515683777630329,-0.0410667471587657,2025.0,24.83352178760632,67.00861589326215
14193.516929133855,41.18304541999999,0.0254360456019639,0.0641506761312484,-0.0983902141451835,2025.0,24.843493087260047,67.09862708473092
14144.755118110235,40.77971906000005,0.0221026111394166,0.146735668182373,-0.1822437942028045,2025.0,25.013544170543877,66.85150055006964
14691.067125984251,34.890470600000015,-0.04407250136137,0.235163152217865,-0.240093246102333,2025.0,24.93188731121741,67.33120091178947
14996.729527559051,38.11024544000003,0.0426948703825473,0.0912016183137893,-0.1336612403392791,2025.0,25.03914615614128,66.9000095754121
14176.288582677164,39.39542096000002,0.0377536416053772,0.0771160274744033,-0.1103627532720565,2025.0,24.78420427850816,67.07329459371876
15542.190157480312,40.75921094,0.0788704007863998,0.1038143709301948,-0.1647548079490661,2025.0,24.86801709451651,67.44438863758853
13369.506102362204,40.01920961000002,0.0049252538010478,0.0927331298589706,-0.113830529153347,2025.0,24.79660102942901,67.07194712079257
16304.263976377952,41.57953573999998,0.0599990636110305,0.0940947756171226,-0.1633647978305816,2025.0,25.02674940522043,67.29967004531687
16687.455413385826,41.11297601000001,0.0693841576576232,0.0982114970684051,-0.1542595624923706,2025.0,25.089272148995143,67.16357527977277
14823.958858267715,40.79339114000004,-0.0163497775793075,0.134086936712265,-0.1632338911294937,2025.0,25.002225397963965,67.10051354682757
10734.716732283465,31.10672246000001,-0.1485209614038467,0.1686674654483795,-0.1373095363378524,2025.0,24.73677323150665,67.3058684207773
13051.962795275587,40.14054931999999,0.044835165143013,0.0448561310768127,-0.070822961628437,2025.0,24.79471456733236,67.41204928736023
15950.89192913386,39.54239582000002,0.0414904318749904,0.0949163138866424,-0.14284747838974,2025.0,24.916526119858965,67.24900506329253
14407.928838582677,39.67398959000002,0.0011445524869486,0.163175567984581,-0.1960833668708801,2025.0,24.93700770833689,67.21235379970045
8878.186220472442,27.733136720000036,-0.0227396246045827,-0.0679450631141662,0.0978498011827468,2025.0,24.77180752758731,67.20723340258098
15748.812696850397,41.79828902000003,0.066927783191204,0.0761941075325012,-0.1334502249956131,2025.0,24.89523604762533,67.32608051466998
13901.347637795276,39.14419649000004,0.0212080050259828,0.1008924543857574,-0.1242839768528938,2025.0,24.780431354314857,67.06574874533216
11292.923425196852,30.233418350000026,-0.1890778988599777,0.2103435844182968,-0.1978504955768585,2025.0,24.736234242336177,67.27245109220806
15563.486417322834,41.15911928000003,0.1059609279036521,0.089846171438694,-0.1371613591909408,2025.0,25.12511492883152,67.4020779877065
11456.41751968504,33.037903760000006,-0.1552191525697708,0.2377869337797165,-0.2205961644649505,2025.0,24.75482936871745,67.3298534388633
16471.36535433071,39.14248748,0.0846593603491783,0.0924126505851745,-0.1437559425830841,2025.0,25.024323953953303,66.9239945934981
12817.237401574805,38.77675934000001,0.0929737389087677,0.105004034936428,-0.1472472101449966,2025.0,25.142901571457084,66.86281932264956
14431.857972440945,39.97819336999999,0.0304161962121725,0.1463480591773986,-0.1878401190042495,2025.0,25.14990843067321,66.97465957552244
15485.985433070866,41.750436740000055,0.0923764705657959,0.0900616124272346,-0.1425695568323135,2025.0,25.12511492883152,67.330661922619
13135.407677165354,39.72013286000004,0.0217143613845109,0.0396390818059444,-0.0670873075723648,2025.0,24.84834398979429,66.98301390766474
17253.07007874016,40.297778240000014,0.0718915089964866,0.0963053330779075,-0.1506676971912384,2025.0,25.07202449554005,67.20750289716621
16196.866830708665,37.06091330000001,0.0275503117591142,0.0880577266216278,-0.141801431775093,2025.0,24.96180121017859,67.32257708506192
10907.582874015749,34.99984724000001,0.0309186205267906,0.0898182615637779,-0.1187736019492149,2025.0,25.14371005521279,66.8722516331328
13018.804330708665,38.63662052000001,-3.576921881176531e-05,0.0754891484975814,-0.0972991958260536,2025.0,24.861818719056085,67.05847239153078
14955.846653543304,39.63126434000003,0.0164337195456028,0.0784288272261619,-0.1091167032718658,2025.0,24.78824669728669,67.06763520742881
14293.997736220474,42.11958290000001,0.0676233321428299,0.0845721811056137,-0.132302701473236,2025.0,24.90951926064283,67.34817907065933
15130.255118110235,38.92031617999999,0.0318827964365482,0.0706258416175842,-0.1133413836359977,2025.0,25.05801077710779,67.10536444936183
14991.356496062992,38.67763676000001,0.0276888906955719,0.1142927333712577,-0.1632013469934463,2025.0,24.903320885182406,67.30425145326589
14402.92933070866,40.14738536000005,0.0331583395600318,0.1207481622695922,-0.1670620739459991,2025.0,25.0272883943909,67.39884405268367
14325.859448818896,40.661797370000016,0.0195738337934017,0.056031260639429,-0.085301786661148,2025.0,24.91032774439854,67.00565145282455
14322.45590551181,38.21962208000002,0.0573219209909439,0.1321550011634826,-0.1688859611749649,2025.0,25.04561402618694,66.98597834810234
13641.63848425197,40.11149615,0.0348070189356803,0.0387934744358062,-0.0699993595480918,2025.0,24.93512124624024,67.01616174164876
14974.416535433067,39.983320400000025,0.1008064523339271,0.0976753681898117,-0.1451705396175384,2025.0,25.12780987468388,67.40773737399645
16069.750196850391,41.88032150000004,0.0777690112590789,0.0951313003897667,-0.1613776087760925,2025.0,25.089272148995143,67.073564088304
15137.365354330708,40.851497480000006,0.0580820702016353,0.1054238677024841,-0.1547356992959976,2025.0,25.01570012722576,67.39695759058702
13701.393897637794,40.449880130000025,-0.0491087138652801,0.1712760776281356,-0.1977447122335434,2025.0,24.896853015136745,67.14147672378343
14789.228543307088,38.12049950000005,-0.0379878729581832,0.2505308389663696,-0.2693212926387787,2025.0,24.88472575880113,67.2802664351799
9142.293503937006,27.938217920000056,-0.0620404407382011,0.0468864813446998,-0.0368285700678825,2025.0,24.83621673345868,66.99082925063658
13067.177362204726,40.23967190000002,0.0158872120082378,0.1282128244638443,-0.1566400974988937,2025.0,24.9558723293034,67.15522094763045
16306.940157480312,41.92817378000004,0.0708561092615127,0.0683970302343368,-0.1261149495840072,2025.0,25.065017636323923,67.33847726559084
15396.960826771654,42.46651193,0.0697832480072975,0.0820968821644783,-0.1331458836793899,2025.0,25.018664567663357,67.24631011744017
16666.446062992127,42.66304808000001,0.0943729132413864,0.0558547712862491,-0.1161785870790481,2025.0,25.051003917891656,67.04149423266092
15030.531692913386,40.51653152000006,0.0522939227521419,0.0814488530158996,-0.1334425508975982,2025.0,24.829209874242547,67.40773737399645
14382.847637795274,40.591727960000014,0.0229189749807119,0.1445078998804092,-0.1842688769102096,2025.0,25.03052232941373,67.05739441318984
14086.45,39.25870015999999,-0.0169469006359577,0.1110575571656227,-0.1335306018590927,2025.0,24.86478315949368,67.06898268035498
14370.423917322834,40.82415332000002,0.038192443549633,0.1263260841369629,-0.1652020215988159,2025.0,25.111370704984488,66.94905758992503
14740.881594488188,39.60562919000003,0.0235279891639947,0.0874311327934265,-0.1209045350551605,2025.0,24.904937852693823,67.06116733738314
11230.54940944882,31.46561456000001,-0.1522636860609054,0.2280746102333068,-0.2072787880897522,2025.0,24.75105644452415,67.354646940705
14600.285629921262,40.01408258000004,0.0363299138844013,0.153848648071289,-0.2051157802343368,2025.0,25.141554098530904,66.99729712068225
14516.7093503937,38.88100895000002,0.0413969941437244,0.0696027353405952,-0.1066232472658157,2025.0,24.947248502575853,67.02128213876824
14414.391437007873,37.987196720000014,0.0339534617960453,0.0713917836546897,-0.110119491815567,2025.0,24.875023953732644,67.29077672400409
13675.006102362202,38.67080071999999,0.0199420396238565,0.1237973049283027,-0.1583916693925857,2025.0,25.052620885403076,66.8722516331328
15657.16062992126,42.22725053000002,0.0567180179059505,0.1099143177270889,-0.1597111374139785,2025.0,25.058280271693025,67.16034134474994
14594.514960629922,39.00234866000005,0.0231567900627851,0.0840860307216644,-0.1220174953341484,2025.0,24.91841258195561,67.24981354704825
15406.66407480315,41.65644119000001,0.0769791379570961,0.0781210735440254,-0.1308266222476959,2025.0,25.032678286095617,66.99190722897752
14490.743307086612,40.40715488000001,0.0732391104102134,0.0747581347823143,-0.1096628159284591,2025.0,24.760488755007405,67.09269820385573
14636.000196850397,39.72013286000004,0.0435493886470794,0.0382073931396007,-0.0711910352110862,2025.0,24.82301149878212,67.00214802321649
13528.24625984252,39.00576668000002,-0.0078430343419313,0.1508170366287231,-0.1842389851808548,2025.0,25.03860716697081,67.01346679579639
18093.82007874016,41.62567901000003,0.0216052271425724,0.0503308549523353,-0.0978636518120765,2025.0,24.94967395384297,67.26355777089528
16079.676377952754,41.10784898,0.075993962585926,0.0990793704986572,-0.1528514772653579,2025.0,25.06232269047156,67.21127582135952
13974.715748031496,40.588309940000045,0.0038635320961475,0.068837895989418,-0.0951274558901786,2025.0,24.86882557827222,67.08703881756578
15554.200984251967,38.81435756000002,0.0610352456569671,0.1308434605598449,-0.204680785536766,2025.0,25.14775247399133,67.2058859296548
14114.085826771654,43.127898800000025,0.0336338728666305,0.0639150068163871,-0.1088548451662063,2025.0,24.873406986221227,67.11102383565178
14498.398818897638,35.088715760000014,0.1050479039549827,0.1050411984324455,-0.1499172896146774,2025.0,25.127270885513404,66.87683304108181
14036.211811023622,41.28387701,-0.0090290438383817,0.0902419239282608,-0.1228844821453094,2025.0,24.806302834497497,67.34602311397744
14812.414566929136,39.339023630000014,-0.0063155158422887,0.1336740553379058,-0.163557544350624,2025.0,24.96368767227524,67.21181481052999
16645.118307086614,41.883739520000006,0.0595135316252708,0.0503172911703586,-0.1127111762762069,2025.0,25.016778105566704,67.31098881789679
12382.0218503937,34.64095514000002,-0.025555120781064,0.0783010199666023,-0.0870420187711715,2025.0,24.780431354314857,67.13366138081159
14883.282677165354,36.79772576000005,0.0199084375053644,0.1215444505214691,-0.16849085688591,2025.0,25.04750048828359,66.9706171567439
12888.913582677164,41.57440871,0.0945741161704063,0.0633586347103118,-0.0928031653165817,2025.0,24.814387672054576,67.28242239186179
14095.11633858268,37.68811997000003,-0.0369255729019641,0.2195722311735153,-0.2384559661149978,2025.0,25.13293027180336,67.01319730121116
16049.37224409449,40.92669392000005,0.0805744305253028,0.0821244120597839,-0.1365861445665359,2025.0,25.1092147483026,66.93639134441894
13111.587303149605,35.57920163000003,-0.0443720892071723,0.1810262203216552,-0.1913117915391922,2025.0,24.95129092135439,67.12611553242499
13772.37716535433,41.024107490000006,0.0522911772131919,0.0701512098312377,-0.1035768166184425,2025.0,24.793906083576648,67.11479675984508
15843.834842519684,43.08346454000002,0.064973160624504,0.0650056079030036,-0.1203154549002647,2025.0,25.03456474819227,67.18513484659164
14014.180807086614,43.62351170000005,0.0260397773236036,0.0381275564432144,-0.0683300346136093,2025.0,24.92137702239321,67.10509495477659
13643.860433070864,38.79384944000003,0.0262926146388053,0.1315510272979736,-0.1722901314496994,2025.0,24.81654362873646,67.3419806951989
8328.694094488188,28.00316029999999,-0.0143105201423168,-0.0257263928651809,0.0533757507801055,2025.0,24.769382076320188,67.42929694081532
15832.444094488188,39.88248881000001,0.0671941861510276,0.1007021367549896,-0.1551064401865005,2025.0,24.941858610871133,67.20265199463196
14241.933267716537,39.81583741999998,0.0389389134943485,0.0511001795530319,-0.0916959345340728,2025.0,24.94967395384297,66.97412058635196
15486.16751968504,41.31976622000002,0.0407261364161968,0.1296226233243942,-0.1798915416002273,2025.0,25.103016372842177,67.11075434106654
15765.923425196848,42.02387834000001,0.0809313207864761,0.1184905692934989,-0.1729452013969421,2025.0,25.139398141849018,67.21801318599042
13458.936220472442,33.85481054000002,-0.0217701997607946,0.1778999269008636,-0.2001284211874008,2025.0,25.06367016339774,66.96603574879488
15358.25807086614,39.98161139000001,0.0481668077409267,0.0639855936169624,-0.1096092462539672,2025.0,25.006806805912976,67.07679802332682
16194.37618110236,42.08882072000006,0.0743458643555641,0.0924620702862739,-0.1505292952060699,2025.0,25.07202449554005,67.24981354704825
14904.026771653544,38.71181696000002,0.0351135693490505,0.1165769919753074,-0.1625275015830993,2025.0,24.925419441171748,66.90486047794634
13622.2093503937,39.76456712000004,-0.0666800290346145,0.2239178121089935,-0.2324840426445007,2025.0,24.92973135453552,67.25601192250866
18203.08287401575,39.46719938000001,0.0474846437573432,0.0899775698781013,-0.1389884352684021,2025.0,24.997913484600197,67.01535325789305
15326.332874015749,42.45967589000003,0.075011521577835,0.0861057937145233,-0.1371776759624481,2025.0,24.90951926064283,67.34898755441503
8970.14783464567,28.33470824000005,-0.0310290660709142,-0.0027126735076308,0.0056902403011918,2025.0,24.84834398979429,66.96145434084588
15440.767913385826,40.07731595000001,0.0244125146418809,0.1492474973201751,-0.1986544877290725,2025.0,24.921107527807973,67.33200939554519
14855.670472440945,41.96406299000003,0.0908428505063057,0.1143770813941955,-0.1688034683465957,2025.0,24.92461095741604,66.8706346656214
15299.73149606299,39.22793797999998,0.0703629106283187,0.1057434901595115,-0.1504882127046585,2025.0,24.93188731121741,67.4201341249173
16086.2718503937,42.00337022000002,0.078732855618,0.0741195976734161,-0.1282897889614105,2025.0,24.930539838291228,67.44950903470802
15027.599114173228,39.83292752,0.0066395029425621,0.1183237805962562,-0.1508705168962478,2025.0,24.95129092135439,67.06467076699121
13083.854527559057,34.88363456000002,0.0435947701334953,0.0690157637000083,-0.1097542941570282,2025.0,25.017047600151937,66.93073195812899
15325.598622047244,39.71329681999998,0.0635321214795112,0.13704214990139,-0.1915494799613952,2025.0,25.110292726643543,67.1886382761997
16749.255118110235,41.323184240000046,0.0681535974144935,0.1015267148613929,-0.1543674916028976,2025.0,25.10678929703548,67.38186589381381
13427.81909448819,38.84170172000003,0.0315842032432556,0.034865878522396,-0.0633597373962402,2025.0,24.842415108919106,67.16330578518753
11681.094685039368,38.88955400000003,-0.0185561869293451,0.0845271125435829,-0.0993563458323478,2025.0,24.85831528944802,67.23633881778645
14133.185236220474,38.264056340000025,0.0220765601843595,0.0658202618360519,-0.0994944870471954,2025.0,25.007615289668685,67.0608978427979
16948.146358267717,36.22349840000004,0.0789404362440109,0.1089861989021301,-0.1650886833667755,2025.0,25.0272883943909,66.93127094729945
15952.353543307088,40.66350638000006,0.0819948092103004,0.11550123244524,-0.1734599620103836,2025.0,25.134277744729538,67.16330578518753
14478.676377952754,40.79168213,0.0829209610819816,0.0854633599519729,-0.1329870969057083,2025.0,25.1054418241093,67.05308249982606
11397.034153543307,33.13360832000001,-0.1580679416656494,0.2049534767866134,-0.1950109750032425,2025.0,24.757793809155043,67.28835127273697
14490.976082677164,41.72480159000003,0.0509447231888771,0.1232743561267852,-0.1701486110687255,2025.0,24.91706510902944,66.8962366512188
15730.815157480314,41.25140582000006,0.0751494616270065,0.10774777084589,-0.164037749171257,2025.0,25.084421246460906,67.2915852077598
16077.61092519685,39.87223475000002,0.0617078617215156,0.1071450561285018,-0.1715832203626632,2025.0,24.93700770833689,67.26436625465098
15347.33090551181,38.674218740000015,0.0175654403865337,0.1607033908367157,-0.1932351291179657,2025.0,24.946440018820145,67.330661922619
15463.077952755906,40.19352863000003,0.0416028946638107,0.1007173955440521,-0.1450237184762954,2025.0,25.10059092157505,67.2562814170939
15103.891437007873,42.38960648,0.0663182884454727,0.098605565726757,-0.1471331417560577,2025.0,25.1234979613201,66.95175253577739
13772.79251968504,40.40544587000005,0.0270621795207262,0.0690536126494407,-0.0919921919703483,2025.0,24.80091294279278,67.13500885373777
15833.502657480312,41.76069080000002,0.0742049440741539,0.1022288426756858,-0.1656109541654586,2025.0,25.12996583136576,67.26167130879863
14203.568602362204,38.69985389000004,0.0005924043362028897,0.1922322064638137,-0.2182656675577163,2025.0,25.128887853024818,66.98328340224998
9973.269881889764,27.910873760000012,-0.0418069064617157,-0.0663462355732917,0.0894607529044151,2025.0,24.769921065490657,67.24819657953682
12304.461318897636,40.87029659000001,0.0496739745140075,0.059600580483675,-0.1006445065140724,2025.0,24.9739284665142,66.94043376319748
13637.398818897638,37.66932086000003,-0.0447523482143878,0.1963380426168441,-0.2158708274364471,2025.0,24.92973135453552,67.24577112826971
11383.824015748029,32.46025838,-0.1633593887090683,0.2616182863712311,-0.2436098605394363,2025.0,24.79336709440618,67.28808177815174
15041.87125984252,39.79191128000002,0.0631843507289886,0.1266818344593048,-0.1700535267591476,2025.0,25.136164206826187,67.2570899008496
14589.795472440945,40.50627745999998,0.054342396557331,0.0957499593496322,-0.1423137485980987,2025.0,25.02917485648755,67.41690018989448
16346.5031496063,39.78849326,0.0593469142913818,0.113846518099308,-0.1639887392520904,2025.0,25.01435265429958,67.21774369140518
15331.881594488188,41.31463919000001,0.0607612207531929,0.0992997214198112,-0.1542557477951049,2025.0,24.89469705845486,67.30910235580014
14848.724114173228,39.70987880000001,0.0718271508812904,0.0496416948735713,-0.0901840254664421,2025.0,24.832982798435847,67.08596083922484
14918.421456692911,40.90960382000003,0.0627114251255989,0.1214080676436424,-0.1773165613412857,2025.0,24.96503514520142,67.39803556892797
15685.046456692911,42.20503340000005,0.0883718729019165,0.1005782485008239,-0.1566833704710006,2025.0,25.080378827682363,67.26274928713956
15572.590748031496,39.81241940000001,0.0078054186888039,0.1717626452445984,-0.2190941721200943,2025.0,25.086846697728024,67.28996824024838
14579.826968503938,37.63001363000001,-0.0893196314573288,0.2098232805728912,-0.2389720678329467,2025.0,24.99090662538406,67.32176860130622
15001.380118110235,41.032652540000015,0.0905162766575813,0.0913037732243537,-0.1437732428312301,2025.0,24.95317738345104,66.85257852841059
13257.678346456692,39.21426590000004,0.069942906498909,0.1001952141523361,-0.1342080682516098,2025.0,25.103824856597885,67.05469946733749
15220.749212598424,38.76650528000005,0.0353841893374919,0.1413745135068893,-0.1813119351863861,2025.0,24.857776300277543,67.43711228378716
14333.49872047244,39.84659960000002,0.0311115588992834,0.1354502439498901,-0.1780969798564911,2025.0,24.895775036795804,67.1420157129539
14562.729527559051,41.57269970000005,0.0598880238831043,0.0822522938251495,-0.1373007446527481,2025.0,25.03725969404463,67.27191210303758
15696.33631889764,39.70646078000004,0.0602420233190059,0.1237185299396514,-0.1800459772348404,2025.0,25.03052232941373,67.34440614646603
14149.838287401572,40.87029659000001,0.0797191932797432,0.1107814386487007,-0.1602658480405807,2025.0,24.941319621700664,66.90054856458258
15131.317618110235,41.83246922000001,-0.0308889187872409,0.2082939445972442,-0.2357273995876312,2025.0,25.050464928721183,67.38294387215475
13813.51496062992,39.86027167999998,0.0369835384190082,0.1294956356287002,-0.1623979210853576,2025.0,24.93242630038788,67.29293268068598
16112.828937007876,40.195237640000016,0.0629792436957359,0.071420207619667,-0.1205384209752082,2025.0,24.97662341236656,67.0239770846206
15768.003149606298,40.46867924000003,0.0714789405465126,0.1001062467694282,-0.1457629352807998,2025.0,25.044536047845995,66.98463087517617
13843.47214566929,40.94891104999999,0.0547621548175811,0.1016638055443763,-0.1470147222280502,2025.0,25.041032618237928,67.05227401607036
8595.09468503937,26.890594790000023,-0.0222043376415967,-0.0164716001600027,0.0237066447734832,2025.0,24.843493087260047,66.94178123612366
14948.847637795276,42.31782806000001,0.058100014925003,0.1009604260325431,-0.1508700251579284,2025.0,25.14640500106515,66.97304260801101
14539.716732283465,39.27579026000001,-0.0013218447566032,0.18991020321846,-0.2186639457941055,2025.0,24.91167521732472,67.42929694081532
8314.513976377952,28.25951180000004,-0.0160252917557954,-0.0297797936946153,0.054408773779869,2025.0,24.773155000513487,67.2983225723907
13621.83090551181,39.73380494000003,0.0048250537365674,0.1416341662406921,-0.1858965158462524,2025.0,24.87071204036887,67.42094260867302
12717.44901574803,36.22008038000001,-0.021457502618432,0.1584808379411697,-0.1732843667268753,2025.0,24.854003376084247,67.0991660739014
15790.922440944883,40.30632329000002,0.0633536949753761,0.1154431328177452,-0.1723580509424209,2025.0,25.11002323205831,67.16869567689226
13722.50905511811,38.96475043999999,0.038528025150299,0.0387184843420982,-0.071031779050827,2025.0,24.8806833400226,67.13878177793107
16001.816141732284,38.44179338000004,0.0180334784090518,0.0585206896066665,-0.0906628966331482,2025.0,24.87906637251118,67.08353538795772
14980.986417322834,42.35884430000005,0.0823406279087066,0.1159533783793449,-0.1720824986696243,2025.0,24.979587852804155,66.85581246343342
15791.374212598424,38.69472686,0.0380914844572544,0.0597339309751987,-0.096736192703247,2025.0,24.957489296814813,67.14363268046532
13585.415059055118,38.99380361000004,0.0409830436110496,0.0998486280441284,-0.1408221274614334,2025.0,25.0092322571801,67.01993466584206
15262.71624015748,43.08346454000002,0.0422941185534,0.1439559906721115,-0.2013804316520691,2025.0,24.994679549577363,67.29589712112357
14968.966732283465,41.589789800000034,0.0333255864679813,0.1005536019802093,-0.1476233899593353,2025.0,24.943206083797318,67.24280668783211
14079.34960629921,40.05509882000001,-0.0291602835059165,0.1741592139005661,-0.2093758583068847,2025.0,25.073102473881,67.11075434106654
15937.934251968503,41.010435410000014,0.089410163462162,0.0881790295243263,-0.1420001983642578,2025.0,25.01489164347005,66.8668617414281
14097.216732283465,38.82973865000002,-0.0026884558610618,0.166166290640831,-0.1963846236467361,2025.0,25.000877925037788,67.14147672378343
14008.304822834643,40.936947980000014,0.0857424736022949,0.1167487278580665,-0.1640122830867767,2025.0,24.9273059032684,66.89084675951408
14079.476082677164,35.92954868000001,-0.0565637461841106,0.2281049489974975,-0.2324899137020111,2025.0,25.089002654409917,66.98004946722715
11627.817125984251,32.074022119999995,-0.1825260818004608,0.2481161206960678,-0.2257356643676757,2025.0,24.745936047404665,67.39587961224608
15012.46377952756,42.32466410000001,0.0828005522489547,0.1191055551171302,-0.1719599068164825,2025.0,24.935929729995944,66.86120235513813
14932.111909448817,39.482580470000016,0.0539321154356002,0.1258587539196014,-0.1797966063022613,2025.0,24.90763279854618,67.42202058701396
16185.882578740158,40.743829850000026,0.0744850784540176,0.094914935529232,-0.1491653472185135,2025.0,24.88769019923873,66.88168394361607
14810.643897637794,39.30142541000001,0.0365879088640213,0.0708851590752601,-0.1060062572360038,2025.0,24.92514994658651,67.1600718501647
14112.21968503937,40.72161272000005,0.0293183848261833,0.1464710831642151,-0.1901798695325851,2025.0,25.024593448538543,67.39857455809843
14822.10157480315,39.98673842000005,0.0103018609806895,0.0612585991621017,-0.092940367758274,2025.0,24.918143087370375,67.08407437712819
15849.997244094486,38.46913754000002,0.0468460246920585,0.0479002185165882,-0.0908015891909599,2025.0,24.95775879140005,67.03610434095621
14871.399803149608,40.49602340000001,0.0210646092891693,0.0742307603359222,-0.1096941158175468,2025.0,24.904668358108587,67.10994585731083
10738.636515748032,31.99711667,-0.0781142711639404,0.1489854604005813,-0.1460940092802047,2025.0,24.794175578161884,67.25331697665631
15061.664566929134,39.25870015999999,0.0534568764269351,0.0553657300770282,-0.1026473194360733,2025.0,24.864513664908444,66.90027906999734
14680.14783464567,37.30359271999998,0.0280824191868305,0.0581316277384758,-0.0948629453778266,2025.0,24.99899146294113,67.05550795109319
14531.325,39.576576020000005,0.0361814349889755,0.0848978459835052,-0.1262605339288711,2025.0,24.886073231727316,67.25493394416772
16137.87027559055,42.88521938000002,0.0811903402209281,0.0756179392337799,-0.1402510702610016,2025.0,25.02216799727142,67.27514603806041
14072.744291338582,38.89297202,0.0411841347813606,0.0453810505568981,-0.0800356343388557,2025.0,24.873676480806463,67.00538195823933
17509.46131889764,42.75533461999999,0.0932079032063484,0.0577171668410301,-0.1250136196613311,2025.0,25.02082052434524,67.0487705864623
16455.182283464568,41.55902762000005,0.0627879500389099,0.1173442527651786,-0.1809954792261123,2025.0,25.12161149922345,67.26544423299192
14421.335826771654,39.607338200000015,0.0334645397961139,0.0455682873725891,-0.0831845328211784,2025.0,24.886073231727316,66.9819359293238
15141.950492125983,41.29071305000002,0.033467061817646,0.1054758056998252,-0.1525163650512695,2025.0,24.96557413437189,67.38375235591046
15964.230511811023,40.48576934000005,0.0618518963456153,0.0961364582180976,-0.1536593437194824,2025.0,25.032947780680853,67.28673430522555
14721.083366141733,42.84078511999999,0.0820084139704704,0.1016671657562255,-0.1507089287042617,2025.0,25.11945554254156,67.02990596549579
13852.097637795276,39.99699248000002,0.0333844386041164,0.1146630123257637,-0.1447500586509704,2025.0,24.81654362873646,67.330661922619
16623.315649606302,44.84203582999999,0.0709246098995208,0.085515409708023,-0.1383498311042785,2025.0,24.98767269036123,67.14174621836867
15981.31811023622,37.85731196000006,0.0314732305705547,0.0893056541681289,-0.135675698518753,2025.0,25.03133081316944,67.14066824002772
14811.859448818896,37.61805056000003,0.0294903386384248,0.0979605242609977,-0.1397950053215026,2025.0,25.02082052434524,67.15683791514188
13790.5312007874,34.242755810000006,-0.074349470436573,0.2387803643941879,-0.2278805524110794,2025.0,25.077144892659533,66.94905758992503
16082.02874015748,39.77482118,0.0478117763996124,0.1011024564504623,-0.1547402441501617,2025.0,24.920838033222736,67.27811047849801
13805.04251968504,39.95939426000001,0.0290664099156856,0.0403782166540622,-0.0759049952030181,2025.0,24.96746059646854,67.0789539800087
15517.427854330708,40.09782407000003,-0.0096943024545907,0.2225556373596191,-0.2432059198617935,2025.0,25.103016372842177,67.23040993691126
15296.323031496062,39.058745990000034,0.0518302209675312,0.104906752705574,-0.1602668911218643,2025.0,24.911944711909957,67.29589712112357
16034.105511811023,38.29481852000001,0.0661327242851257,0.078003354370594,-0.1358312964439392,2025.0,25.03052232941373,67.39399315014943
15102.677854330708,39.71842385000002,0.0482105500996112,0.0703348815441131,-0.109546847641468,2025.0,25.00977124635057,66.89273322161073
16876.414566929136,43.44919268000001,0.0895006582140922,0.0835351794958114,-0.1531971096992492,2025.0,25.09547052445557,66.9037824996054
15941.82746062992,41.637642080000006,0.0636285692453384,0.1144861876964569,-0.1677805483341217,2025.0,25.071755000954816,67.18782979244399
14338.005118110235,38.71865300000002,0.0138174220919609,0.1625458002090454,-0.2107873708009719,2025.0,24.9701555423209,67.43926824046905
11601.97657480315,31.499794759999983,-0.191838264465332,0.2684354186058044,-0.2484919279813766,2025.0,24.73919868277377,67.44034621880999
15611.868307086614,41.62567901,0.0524385347962379,0.0750606209039688,-0.1324154734611511,2025.0,25.060705722960147,67.34629260856268
14263.789566929132,37.45569461000002,0.0300015732645988,0.057902805507183,-0.0925724059343338,2025.0,25.02513243770901,66.8819534382013
15134.002165354332,41.28900404000001,0.0573828928172588,0.0960141494870185,-0.1548133790493011,2025.0,24.91949056029656,67.18459585742116
14172.94311023622,42.17256221,0.0357459522783756,0.0555161833763122,-0.0978558883070945,2025.0,24.95506384554769,67.1029389980947
14054.2531496063,38.54775200000006,-0.0077896248549222,0.1410167813301086,-0.173837661743164,2025.0,24.84268460350434,67.26706120050333
16748.198031496064,42.07856665999998,0.0671561285853385,0.0863508209586143,-0.1513144820928573,2025.0,25.07148550636958,67.330661922619
11782.479527559057,41.63422406000001,-0.0130866589024662,0.0957270339131355,-0.1221679896116256,2025.0,24.805494350741792,67.35410795153452
14068.13996062992,40.10636912000001,0.0214566327631473,0.0734348148107528,-0.1092426478862762,2025.0,24.85454236525472,67.11398827608937
13444.737401574805,37.836803840000016,0.0104612791910767,0.0732317417860031,-0.0969666093587875,2025.0,24.78851619187193,67.11856968403838
14392.9312992126,36.04576136000003,0.0068311966024339,0.1369817405939102,-0.1738844960927963,2025.0,25.092775578603213,67.00322600155744
15238.482972440945,40.63445321,0.0504054278135299,0.1145055443048477,-0.1567835956811905,2025.0,25.123228466734865,66.91159784257724
14695.54498031496,42.228959540000034,0.0847440138459205,0.1067434325814247,-0.1569495797157287,2025.0,24.924071968245567,66.88006697610464
16060.603543307088,44.0507642,0.0883096754550933,0.0754938200116157,-0.1334827542304992,2025.0,24.90439886352335,66.88761282449126
14975.537598425197,39.73551395000004,0.0425323024392128,0.0492278449237346,-0.0920659229159355,2025.0,24.89766149889245,67.18243990073928
17197.74478346457,41.27191393999999,0.1012066528201103,0.0745143145322799,-0.1350167393684387,2025.0,24.99009814162835,66.86228033347908
16431.94803149606,40.84807946000001,0.0816635936498642,0.0916993170976638,-0.1539716124534607,2025.0,25.140745614775195,67.44358015383283
12545.244783464565,43.13473484000002,0.0736027359962463,0.0639752224087715,-0.0962871983647346,2025.0,24.847535506038582,67.3810574100581
14432.358464566929,36.05430641000001,0.0580231770873069,0.0734590739011764,-0.1198306605219841,2025.0,24.970964026076608,67.14821408841432
8931.413582677165,27.96898010000001,-0.0348382517695426,-0.0333197191357612,0.0501612499356269,2025.0,24.78797720270146,67.2306794314965
13913.779724409447,36.11070374000002,-0.0731237828731536,0.2366957068443298,-0.2441458255052566,2025.0,25.079300849341426,66.9504050628512
15169.690649606298,40.57634687000001,0.0853468477725982,0.0876830741763114,-0.1404265165328979,2025.0,24.883378285874954,66.8752160735704
11794.599606299213,33.70099964000002,-0.0551589876413345,0.1025345176458358,-0.1189817413687706,2025.0,25.079031354756182,66.99217672356276
10178.147834645672,31.33402079000001,-0.0867590084671974,0.0598989874124527,-0.0462416820228099,2025.0,24.73273081272811,67.44223268090664
15929.341240157482,41.400089690000016,0.0619138032197952,0.1432106047868728,-0.2008367627859115,2025.0,25.10463334035359,67.2608628250429
12364.547440944882,34.203448579999986,-0.2106655836105346,0.2925792932510376,-0.2766462862491607,2025.0,24.813848682884103,67.08407437712819
14371.808267716531,40.64299826000001,0.0422255024313926,0.046442687511444,-0.085629865527153,2025.0,24.85696781652184,67.13339188622635
15773.93031496063,41.86323140000002,0.0567959658801555,0.1433694958686828,-0.1913654804229736,2025.0,25.103285867427413,67.28646481064033
13606.858464566929,38.90322608000002,-0.0458603128790855,0.1953027248382568,-0.2192764431238174,2025.0,24.88472575880113,67.21774369140518
18065.734940944887,43.35519713000002,0.0899772122502327,0.0832971110939979,-0.1340002119541168,2025.0,25.084421246460906,67.1457886371472
14788.092716535431,40.742120839999984,0.0357622429728508,0.1337156891822815,-0.1792910248041153,2025.0,25.0130051813734,66.85311751758105
12445.019881889764,41.524847420000015,0.0078630577772855,0.0917004346847534,-0.1151828318834304,2025.0,24.82974886341302,67.29401065902692
13563.2,37.08142142000003,-0.0570202320814132,0.2443735301494598,-0.2553950250148773,2025.0,25.055585325840667,67.39480163390513
10063.273818897636,33.167788520000045,-0.0587669052183628,0.069275714457035,-0.0663583800196647,2025.0,24.810614747861276,67.2013045217058
14648.80531496063,36.91393844000004,0.032038290053606,0.0786961689591407,-0.1181323528289794,2025.0,25.03025283482849,66.89515867287786
17409.644881889766,41.34027434000001,0.0962287858128547,0.0662645772099495,-0.1436734646558761,2025.0,25.1340082501443,67.3810574100581
13791.905708661418,35.218600519999995,-0.1091036275029182,0.2827339768409729,-0.2755482494831085,2025.0,24.859123773203727,67.16815668772178
15442.09468503937,41.032652540000015,0.0674182623624801,0.098041333258152,-0.1536110192537307,2025.0,25.145596517309443,67.19968755419437
16565.407677165353,40.82073530000002,0.0679991319775581,0.1077634766697883,-0.1634797006845474,2025.0,25.130235325951,67.11883917862362
15714.529232283465,39.72013285999998,0.0536386966705322,0.0902397334575653,-0.1382274627685547,2025.0,25.06447864715345,67.10240000892423
13949.385531496062,39.13223341999998,0.0206201691180467,0.0973823070526123,-0.1488845497369766,2025.0,24.84511005477146,67.43172239208245
14403.643897637794,40.90105876999999,0.0456081628799438,0.0989484637975692,-0.1435672342777252,2025.0,24.834599765947264,67.32392455798811
12028.591732283465,42.898891460000016,0.0041175987571477,0.0246575344353914,-0.0557700879871845,2025.0,24.83998965765198,67.33470434139754
15481.514960629922,40.311450320000006,0.0615271367132663,0.0848644077777862,-0.1385167241096496,2025.0,24.89065463967632,67.41743917906494
13352.526279527558,40.54216667,0.0294223651289939,0.0745389610528945,-0.0995797589421272,2025.0,24.83082684175396,67.01454477413733
16586.48838582677,38.60585834000005,0.0579683631658554,0.0919945389032363,-0.1516114473342895,2025.0,25.058280271693025,67.19375867331918
14326.10748031496,39.330478580000005,0.0334516204893589,0.0479963943362236,-0.0855858474969863,2025.0,24.95129092135439,66.98301390766474
14763.683267716537,39.17324966000001,0.0282969586551189,0.1033357828855514,-0.15255007147789,2025.0,24.85562034359566,67.32122961213574
15570.158661417325,42.29731994000002,0.0645361542701721,0.0749220177531242,-0.125746950507164,2025.0,24.942397600041605,67.34629260856268
14306.427362204724,37.836803840000016,-0.0024807415902614,0.0887306109070777,-0.1120100617408752,2025.0,24.84511005477146,67.03421787885955
15818.271358267715,41.68378535,0.0699762850999832,0.1049887537956237,-0.15533447265625,2025.0,25.12754038009864,66.92911499061758
15566.96377952756,38.47255556000002,0.0265449546277523,0.0984197854995727,-0.1439708918333053,2025.0,25.02674940522043,67.135278348323
14184.59566929134,38.01624989000001,0.0174547098577022,0.0402403958141803,-0.0705382451415062,2025.0,24.79875698611089,67.04338069475757
13674.119291338582,41.53510147999998,0.0145784486085176,0.045284166932106,-0.0790355950593948,2025.0,24.89712250972198,66.99352419648895
14329.648818897636,41.14544720000004,0.052816018462181,0.0566486120223999,-0.096925601363182,2025.0,24.773155000513487,67.32742798759617
15110.506102362202,40.49944142000004,0.0734522566199302,0.0803497433662414,-0.128464788198471,2025.0,24.88283929670448,66.88060596527512
14303.846653543304,40.08586100000002,-0.0018156010191887,0.1885687261819839,-0.2148405015468597,2025.0,25.0197425460043,66.99756661526747
11877.989862204726,31.250279300000017,-0.0900100991129875,0.2367332130670547,-0.2368338853120803,2025.0,25.02324597561236,66.97088665132912
16470.31761811024,40.67376044000002,0.0586013831198215,0.1152859777212143,-0.1737750619649887,2025.0,25.016239116396232,67.35410795153452
14055.284645669291,37.99403275999998,-0.0121683282777667,0.1530587971210479,-0.1820812225341797,2025.0,24.87933586709641,67.35815037031306
14677.814665354334,41.05999670000003,-0.0012372598284855,0.2017831206321716,-0.2281323075294494,2025.0,25.073371968466237,67.19429766248966
14197.461811023622,40.34563051999999,0.0758111700415611,0.1027823537588119,-0.1471056491136551,2025.0,25.12942684219529,67.30317347492495
15395.23248031496,40.72503074000002,0.0181490685790777,0.1466753333806991,-0.1777798384428024,2025.0,25.046422509942648,67.14039874544248
14545.641929133855,39.63126434000003,0.0435001961886882,0.1199060305953025,-0.1725881397724151,2025.0,24.869634062027924,67.42175109242872
16184.538582677164,41.30609414000003,0.0737677812576294,0.0894244313240051,-0.1446405500173568,2025.0,25.054237852914486,67.10024405224235
14745.943602362206,39.06900005000006,-0.007017589174211,0.1070126742124557,-0.1346301287412643,2025.0,24.912483701080426,67.05955036987173
16179.512992125989,40.84124342000001,0.0600598864257335,0.107201375067234,-0.1692794561386108,2025.0,24.980665831145096,67.44250217549188
11523.329921259843,38.475973580000016,-0.0131524866446852,0.0692624449729919,-0.0845070406794548,2025.0,24.914370163177075,67.0962016334638
15278.058267716537,42.53658134,0.0712297260761261,0.0897227302193641,-0.1457825750112533,2025.0,25.116760596689204,67.0819184204463
14147.654724409447,40.34904854000001,0.0379823744297027,0.0478894896805286,-0.0828446000814437,2025.0,24.86020175154467,66.98786481019899
14897.510039370078,40.05338981000003,-0.0099270734935998,0.216594398021698,-0.2394525557756424,2025.0,25.038068177800334,67.32042112838003
15100.490846456694,42.86983829000002,0.0574183277785778,0.0750615745782852,-0.1286341100931167,2025.0,25.056932798766844,67.33120091178947
13079.206889763778,41.27191393999999,0.0399840734899044,0.0798068940639495,-0.1184469014406204,2025.0,24.8100757586908,67.3840218504957
14940.11190944882,40.55412974000001,-0.0190346613526344,0.1882127821445465,-0.2240232676267624,2025.0,24.932156805802645,67.18944675995542
15033.944094488188,42.30073795999999,0.0591666251420974,0.1270257085561752,-0.1827078908681869,2025.0,24.987942184946466,67.3449451356365
15455.217224409447,40.90276778000003,0.0682317838072776,0.1130886226892471,-0.1722664088010788,2025.0,24.9310788274617,67.36057582158018
14069.606496062992,37.964979589999984,0.0153621733188629,0.1676395088434219,-0.2008275389671325,2025.0,25.106250307865007,66.99136823980706
17363.367322834645,41.767526840000016,0.062804564833641,0.0552270002663135,-0.1170943081378936,2025.0,25.03860716697081,67.16492275269894
13013.971653543307,37.11218359999998,-0.0691306069493293,0.2232747822999954,-0.2277949601411819,2025.0,25.127270885513404,67.0029565069722
9542.19655511811,28.092028820000024,-0.0368036963045597,-0.0748467668890953,0.087223581969738,2025.0,24.74701402574561,67.25789838460531
14751.894881889762,40.436208050000005,0.0350721962749958,0.086907647550106,-0.1163398921489715,2025.0,24.83783370097009,67.11398827608937
14343.479527559051,39.23477402000003,0.0425645485520362,0.0633669272065162,-0.1025868505239486,2025.0,24.86666962159033,66.91941318554908
14784.14783464567,41.295840080000005,0.0361537225544452,0.1249802261590957,-0.1752597987651825,2025.0,25.087655181483733,67.0886557850772
12863.950984251967,37.74280829,-0.0701337680220604,0.2048298120498657,-0.1989170908927917,2025.0,24.89281059635821,67.00834639867692
14828.145866141733,38.035049000000015,0.0260045174509286,0.130460724234581,-0.1759897619485855,2025.0,24.855889838180897,67.29670560487928
16022.01348425197,39.6415184,0.0762555599212646,0.0835368633270263,-0.1473002582788467,2025.0,24.85427287066948,67.37458954001244
13623.852559055118,39.50479760000002,-0.056450217962265,0.1689497679471969,-0.1791554391384124,2025.0,24.88364778046019,67.09323719302621
14435.701968503938,40.16789348,0.0240777004510164,0.1252291947603225,-0.1724998503923416,2025.0,24.86208821364132,67.2764935109866
16188.005118110235,40.91473085000004,0.0816558375954628,0.0761764496564865,-0.1265028566122055,2025.0,25.044536047845995,67.41851715740589
16287.383562992129,42.64595798000002,0.0655559450387954,0.0833719670772552,-0.1388175040483474,2025.0,24.89846998264816,67.35976733782447
16775.544488188978,39.94743119000003,0.0982846096158027,0.0673649683594703,-0.1254287958145141,2025.0,24.88256980211925,66.89515867287786
11776.66751968504,32.05693201999998,-0.2102571576833725,0.2891904413700104,-0.266812264919281,2025.0,24.74054615569995,67.4201341249173
17229.557283464568,40.000410500000015,0.0528542920947074,0.0770505964756012,-0.1380442827939987,2025.0,24.95829778057052,67.14039874544248
16163.262992125989,42.17768924000001,0.072693832218647,0.0994861349463462,-0.1595994383096695,2025.0,25.118647058785857,67.10994585731083
15690.536122047244,40.12858625000001,0.0455503463745117,0.1010594740509986,-0.1567496359348297,2025.0,24.904668358108587,67.31071932331155
16608.994291338582,41.83930526000006,0.0725744143128395,0.075575403869152,-0.1377088576555252,2025.0,25.08334326811996,67.3096413449706
16181.081397637798,41.52997445000005,0.0756492987275123,0.0986799597740173,-0.1578910201787948,2025.0,25.04399705867552,67.35761138114259
14242.96279527559,39.77823920000003,0.0481933876872062,0.0385801941156387,-0.074854739010334,2025.0,24.891732618017265,67.17139062274461
14740.688681102363,41.71967455999999,0.0872996151447296,0.098582774400711,-0.1548392623662948,2025.0,24.924341462830803,66.89111625409932
9006.317618110235,27.01364351000004,-0.023721657693386,-0.0440803319215774,0.0700558423995971,2025.0,24.775310957195376,67.41097130901929
15908.575984251967,39.15615956000005,0.0283706132322549,0.0851689353585243,-0.1392772048711776,2025.0,25.069868538858167,67.35060452192646
13784.81220472441,37.918836320000025,0.0287800002843141,0.0839331522583961,-0.1260530650615692,2025.0,24.90898027147236,67.32635000925522
15791.203937007876,40.92498491000004,0.037339761853218,0.1134706065058708,-0.1635635495185852,2025.0,24.93754669750736,67.19375867331918
15270.966732283465,40.74895688000001,0.1005854308605194,0.0897818356752395,-0.143109530210495,2025.0,25.106250307865007,67.44627509968518
13466.31811023622,35.01351932,-0.0833967626094818,0.2353724688291549,-0.2270528376102447,2025.0,25.086307708557552,66.96603574879488
15122.116338582677,41.41547078000002,0.0666366517543792,0.1157165318727493,-0.1655255407094955,2025.0,24.935660235410708,67.44789206719659
13969.765944881889,39.06387302000002,-0.0099687641486525,0.0995388999581337,-0.1187014579772949,2025.0,24.85103893564665,67.0293669763253
15258.478543307088,38.920316180000015,0.0337320379912853,0.0638398379087448,-0.0985184237360954,2025.0,24.91841258195561,67.14713611007338
13218.398818897636,39.42618314000004,0.0373790115118026,0.1231889426708221,-0.1598716676235199,2025.0,24.81789110166264,67.40746787941121
17150.329921259847,39.836345540000025,0.0848511755466461,0.0771671086549758,-0.1399695128202438,2025.0,25.13966763643425,67.43306986500862
11717.346653543304,35.64927104000003,0.0617949664592742,0.0902442410588264,-0.1245636716485023,2025.0,25.1197250371268,66.86524477391667
13100.64192913386,40.55071171999998,0.0138302855193614,0.0380271933972835,-0.06509430706501,2025.0,24.846188033112405,66.97789351054526
14817.409645669291,40.60540004000004,0.0511428788304328,0.1337150037288665,-0.1819361448287964,2025.0,25.024323953953303,67.40315596604745
12838.605511811022,36.312366920000045,-0.1292712241411209,0.2904078066349029,-0.2828369736671448,2025.0,25.060975217545383,66.97492907010766
16536.80974409449,43.89695330000004,0.0711284056305885,0.0808632895350456,-0.1374309659004211,2025.0,25.058280271693025,67.08946426883291
14229.069094488188,39.491125520000026,-0.0160430707037448,0.1419962644577026,-0.1757528036832809,2025.0,24.987942184946466,67.19429766248966
12628.37716535433,37.15661785999998,0.008360443636775,0.0413337983191013,-0.0761222243309021,2025.0,24.781778827241038,67.44277167007712
15981.803346456694,41.31634819999999,0.0520793162286281,0.0901895314455032,-0.1411406099796295,2025.0,25.083073773534725,67.32850596593711
15234.299901574805,39.07754510000001,0.0469512194395065,0.0920608788728714,-0.1478404253721237,2025.0,24.921646516978445,67.39668809600178
14758.803838582677,41.30609414,0.0347932465374469,0.0455355308949947,-0.0832742601633071,2025.0,24.91167521732472,67.01104134452927
15531.714763779528,42.97408790000003,0.0713631734251976,0.08021030575037,-0.1388333886861801,2025.0,25.12673189634293,67.09188972010003
16239.200492125983,40.656670340000005,0.0630426257848739,0.0934284552931785,-0.1477458029985427,2025.0,25.01057973010628,67.35222148943787
13867.117322834643,39.022856779999984,-0.0982855483889579,0.2707334160804748,-0.2675666213035583,2025.0,24.9596452534967,67.26625271674763
16701.13011811024,41.97944408000001,0.0665748715400695,0.0718788728117942,-0.1334777176380157,2025.0,25.11703009127444,67.36434874577348
16346.517913385827,42.20503340000005,0.0655853450298309,0.0717241019010543,-0.1348579972982406,2025.0,25.10948424288784,67.33874676017608
13455.011023622046,37.21472419999998,0.1081145405769348,0.1066147834062576,-0.1524803936481475,2025.0,25.138859152678545,66.88249242737177
15384.234448818896,39.80729237,0.0296483226120471,0.0773036628961563,-0.1142041161656379,2025.0,25.018664567663357,67.11856968403838
15221.96673228346,40.17472952000003,0.0479787699878215,0.0987643226981163,-0.1534889340400695,2025.0,24.95263839428057,67.37000813206343
17028.791535433073,39.45352730000002,0.0663227513432502,0.0684111565351486,-0.1313102841377258,2025.0,24.917873592785146,67.11210181399272
16130.00511811024,42.09565676,0.0487233474850654,0.0538499318063259,-0.1070046424865722,2025.0,25.0340257590218,67.3276974821814
11188.828937007876,35.37582944000002,-0.0223555993288755,0.1357101500034332,-0.1384972333908081,2025.0,25.04372756409029,66.95148304119215
14346.67440944882,40.86516956000003,0.0750620365142822,0.0933108106255531,-0.1390591710805893,2025.0,24.87960536168165,66.94609314948744
15769.749212598424,41.35223740999999,0.0513765849173069,0.0876196473836898,-0.1362941861152649,2025.0,25.03052232941373,67.18809928702923
14771.166043307088,38.26918337000001,0.0115388995036482,0.0913921669125557,-0.1258803308010101,2025.0,24.87583243748835,66.91348430467389
14928.51840551181,41.456487020000026,0.0516714975237846,0.0604928061366081,-0.1033020615577697,2025.0,25.1054418241093,67.31476174209008
17325.509055118113,43.51413506000006,0.0774636194109916,0.0877742916345596,-0.1435676217079162,2025.0,25.04696149911312,67.17462455776744
14162.458858267712,39.04336490000003,0.1054057329893112,0.1026682332158088,-0.1450437009334564,2025.0,25.14909994691751,67.43091390832674
13357.33779527559,41.007017390000016,0.0462897047400474,0.0642322823405265,-0.1050146371126174,2025.0,25.00411186006062,66.98490036976139
16317.51496062992,40.37297468000003,0.0473405942320823,0.1068527027964592,-0.1619613617658615,2025.0,25.003572870890142,67.19456715707489
12845.838287401572,38.739161120000006,0.0164848994463682,0.0687431693077087,-0.0952755287289619,2025.0,24.84915247355,66.99810560443795
16150.873720472444,37.88636513,0.0955694168806076,0.0676020234823226,-0.1224609911441803,2025.0,24.881222329193065,66.8714431493771
13736.999212598426,42.25630369999999,0.0503833517432212,0.0933528020977974,-0.1404073536396026,2025.0,24.86235770822656,67.40288647146221
14830.773818897638,43.192841180000016,0.0686491951346397,0.1055608540773391,-0.1556319296360016,2025.0,25.11514362917779,67.0789539800087
12810.215748031496,41.42743385,0.0049557317979633,0.0546077825129032,-0.0787347704172134,2025.0,24.892541101772974,66.97951047805668
14511.933267716537,39.723550880000005,0.0281432140618562,0.0474792867898941,-0.0849166586995124,2025.0,24.948865470087267,67.135278348323
16399.63405511811,43.175751080000055,0.0584177300333976,0.0725251138210296,-0.1338345855474472,2025.0,25.03645121028892,67.32796697676665
